transactionId,indicator
tx-1-C1305486145-C553264065,FraudTransaction
tx-1-C1305486145-C553264065,ZeroedOriginBalance
tx-1-C840083671-C38997010,FraudTransaction
tx-1-C840083671-C38997010,ZeroedOriginBalance
tx-1-C1420196421-C972765878,FraudTransaction
tx-1-C1420196421-C972765878,ZeroedOriginBalance
tx-1-C2101527076-C1007251739,FraudTransaction
tx-1-C2101527076-C1007251739,ZeroedOriginBalance
tx-1-C137533655-C1848415041,FraudTransaction
tx-1-C137533655-C1848415041,ZeroedOriginBalance
tx-1-C1118430673-C339924917,FraudTransaction
tx-1-C1118430673-C339924917,ZeroedOriginBalance
tx-1-C749981943-C667346055,FraudTransaction
tx-1-C1334405552-C431687661,FraudTransaction
tx-1-C1334405552-C431687661,HighAmountTransfer
tx-1-C1334405552-C431687661,ZeroedOriginBalance
tx-1-C467632528-C716083600,FraudTransaction
tx-1-C467632528-C716083600,HighAmountTransfer
tx-1-C467632528-C716083600,ZeroedOriginBalance
tx-1-C1364127192-C1136419747,FraudTransaction
tx-1-C1364127192-C1136419747,ZeroedOriginBalance
tx-1-C1635772897-C1983025922,FraudTransaction
tx-1-C1635772897-C1983025922,ZeroedOriginBalance
tx-1-C669700766-C1384210339,FraudTransaction
tx-1-C669700766-C1384210339,ZeroedOriginBalance
tx-1-C1275464847-C1364913072,FraudTransaction
tx-1-C1275464847-C1364913072,ZeroedOriginBalance
tx-1-C13692003-C297927961,FraudTransaction
tx-1-C13692003-C297927961,ZeroedOriginBalance
tx-1-C1872047468-C116289363,FraudTransaction
tx-1-C1872047468-C116289363,ZeroedOriginBalance
tx-1-C1499825229-C2100440237,FraudTransaction
tx-1-C1499825229-C2100440237,ZeroedOriginBalance
tx-2-C1093223281-C2063275841,FraudTransaction
tx-2-C1093223281-C2063275841,HighAmountTransfer
tx-2-C1093223281-C2063275841,ZeroedOriginBalance
tx-2-C77163673-C644345897,FraudTransaction
tx-2-C77163673-C644345897,HighAmountTransfer
tx-2-C77163673-C644345897,ZeroedOriginBalance
tx-2-C1440057381-C268086000,FraudTransaction
tx-2-C1440057381-C268086000,ZeroedOriginBalance
tx-2-C430329518-C991505714,FraudTransaction
tx-2-C430329518-C991505714,ZeroedOriginBalance
tx-2-C140702728-C634210724,FraudTransaction
tx-2-C140702728-C634210724,ZeroedOriginBalance
tx-2-C395257482-C1032986144,FraudTransaction
tx-2-C395257482-C1032986144,ZeroedOriginBalance
tx-2-C1375503918-C234430897,FraudTransaction
tx-2-C1375503918-C234430897,ZeroedOriginBalance
tx-2-C175961135-C1711105800,FraudTransaction
tx-2-C175961135-C1711105800,ZeroedOriginBalance
tx-3-C1134864869-C118648358,FraudTransaction
tx-3-C1134864869-C118648358,ZeroedOriginBalance
tx-3-C1984954272-C124540047,FraudTransaction
tx-3-C1984954272-C124540047,ZeroedOriginBalance
tx-3-C1247938090-C1002031672,FraudTransaction
tx-3-C1247938090-C1002031672,ZeroedOriginBalance
tx-3-C2126545173-C573200870,FraudTransaction
tx-3-C2126545173-C573200870,ZeroedOriginBalance
tx-4-C7162498-C945327594,FraudTransaction
tx-4-C7162498-C945327594,HighAmountTransfer
tx-4-C351297720-C766681183,FraudTransaction
tx-4-C351297720-C766681183,HighAmountTransfer
tx-4-C351297720-C766681183,ZeroedOriginBalance
tx-4-C2047521920-C449261773,FraudTransaction
tx-4-C2047521920-C449261773,HighAmountTransfer
tx-4-C2047521920-C449261773,ZeroedOriginBalance
tx-4-C2044690596-C932583850,FraudTransaction
tx-4-C2044690596-C932583850,HighAmountTransfer
tx-4-C2044690596-C932583850,ZeroedOriginBalance
tx-4-C540962910-C2127862399,FraudTransaction
tx-4-C540962910-C2127862399,ZeroedOriginBalance
tx-4-C2026325575-C1394526584,FraudTransaction
tx-4-C2026325575-C1394526584,ZeroedOriginBalance
tx-4-C17222024-C410033330,FraudTransaction
tx-4-C17222024-C410033330,ZeroedOriginBalance
tx-4-C17222024-C410033330,RepeatedFraudDestination
tx-4-C556223230-C2094777811,FraudTransaction
tx-4-C556223230-C2094777811,ZeroedOriginBalance
tx-4-C1844941220-C1191544932,FraudTransaction
tx-4-C1844941220-C1191544932,ZeroedOriginBalance
tx-4-C1699873763-C560041895,FraudTransaction
tx-4-C1699873763-C560041895,ZeroedOriginBalance
tx-5-C1409933277-C162114152,FraudTransaction
tx-5-C1409933277-C162114152,ZeroedOriginBalance
tx-5-C1174000532-C410033330,FraudTransaction
tx-5-C1174000532-C410033330,ZeroedOriginBalance
tx-5-C1174000532-C410033330,RepeatedFraudDestination
tx-5-C383882703-C1807010830,FraudTransaction
tx-5-C383882703-C1807010830,ZeroedOriginBalance
tx-5-C840095827-C803116137,FraudTransaction
tx-5-C840095827-C803116137,ZeroedOriginBalance
tx-5-C840095827-C803116137,RepeatedFraudDestination
tx-5-C1775746074-C746009679,FraudTransaction
tx-5-C1775746074-C746009679,ZeroedOriginBalance
tx-5-C213063852-C922511709,FraudTransaction
tx-5-C213063852-C922511709,ZeroedOriginBalance
tx-6-C2025652936-C1662235713,FraudTransaction
tx-6-C2025652936-C1662235713,ZeroedOriginBalance
tx-6-C685428529-C1626759869,FraudTransaction
tx-6-C685428529-C1626759869,ZeroedOriginBalance
tx-6-C864622150-C41792607,FraudTransaction
tx-6-C864622150-C41792607,ZeroedOriginBalance
tx-6-C1004271827-C451934410,FraudTransaction
tx-6-C1004271827-C451934410,ZeroedOriginBalance
tx-6-C457596841-C1956477953,FraudTransaction
tx-6-C457596841-C1956477953,ZeroedOriginBalance
tx-6-C682812632-C256417920,FraudTransaction
tx-6-C682812632-C256417920,ZeroedOriginBalance
tx-6-C903383636-C904300960,FraudTransaction
tx-6-C903383636-C904300960,ZeroedOriginBalance
tx-6-C903383636-C904300960,RepeatedFraudDestination
tx-6-C1813769162-C1249547869,FraudTransaction
tx-6-C1813769162-C1249547869,ZeroedOriginBalance
tx-6-C666642000-C1315078366,FraudTransaction
tx-6-C666642000-C1315078366,ZeroedOriginBalance
tx-6-C1547714604-C7881234,FraudTransaction
tx-6-C1547714604-C7881234,ZeroedOriginBalance
tx-6-C788790720-C1589547066,FraudTransaction
tx-6-C788790720-C1589547066,ZeroedOriginBalance
tx-6-C436661284-C522173599,FraudTransaction
tx-6-C436661284-C522173599,ZeroedOriginBalance
tx-6-C1034673425-C1379589736,FraudTransaction
tx-6-C1034673425-C1379589736,ZeroedOriginBalance
tx-6-C1484518113-C978609035,FraudTransaction
tx-6-C1484518113-C978609035,ZeroedOriginBalance
tx-6-C777407608-C1790657739,FraudTransaction
tx-6-C777407608-C1790657739,ZeroedOriginBalance
tx-6-C1191732945-C418964192,FraudTransaction
tx-6-C1191732945-C418964192,ZeroedOriginBalance
tx-6-C365589282-C908043384,FraudTransaction
tx-6-C365589282-C908043384,ZeroedOriginBalance
tx-6-C1284098442-C801412408,FraudTransaction
tx-6-C1284098442-C801412408,ZeroedOriginBalance
tx-6-C558400671-C527482085,FraudTransaction
tx-6-C558400671-C527482085,ZeroedOriginBalance
tx-6-C158801009-C382431057,FraudTransaction
tx-6-C158801009-C382431057,ZeroedOriginBalance
tx-6-C1735554279-C12793273,FraudTransaction
tx-6-C1735554279-C12793273,ZeroedOriginBalance
tx-6-C1421965867-C1438594533,FraudTransaction
tx-6-C1421965867-C1438594533,ZeroedOriginBalance
tx-7-C2101686389-C612008977,FraudTransaction
tx-7-C2101686389-C612008977,ZeroedOriginBalance
tx-7-C383717053-C380242442,FraudTransaction
tx-7-C383717053-C380242442,ZeroedOriginBalance
tx-7-C1686905633-C824421402,FraudTransaction
tx-7-C1686905633-C824421402,ZeroedOriginBalance
tx-7-C693427358-C1101441872,FraudTransaction
tx-7-C693427358-C1101441872,ZeroedOriginBalance
tx-7-C666654362-C1726301214,FraudTransaction
tx-7-C666654362-C1726301214,HighAmountTransfer
tx-7-C666654362-C1726301214,ZeroedOriginBalance
tx-7-C1588880909-C1570256460,FraudTransaction
tx-7-C1588880909-C1570256460,HighAmountTransfer
tx-7-C1588880909-C1570256460,ZeroedOriginBalance
tx-7-C1455969984-C2119910556,FraudTransaction
tx-7-C1455969984-C2119910556,ZeroedOriginBalance
tx-7-C1173659886-C1769947269,FraudTransaction
tx-7-C1173659886-C1769947269,ZeroedOriginBalance
tx-7-C786114805-C1666314150,FraudTransaction
tx-7-C786114805-C1666314150,ZeroedOriginBalance
tx-7-C452475723-C2089016471,FraudTransaction
tx-7-C452475723-C2089016471,ZeroedOriginBalance
tx-7-C1023505879-C847761155,FraudTransaction
tx-7-C1023505879-C847761155,ZeroedOriginBalance
tx-7-C398085606-C2072030256,FraudTransaction
tx-7-C398085606-C2072030256,ZeroedOriginBalance
tx-8-C2102265902-C789014007,FraudTransaction
tx-8-C1961506277-C378841819,FraudTransaction
tx-8-C1961506277-C378841819,ZeroedOriginBalance
tx-8-C1737727444-C588779235,FraudTransaction
tx-8-C1737727444-C588779235,ZeroedOriginBalance
tx-8-C1198040187-C1828047633,FraudTransaction
tx-8-C1198040187-C1828047633,ZeroedOriginBalance
tx-8-C858959216-C864078397,FraudTransaction
tx-8-C858959216-C864078397,ZeroedOriginBalance
tx-8-C1026280121-C277510102,FraudTransaction
tx-8-C1026280121-C277510102,HighAmountTransfer
tx-8-C74534388-C1748042844,FraudTransaction
tx-8-C74534388-C1748042844,ZeroedOriginBalance
tx-8-C1938531779-C2048578791,FraudTransaction
tx-8-C1938531779-C2048578791,ZeroedOriginBalance
tx-8-C1825456600-C570409417,FraudTransaction
tx-8-C1825456600-C570409417,ZeroedOriginBalance
tx-8-C515973302-C170071280,FraudTransaction
tx-8-C515973302-C170071280,ZeroedOriginBalance
tx-8-C1683174795-C427998326,FraudTransaction
tx-8-C1683174795-C427998326,ZeroedOriginBalance
tx-8-C1395071924-C79685693,FraudTransaction
tx-8-C1395071924-C79685693,ZeroedOriginBalance
tx-9-C1769581889-C217441120,FraudTransaction
tx-9-C1769581889-C217441120,ZeroedOriginBalance
tx-9-C589143360-C1992550266,FraudTransaction
tx-9-C589143360-C1992550266,ZeroedOriginBalance
tx-9-C299933576-C1060999444,FraudTransaction
tx-9-C299933576-C1060999444,ZeroedOriginBalance
tx-9-C921533797-C424669538,FraudTransaction
tx-9-C921533797-C424669538,ZeroedOriginBalance
tx-9-C1452168793-C399194578,FraudTransaction
tx-9-C1452168793-C399194578,ZeroedOriginBalance
tx-9-C58527359-C582901057,FraudTransaction
tx-9-C58527359-C582901057,ZeroedOriginBalance
tx-9-C394488466-C575638324,FraudTransaction
tx-9-C394488466-C575638324,HighAmountTransfer
tx-9-C394488466-C575638324,ZeroedOriginBalance
tx-9-C728718059-C1013511446,FraudTransaction
tx-9-C728718059-C1013511446,HighAmountTransfer
tx-9-C728718059-C1013511446,ZeroedOriginBalance
tx-9-C728718059-C1013511446,RepeatedFraudDestination
tx-9-C1287719145-C352239275,FraudTransaction
tx-9-C1287719145-C352239275,ZeroedOriginBalance
tx-9-C684758020-C1769042905,FraudTransaction
tx-9-C684758020-C1769042905,ZeroedOriginBalance
tx-9-C670587931-C150406565,FraudTransaction
tx-9-C670587931-C150406565,HighAmountTransfer
tx-9-C670587931-C150406565,ZeroedOriginBalance
tx-9-C1034219836-C1195589213,FraudTransaction
tx-9-C1034219836-C1195589213,HighAmountTransfer
tx-9-C1034219836-C1195589213,ZeroedOriginBalance
tx-9-C102617052-C760675871,FraudTransaction
tx-9-C102617052-C760675871,ZeroedOriginBalance
tx-9-C1499032143-C1508330669,FraudTransaction
tx-9-C1499032143-C1508330669,ZeroedOriginBalance
tx-9-C1121789613-C254839817,FraudTransaction
tx-9-C666486325-C279565067,FraudTransaction
tx-9-C666486325-C279565067,ZeroedOriginBalance
tx-9-C1764109750-C1522743169,FraudTransaction
tx-9-C1764109750-C1522743169,ZeroedOriginBalance
tx-9-C1087133093-C1855553543,FraudTransaction
tx-9-C1087133093-C1855553543,ZeroedOriginBalance
tx-9-C507466068-C706331499,FraudTransaction
tx-9-C507466068-C706331499,ZeroedOriginBalance
tx-10-C1568400442-C1262169546,FraudTransaction
tx-10-C1568400442-C1262169546,ZeroedOriginBalance
tx-10-C1020461364-C2144015041,FraudTransaction
tx-10-C1020461364-C2144015041,ZeroedOriginBalance
tx-10-C489647033-C571514738,FraudTransaction
tx-10-C481501970-C1262577882,FraudTransaction
tx-10-C481501970-C1262577882,ZeroedOriginBalance
tx-10-C1190429229-C2104652067,FraudTransaction
tx-10-C1190429229-C2104652067,ZeroedOriginBalance
tx-10-C1446009472-C2010733400,FraudTransaction
tx-10-C1446009472-C2010733400,ZeroedOriginBalance
tx-10-C140359285-C2020337583,FraudTransaction
tx-10-C140359285-C2020337583,ZeroedOriginBalance
tx-10-C140359285-C2020337583,RepeatedFraudDestination
tx-10-C1182702586-C2143409210,FraudTransaction
tx-10-C1182702586-C2143409210,HighAmountTransfer
tx-10-C1182702586-C2143409210,ZeroedOriginBalance
tx-10-C813115168-C401825929,FraudTransaction
tx-10-C813115168-C401825929,HighAmountTransfer
tx-10-C813115168-C401825929,ZeroedOriginBalance
tx-10-C184586799-C812377986,FraudTransaction
tx-10-C184586799-C812377986,ZeroedOriginBalance
tx-10-C1105700111-C1767952032,FraudTransaction
tx-10-C1105700111-C1767952032,ZeroedOriginBalance
tx-11-C785601242-C1576053316,FraudTransaction
tx-11-C785601242-C1576053316,ZeroedOriginBalance
tx-11-C169099320-C697156329,FraudTransaction
tx-11-C169099320-C697156329,ZeroedOriginBalance
tx-11-C1706582969-C461905695,FraudTransaction
tx-11-C1706582969-C461905695,HighAmountTransfer
tx-11-C711446907-C888769567,FraudTransaction
tx-11-C711446907-C888769567,ZeroedOriginBalance
tx-11-C2021456831-C157591472,FraudTransaction
tx-11-C2021456831-C157591472,ZeroedOriginBalance
tx-11-C2079232448-C585834595,FraudTransaction
tx-11-C2079232448-C585834595,ZeroedOriginBalance
tx-11-C938980312-C621014131,FraudTransaction
tx-11-C938980312-C621014131,ZeroedOriginBalance
tx-12-C1101705841-C925285469,FraudTransaction
tx-12-C1101705841-C925285469,ZeroedOriginBalance
tx-12-C1205151454-C664770316,FraudTransaction
tx-12-C1205151454-C664770316,ZeroedOriginBalance
tx-12-C576568419-C1571546632,FraudTransaction
tx-12-C576568419-C1571546632,HighAmountTransfer
tx-12-C576568419-C1571546632,ZeroedOriginBalance
tx-12-C1098250442-C1140712423,FraudTransaction
tx-12-C1098250442-C1140712423,HighAmountTransfer
tx-12-C1098250442-C1140712423,ZeroedOriginBalance
tx-12-C345293642-C937194908,FraudTransaction
tx-12-C345293642-C937194908,HighAmountTransfer
tx-12-C345293642-C937194908,ZeroedOriginBalance
tx-12-C169939918-C1673501963,FraudTransaction
tx-12-C169939918-C1673501963,HighAmountTransfer
tx-12-C169939918-C1673501963,ZeroedOriginBalance
tx-12-C1223631235-C1281019843,FraudTransaction
tx-12-C1223631235-C1281019843,HighAmountTransfer
tx-12-C1223631235-C1281019843,ZeroedOriginBalance
tx-12-C684252268-C2027569559,FraudTransaction
tx-12-C684252268-C2027569559,HighAmountTransfer
tx-12-C684252268-C2027569559,ZeroedOriginBalance
tx-12-C227115333-C460735540,FraudTransaction
tx-12-C439464764-C562360384,FraudTransaction
tx-12-C439464764-C562360384,ZeroedOriginBalance
tx-12-C1331829443-C127509847,FraudTransaction
tx-12-C1331829443-C127509847,ZeroedOriginBalance
tx-12-C265790428-C1700442291,FraudTransaction
tx-12-C288028999-C184294001,FraudTransaction
tx-12-C288028999-C184294001,ZeroedOriginBalance
tx-12-C343345083-C200064275,FraudTransaction
tx-12-C343345083-C200064275,ZeroedOriginBalance
tx-12-C343345083-C200064275,RepeatedFraudDestination
tx-13-C2021466585-C1864486913,FraudTransaction
tx-13-C2021466585-C1864486913,ZeroedOriginBalance
tx-13-C1894004688-C1293978242,FraudTransaction
tx-13-C1894004688-C1293978242,ZeroedOriginBalance
tx-13-C920803432-C1767389067,FraudTransaction
tx-13-C920803432-C1767389067,ZeroedOriginBalance
tx-13-C1894578299-C590035788,FraudTransaction
tx-13-C1894578299-C590035788,ZeroedOriginBalance
tx-13-C735463888-C1548348754,FraudTransaction
tx-13-C735463888-C1548348754,HighAmountTransfer
tx-13-C735463888-C1548348754,ZeroedOriginBalance
tx-13-C79951219-C1499489682,FraudTransaction
tx-13-C79951219-C1499489682,HighAmountTransfer
tx-13-C79951219-C1499489682,ZeroedOriginBalance
tx-13-C1274887619-C2146670328,FraudTransaction
tx-13-C1864459372-C537531657,FraudTransaction
tx-13-C1864459372-C537531657,HighAmountTransfer
tx-13-C1864459372-C537531657,ZeroedOriginBalance
tx-13-C165094398-C1966002811,FraudTransaction
tx-13-C165094398-C1966002811,HighAmountTransfer
tx-13-C165094398-C1966002811,ZeroedOriginBalance
tx-13-C364029634-C2041291172,FraudTransaction
tx-13-C364029634-C2041291172,HighAmountTransfer
tx-13-C364029634-C2041291172,ZeroedOriginBalance
tx-13-C901331326-C1662761228,FraudTransaction
tx-13-C901331326-C1662761228,HighAmountTransfer
tx-13-C901331326-C1662761228,ZeroedOriginBalance
tx-13-C135832352-C2009346140,FraudTransaction
tx-13-C135832352-C2009346140,HighAmountTransfer
tx-13-C135832352-C2009346140,ZeroedOriginBalance
tx-13-C686187434-C1562904239,FraudTransaction
tx-13-C686187434-C1562904239,HighAmountTransfer
tx-13-C686187434-C1562904239,ZeroedOriginBalance
tx-13-C2143112877-C1755380031,FraudTransaction
tx-13-C2143112877-C1755380031,ZeroedOriginBalance
tx-14-C1374377088-C207611232,FraudTransaction
tx-14-C1374377088-C207611232,HighAmountTransfer
tx-14-C1374377088-C207611232,ZeroedOriginBalance
tx-14-C1440901488-C166839225,FraudTransaction
tx-14-C1440901488-C166839225,HighAmountTransfer
tx-14-C1440901488-C166839225,ZeroedOriginBalance
tx-14-C1960144830-C801162238,FraudTransaction
tx-14-C1960144830-C801162238,ZeroedOriginBalance
tx-14-C465166521-C487776685,FraudTransaction
tx-14-C465166521-C487776685,ZeroedOriginBalance
tx-14-C2081788795-C2138456206,FraudTransaction
tx-14-C2081788795-C2138456206,HighAmountTransfer
tx-14-C2081788795-C2138456206,ZeroedOriginBalance
tx-14-C2010427735-C1887744176,FraudTransaction
tx-14-C2010427735-C1887744176,HighAmountTransfer
tx-14-C2010427735-C1887744176,ZeroedOriginBalance
tx-14-C439830884-C1133002328,FraudTransaction
tx-14-C439830884-C1133002328,HighAmountTransfer
tx-14-C439830884-C1133002328,ZeroedOriginBalance
tx-14-C803703656-C858007309,FraudTransaction
tx-14-C803703656-C858007309,HighAmountTransfer
tx-14-C803703656-C858007309,ZeroedOriginBalance
tx-14-C736093511-C1224081716,FraudTransaction
tx-14-C736093511-C1224081716,HighAmountTransfer
tx-14-C736093511-C1224081716,ZeroedOriginBalance
tx-14-C15204463-C1255502452,FraudTransaction
tx-14-C15204463-C1255502452,HighAmountTransfer
tx-14-C15204463-C1255502452,ZeroedOriginBalance
tx-14-C236875489-C528705657,FraudTransaction
tx-14-C236875489-C528705657,ZeroedOriginBalance
tx-14-C1137669976-C1526507740,FraudTransaction
tx-14-C1137669976-C1526507740,ZeroedOriginBalance
tx-15-C968403759-C1524019269,FraudTransaction
tx-15-C968403759-C1524019269,ZeroedOriginBalance
tx-15-C725915377-C1656726101,FraudTransaction
tx-15-C725915377-C1656726101,ZeroedOriginBalance
tx-15-C1995557473-C1480876722,FraudTransaction
tx-15-C1995557473-C1480876722,ZeroedOriginBalance
tx-15-C1584512618-C2102058838,FraudTransaction
tx-15-C1584512618-C2102058838,ZeroedOriginBalance
tx-15-C1012580160-C540657255,FraudTransaction
tx-15-C1012580160-C540657255,ZeroedOriginBalance
tx-15-C905234452-C786510892,FraudTransaction
tx-15-C905234452-C786510892,ZeroedOriginBalance
tx-15-C1474711983-C1009564356,FraudTransaction
tx-15-C1474711983-C1009564356,ZeroedOriginBalance
tx-15-C1055229266-C1689170857,FraudTransaction
tx-15-C1055229266-C1689170857,ZeroedOriginBalance
tx-15-C1761347420-C383804904,FraudTransaction
tx-15-C1761347420-C383804904,ZeroedOriginBalance
tx-15-C1689700172-C149696600,FraudTransaction
tx-15-C1689700172-C149696600,ZeroedOriginBalance
tx-15-C378910639-C1881567873,FraudTransaction
tx-15-C378910639-C1881567873,ZeroedOriginBalance
tx-15-C1970843703-C597280894,FraudTransaction
tx-15-C1970843703-C597280894,ZeroedOriginBalance
tx-15-C947728507-C1720721903,FraudTransaction
tx-15-C1404885898-C1795377601,FraudTransaction
tx-15-C553034695-C26381896,FraudTransaction
tx-15-C553034695-C26381896,ZeroedOriginBalance
tx-15-C1065370362-C200064275,FraudTransaction
tx-15-C1065370362-C200064275,ZeroedOriginBalance
tx-15-C1065370362-C200064275,RepeatedFraudDestination
tx-15-C1695793096-C849010584,FraudTransaction
tx-15-C1695793096-C849010584,ZeroedOriginBalance
tx-15-C842684426-C2025644484,FraudTransaction
tx-15-C842684426-C2025644484,ZeroedOriginBalance
tx-15-C1275373422-C1704707395,FraudTransaction
tx-15-C1275373422-C1704707395,ZeroedOriginBalance
tx-15-C1765315298-C721356209,FraudTransaction
tx-15-C1765315298-C721356209,ZeroedOriginBalance
tx-16-C752563135-C247007952,FraudTransaction
tx-16-C752563135-C247007952,HighAmountTransfer
tx-16-C752563135-C247007952,ZeroedOriginBalance
tx-16-C705981026-C697783649,FraudTransaction
tx-16-C705981026-C697783649,HighAmountTransfer
tx-16-C705981026-C697783649,ZeroedOriginBalance
tx-16-C1422357582-C366986030,FraudTransaction
tx-16-C1422357582-C366986030,ZeroedOriginBalance
tx-16-C1002446735-C185805228,FraudTransaction
tx-16-C1002446735-C185805228,ZeroedOriginBalance
tx-16-C1002446735-C185805228,RepeatedFraudDestination
tx-16-C494334546-C428725863,FraudTransaction
tx-16-C494334546-C428725863,HighAmountTransfer
tx-16-C494334546-C428725863,ZeroedOriginBalance
tx-16-C2140905252-C970796050,FraudTransaction
tx-16-C2140905252-C970796050,HighAmountTransfer
tx-16-C2140905252-C970796050,ZeroedOriginBalance
tx-16-C457962127-C614104997,FraudTransaction
tx-16-C457962127-C614104997,ZeroedOriginBalance
tx-16-C2073757635-C1899325653,FraudTransaction
tx-16-C2073757635-C1899325653,ZeroedOriginBalance
tx-16-C185016231-C1409959,FraudTransaction
tx-16-C185016231-C1409959,ZeroedOriginBalance
tx-16-C828364266-C101179743,FraudTransaction
tx-16-C828364266-C101179743,ZeroedOriginBalance
tx-17-C15998296-C1652158314,FraudTransaction
tx-17-C15998296-C1652158314,HighAmountTransfer
tx-17-C15998296-C1652158314,ZeroedOriginBalance
tx-17-C967691562-C2093967426,FraudTransaction
tx-17-C967691562-C2093967426,HighAmountTransfer
tx-17-C967691562-C2093967426,ZeroedOriginBalance
tx-17-C1711670940-C385061535,FraudTransaction
tx-17-C1711670940-C385061535,ZeroedOriginBalance
tx-17-C1600031018-C1971951800,FraudTransaction
tx-17-C1600031018-C1971951800,ZeroedOriginBalance
tx-17-C1420261366-C639808302,FraudTransaction
tx-17-C1420261366-C639808302,ZeroedOriginBalance
tx-17-C268542581-C504693752,FraudTransaction
tx-17-C268542581-C504693752,ZeroedOriginBalance
tx-17-C897869440-C616721459,FraudTransaction
tx-18-C1726326177-C1540448785,FraudTransaction
tx-18-C1726326177-C1540448785,ZeroedOriginBalance
tx-18-C1446413189-C185805228,FraudTransaction
tx-18-C1446413189-C185805228,ZeroedOriginBalance
tx-18-C1446413189-C185805228,RepeatedFraudDestination
tx-18-C1066119351-C702410034,FraudTransaction
tx-18-C1066119351-C702410034,ZeroedOriginBalance
tx-18-C281912643-C1264205758,FraudTransaction
tx-18-C281912643-C1264205758,ZeroedOriginBalance
tx-18-C1462280812-C90486891,FraudTransaction
tx-18-C1462280812-C90486891,ZeroedOriginBalance
tx-18-C590103740-C1610372134,FraudTransaction
tx-18-C590103740-C1610372134,HighAmountTransfer
tx-18-C590103740-C1610372134,ZeroedOriginBalance
tx-18-C1213142549-C1880832297,FraudTransaction
tx-18-C1213142549-C1880832297,HighAmountTransfer
tx-18-C1213142549-C1880832297,ZeroedOriginBalance
tx-18-C1218322192-C1107369132,FraudTransaction
tx-18-C1218322192-C1107369132,HighAmountTransfer
tx-18-C1218322192-C1107369132,ZeroedOriginBalance
tx-18-C1542410200-C183389809,FraudTransaction
tx-18-C1542410200-C183389809,HighAmountTransfer
tx-18-C1542410200-C183389809,ZeroedOriginBalance
tx-18-C745648946-C1091334879,FraudTransaction
tx-18-C745648946-C1091334879,HighAmountTransfer
tx-18-C745648946-C1091334879,ZeroedOriginBalance
tx-18-C365968372-C579837876,FraudTransaction
tx-18-C365968372-C579837876,HighAmountTransfer
tx-18-C365968372-C579837876,ZeroedOriginBalance
tx-18-C370107492-C1680789799,FraudTransaction
tx-18-C370107492-C1680789799,ZeroedOriginBalance
tx-18-C779194867-C1475456951,FraudTransaction
tx-18-C779194867-C1475456951,ZeroedOriginBalance
tx-18-C576782065-C2090737806,FraudTransaction
tx-18-C1592623877-C87183368,FraudTransaction
tx-18-C1592623877-C87183368,ZeroedOriginBalance
tx-18-C895161073-C1762082057,FraudTransaction
tx-18-C895161073-C1762082057,ZeroedOriginBalance
tx-19-C1156611770-C742977582,FraudTransaction
tx-19-C1156611770-C742977582,ZeroedOriginBalance
tx-19-C681501417-C447183071,FraudTransaction
tx-19-C681501417-C447183071,ZeroedOriginBalance
tx-19-C767243506-C1532877354,FraudTransaction
tx-19-C767243506-C1532877354,HighAmountTransfer
tx-19-C767243506-C1532877354,ZeroedOriginBalance
tx-19-C841995363-C1314676285,FraudTransaction
tx-19-C841995363-C1314676285,HighAmountTransfer
tx-19-C841995363-C1314676285,ZeroedOriginBalance
tx-19-C149845822-C1200316948,FraudTransaction
tx-19-C263177591-C94435408,FraudTransaction
tx-19-C263177591-C94435408,ZeroedOriginBalance
tx-19-C1993475473-C1832323051,FraudTransaction
tx-19-C1993475473-C1832323051,ZeroedOriginBalance
tx-19-C416779475-C380259496,FraudTransaction
tx-19-C416779475-C380259496,HighAmountTransfer
tx-19-C2050703310-C1622860679,FraudTransaction
tx-19-C2050703310-C1622860679,HighAmountTransfer
tx-19-C2050703310-C1622860679,ZeroedOriginBalance
tx-19-C1990303942-C1308678191,FraudTransaction
tx-19-C1990303942-C1308678191,HighAmountTransfer
tx-19-C1990303942-C1308678191,ZeroedOriginBalance
tx-19-C1718961034-C714051433,FraudTransaction
tx-19-C1718961034-C714051433,HighAmountTransfer
tx-19-C1718961034-C714051433,ZeroedOriginBalance
tx-20-C2080146129-C748889213,FraudTransaction
tx-20-C2080146129-C748889213,ZeroedOriginBalance
tx-20-C530844914-C1614121155,FraudTransaction
tx-20-C530844914-C1614121155,ZeroedOriginBalance
tx-20-C1976637754-C4020115,FraudTransaction
tx-20-C1976637754-C4020115,ZeroedOriginBalance
tx-20-C348303891-C1432596631,FraudTransaction
tx-20-C348303891-C1432596631,ZeroedOriginBalance
tx-21-C1204079316-C637091706,FraudTransaction
tx-21-C1204079316-C637091706,ZeroedOriginBalance
tx-21-C1794798581-C801984124,FraudTransaction
tx-21-C1794798581-C801984124,ZeroedOriginBalance
tx-21-C278180302-C1551346623,FraudTransaction
tx-21-C278180302-C1551346623,ZeroedOriginBalance
tx-21-C179332971-C631110333,FraudTransaction
tx-21-C179332971-C631110333,ZeroedOriginBalance
tx-21-C1861214292-C1834461593,FraudTransaction
tx-22-C1332180070-C2027621451,FraudTransaction
tx-22-C1332180070-C2027621451,ZeroedOriginBalance
tx-22-C54851371-C943084296,FraudTransaction
tx-22-C54851371-C943084296,ZeroedOriginBalance
tx-22-C1765744035-C788887602,FraudTransaction
tx-22-C1765744035-C788887602,ZeroedOriginBalance
tx-22-C2141057802-C802885021,FraudTransaction
tx-22-C2141057802-C802885021,ZeroedOriginBalance
tx-22-C362085592-C1652057111,FraudTransaction
tx-22-C362085592-C1652057111,ZeroedOriginBalance
tx-22-C142707413-C63948986,FraudTransaction
tx-22-C142707413-C63948986,ZeroedOriginBalance
tx-22-C480136801-C160106315,FraudTransaction
tx-22-C480136801-C160106315,ZeroedOriginBalance
tx-22-C1956707614-C1481851679,FraudTransaction
tx-22-C1956707614-C1481851679,ZeroedOriginBalance
tx-22-C1472367087-C52390890,FraudTransaction
tx-22-C1472367087-C52390890,HighAmountTransfer
tx-22-C1472367087-C52390890,ZeroedOriginBalance
tx-22-C1472367087-C52390890,RepeatedFraudDestination
tx-22-C1672125863-C559485820,FraudTransaction
tx-22-C1672125863-C559485820,HighAmountTransfer
tx-22-C1672125863-C559485820,ZeroedOriginBalance
tx-22-C1239771149-C1699565892,FraudTransaction
tx-22-C1239771149-C1699565892,ZeroedOriginBalance
tx-22-C1683055902-C313857348,FraudTransaction
tx-22-C1683055902-C313857348,ZeroedOriginBalance
tx-22-C869780206-C926230389,FraudTransaction
tx-22-C869780206-C926230389,ZeroedOriginBalance
tx-22-C480109552-C720599914,FraudTransaction
tx-22-C480109552-C720599914,ZeroedOriginBalance
tx-22-C336424141-C404961694,FraudTransaction
tx-22-C336424141-C404961694,ZeroedOriginBalance
tx-22-C1495269307-C475345362,FraudTransaction
tx-22-C1495269307-C475345362,ZeroedOriginBalance
tx-22-C1022920965-C1460548505,FraudTransaction
tx-22-C1022920965-C1460548505,ZeroedOriginBalance
tx-22-C1209224134-C314012937,FraudTransaction
tx-22-C1209224134-C314012937,HighAmountTransfer
tx-22-C1209224134-C314012937,ZeroedOriginBalance
tx-22-C673988903-C833477645,FraudTransaction
tx-22-C673988903-C833477645,HighAmountTransfer
tx-22-C673988903-C833477645,ZeroedOriginBalance
tx-22-C834571675-C312865842,FraudTransaction
tx-22-C834571675-C312865842,ZeroedOriginBalance
tx-22-C598573300-C2060664104,FraudTransaction
tx-22-C598573300-C2060664104,ZeroedOriginBalance
tx-22-C1977304181-C1053513851,FraudTransaction
tx-22-C1977304181-C1053513851,ZeroedOriginBalance
tx-22-C663158205-C1104558647,FraudTransaction
tx-22-C663158205-C1104558647,ZeroedOriginBalance
tx-23-C1866778945-C225469649,FraudTransaction
tx-23-C1866778945-C225469649,ZeroedOriginBalance
tx-23-C785373587-C1824914593,FraudTransaction
tx-23-C785373587-C1824914593,ZeroedOriginBalance
tx-24-C71665357-C1607901570,FraudTransaction
tx-24-C71665357-C1607901570,ZeroedOriginBalance
tx-24-C1962370851-C1560190757,FraudTransaction
tx-24-C1962370851-C1560190757,ZeroedOriginBalance
tx-24-C1702714599-C83459379,FraudTransaction
tx-24-C1702714599-C83459379,ZeroedOriginBalance
tx-24-C1896884992-C309078889,FraudTransaction
tx-24-C1896884992-C309078889,ZeroedOriginBalance
tx-24-C997222163-C761549792,FraudTransaction
tx-24-C997222163-C761549792,ZeroedOriginBalance
tx-24-C2006451816-C1380348902,FraudTransaction
tx-24-C2006451816-C1380348902,ZeroedOriginBalance
tx-25-C282822245-C1731493383,FraudTransaction
tx-25-C282822245-C1731493383,ZeroedOriginBalance
tx-25-C644686763-C980380973,FraudTransaction
tx-25-C644686763-C980380973,ZeroedOriginBalance
tx-25-C763225876-C1927695058,FraudTransaction
tx-25-C763225876-C1927695058,ZeroedOriginBalance
tx-25-C1665079678-C1566512642,FraudTransaction
tx-25-C1665079678-C1566512642,ZeroedOriginBalance
tx-25-C1527375688-C658289217,FraudTransaction
tx-25-C1527375688-C658289217,ZeroedOriginBalance
tx-25-C1847744332-C1181708889,FraudTransaction
tx-25-C1847744332-C1181708889,ZeroedOriginBalance
tx-25-C589374615-C1612426642,FraudTransaction
tx-25-C589374615-C1612426642,ZeroedOriginBalance
tx-25-C1812532920-C1135869087,FraudTransaction
tx-25-C1812532920-C1135869087,ZeroedOriginBalance
tx-25-C1473328942-C1650053869,FraudTransaction
tx-25-C1473328942-C1650053869,ZeroedOriginBalance
tx-25-C1938399138-C257884050,FraudTransaction
tx-25-C1938399138-C257884050,ZeroedOriginBalance
tx-25-C556483673-C946378506,FraudTransaction
tx-25-C556483673-C946378506,ZeroedOriginBalance
tx-25-C57087263-C1574807586,FraudTransaction
tx-25-C57087263-C1574807586,ZeroedOriginBalance
tx-25-C862942009-C1488413166,FraudTransaction
tx-25-C862942009-C1488413166,ZeroedOriginBalance
tx-25-C1962232117-C750661006,FraudTransaction
tx-25-C1962232117-C750661006,ZeroedOriginBalance
tx-25-C1865185181-C388097316,FraudTransaction
tx-25-C1865185181-C388097316,HighAmountTransfer
tx-25-C1865185181-C388097316,ZeroedOriginBalance
tx-25-C902520408-C1047966944,FraudTransaction
tx-25-C902520408-C1047966944,HighAmountTransfer
tx-25-C902520408-C1047966944,ZeroedOriginBalance
tx-25-C127098115-C1570699013,FraudTransaction
tx-25-C127098115-C1570699013,ZeroedOriginBalance
tx-25-C1343455954-C1045004287,FraudTransaction
tx-25-C1343455954-C1045004287,ZeroedOriginBalance
tx-26-C1952239554-C399460584,FraudTransaction
tx-26-C1952239554-C399460584,ZeroedOriginBalance
tx-26-C281192595-C514736179,FraudTransaction
tx-26-C281192595-C514736179,ZeroedOriginBalance
tx-26-C1879175902-C900709443,FraudTransaction
tx-26-C1879175902-C900709443,ZeroedOriginBalance
tx-26-C1121219802-C418751321,FraudTransaction
tx-26-C1121219802-C418751321,ZeroedOriginBalance
tx-26-C1482114822-C2123466960,FraudTransaction
tx-26-C1482114822-C2123466960,ZeroedOriginBalance
tx-26-C1993214834-C1402138462,FraudTransaction
tx-26-C1993214834-C1402138462,ZeroedOriginBalance
tx-26-C700083141-C1359428492,FraudTransaction
tx-26-C700083141-C1359428492,HighAmountTransfer
tx-26-C700083141-C1359428492,ZeroedOriginBalance
tx-26-C441238852-C2059240998,FraudTransaction
tx-26-C441238852-C2059240998,HighAmountTransfer
tx-26-C441238852-C2059240998,ZeroedOriginBalance
tx-26-C1549516546-C1908627867,FraudTransaction
tx-26-C1549516546-C1908627867,ZeroedOriginBalance
tx-26-C1357985676-C255246845,FraudTransaction
tx-26-C1357985676-C255246845,ZeroedOriginBalance
tx-26-C414159853-C1087566727,FraudTransaction
tx-26-C414159853-C1087566727,HighAmountTransfer
tx-26-C414159853-C1087566727,ZeroedOriginBalance
tx-26-C1016323653-C409414944,FraudTransaction
tx-26-C1016323653-C409414944,HighAmountTransfer
tx-26-C1016323653-C409414944,ZeroedOriginBalance
tx-27-C1529468267-C1924171481,FraudTransaction
tx-27-C1529468267-C1924171481,ZeroedOriginBalance
tx-27-C1544211314-C1751768780,FraudTransaction
tx-27-C1544211314-C1751768780,ZeroedOriginBalance
tx-27-C699198167-C2064246111,FraudTransaction
tx-27-C699198167-C2064246111,ZeroedOriginBalance
tx-27-C148278282-C1783581377,FraudTransaction
tx-27-C148278282-C1783581377,ZeroedOriginBalance
tx-27-C842027258-C136618845,FraudTransaction
tx-27-C842027258-C136618845,ZeroedOriginBalance
tx-27-C705152518-C741210093,FraudTransaction
tx-27-C705152518-C741210093,ZeroedOriginBalance
tx-27-C361429301-C550179566,FraudTransaction
tx-27-C361429301-C550179566,HighAmountTransfer
tx-27-C361429301-C550179566,ZeroedOriginBalance
tx-27-C807604201-C849028719,FraudTransaction
tx-27-C807604201-C849028719,HighAmountTransfer
tx-27-C807604201-C849028719,ZeroedOriginBalance
tx-28-C1279307827-C1124913173,FraudTransaction
tx-28-C1279307827-C1124913173,HighAmountTransfer
tx-28-C1279307827-C1124913173,ZeroedOriginBalance
tx-28-C426880249-C1566081912,FraudTransaction
tx-28-C426880249-C1566081912,HighAmountTransfer
tx-28-C426880249-C1566081912,ZeroedOriginBalance
tx-28-C1029198062-C1534111155,FraudTransaction
tx-28-C1029198062-C1534111155,ZeroedOriginBalance
tx-28-C1198658385-C523126423,FraudTransaction
tx-28-C1198658385-C523126423,ZeroedOriginBalance
tx-29-C491994230-C772681684,FraudTransaction
tx-29-C491994230-C772681684,ZeroedOriginBalance
tx-29-C1369188336-C1627551181,FraudTransaction
tx-29-C1369188336-C1627551181,ZeroedOriginBalance
tx-29-C775733773-C2121303056,FraudTransaction
tx-29-C775733773-C2121303056,ZeroedOriginBalance
tx-29-C2038670336-C1068543577,FraudTransaction
tx-29-C2038670336-C1068543577,ZeroedOriginBalance
tx-30-C1279213624-C2100791242,FraudTransaction
tx-30-C1279213624-C2100791242,ZeroedOriginBalance
tx-30-C356571967-C1905066109,FraudTransaction
tx-30-C356571967-C1905066109,ZeroedOriginBalance
tx-30-C1273047168-C1636242484,FraudTransaction
tx-30-C1273047168-C1636242484,ZeroedOriginBalance
tx-30-C474899128-C116505755,FraudTransaction
tx-30-C474899128-C116505755,ZeroedOriginBalance
tx-30-C182136548-C717672329,FraudTransaction
tx-30-C182136548-C717672329,ZeroedOriginBalance
tx-30-C1257554854-C1044117371,FraudTransaction
tx-30-C1257554854-C1044117371,ZeroedOriginBalance
tx-30-C2037269206-C337579043,FraudTransaction
tx-30-C2037269206-C337579043,ZeroedOriginBalance
tx-30-C984153855-C1806203979,FraudTransaction
tx-30-C984153855-C1806203979,ZeroedOriginBalance
tx-31-C1775717184-C1987320319,FraudTransaction
tx-31-C1775717184-C1987320319,ZeroedOriginBalance
tx-31-C89283631-C1228650470,FraudTransaction
tx-31-C89283631-C1228650470,ZeroedOriginBalance
tx-31-C237098657-C1177827371,FraudTransaction
tx-31-C237098657-C1177827371,ZeroedOriginBalance
tx-31-C1938001564-C878440089,FraudTransaction
tx-31-C1938001564-C878440089,ZeroedOriginBalance
tx-31-C551376615-C2121782042,FraudTransaction
tx-31-C551376615-C2121782042,ZeroedOriginBalance
tx-31-C939116023-C1335084969,FraudTransaction
tx-31-C939116023-C1335084969,ZeroedOriginBalance
tx-31-C620879020-C929929591,FraudTransaction
tx-31-C620879020-C929929591,ZeroedOriginBalance
tx-31-C1309442409-C1009459055,FraudTransaction
tx-31-C1309442409-C1009459055,ZeroedOriginBalance
tx-31-C1848562108-C1803198527,FraudTransaction
tx-31-C1848562108-C1803198527,HighAmountTransfer
tx-31-C1848562108-C1803198527,ZeroedOriginBalance
tx-31-C1520365660-C1308026520,FraudTransaction
tx-31-C1520365660-C1308026520,HighAmountTransfer
tx-31-C1520365660-C1308026520,ZeroedOriginBalance
tx-31-C1909564191-C2047987632,FraudTransaction
tx-31-C1909564191-C2047987632,ZeroedOriginBalance
tx-31-C1534882693-C534658891,FraudTransaction
tx-31-C1534882693-C534658891,ZeroedOriginBalance
tx-32-C1128786535-C9901046,FraudTransaction
tx-32-C1128786535-C9901046,ZeroedOriginBalance
tx-32-C1861680707-C2064372710,FraudTransaction
tx-32-C1861680707-C2064372710,ZeroedOriginBalance
tx-32-C306405849-C193080093,FraudTransaction
tx-32-C306405849-C193080093,HighAmountTransfer
tx-32-C306405849-C193080093,ZeroedOriginBalance
tx-32-C706467919-C338077337,FraudTransaction
tx-32-C706467919-C338077337,HighAmountTransfer
tx-32-C706467919-C338077337,ZeroedOriginBalance
tx-32-C1458768825-C206316722,FraudTransaction
tx-32-C1458768825-C206316722,ZeroedOriginBalance
tx-32-C254731202-C1749677978,FraudTransaction
tx-32-C254731202-C1749677978,ZeroedOriginBalance
tx-32-C107615831-C144473930,FraudTransaction
tx-32-C107615831-C144473930,HighAmountTransfer
tx-32-C107615831-C144473930,ZeroedOriginBalance
tx-32-C1925676917-C2040690699,FraudTransaction
tx-32-C1925676917-C2040690699,HighAmountTransfer
tx-32-C1925676917-C2040690699,ZeroedOriginBalance
tx-32-C2084058641-C1017580631,FraudTransaction
tx-32-C2084058641-C1017580631,ZeroedOriginBalance
tx-32-C1684571589-C1619036760,FraudTransaction
tx-32-C1684571589-C1619036760,ZeroedOriginBalance
tx-32-C1769820937-C1536446312,FraudTransaction
tx-32-C1769820937-C1536446312,ZeroedOriginBalance
tx-32-C1085892947-C1138178950,FraudTransaction
tx-32-C1085892947-C1138178950,ZeroedOriginBalance
tx-33-C1152596026-C1976114093,FraudTransaction
tx-33-C1152596026-C1976114093,HighAmountTransfer
tx-33-C1152596026-C1976114093,ZeroedOriginBalance
tx-33-C1587398978-C1560573396,FraudTransaction
tx-33-C1587398978-C1560573396,HighAmountTransfer
tx-33-C1587398978-C1560573396,ZeroedOriginBalance
tx-33-C304547800-C155793474,FraudTransaction
tx-33-C304547800-C155793474,ZeroedOriginBalance
tx-33-C6796051-C677541710,FraudTransaction
tx-33-C6796051-C677541710,ZeroedOriginBalance
tx-33-C1439740840-C875288652,FraudTransaction
tx-33-C1439740840-C875288652,HighAmountTransfer
tx-33-C29118015-C1379703840,FraudTransaction
tx-33-C29118015-C1379703840,HighAmountTransfer
tx-33-C29118015-C1379703840,ZeroedOriginBalance
tx-33-C1548903046-C2065423383,FraudTransaction
tx-33-C1548903046-C2065423383,HighAmountTransfer
tx-33-C1548903046-C2065423383,ZeroedOriginBalance
tx-33-C1071702423-C28783325,FraudTransaction
tx-33-C1071702423-C28783325,HighAmountTransfer
tx-33-C1071702423-C28783325,ZeroedOriginBalance
tx-33-C101899927-C679483948,FraudTransaction
tx-33-C101899927-C679483948,HighAmountTransfer
tx-33-C101899927-C679483948,ZeroedOriginBalance
tx-33-C942063884-C1317594509,FraudTransaction
tx-33-C942063884-C1317594509,HighAmountTransfer
tx-33-C942063884-C1317594509,ZeroedOriginBalance
tx-33-C67311634-C674603923,FraudTransaction
tx-33-C67311634-C674603923,HighAmountTransfer
tx-33-C67311634-C674603923,ZeroedOriginBalance
tx-33-C1612816859-C836514715,FraudTransaction
tx-33-C1612816859-C836514715,HighAmountTransfer
tx-33-C1612816859-C836514715,ZeroedOriginBalance
tx-34-C1887135298-C1119742908,FraudTransaction
tx-34-C1887135298-C1119742908,ZeroedOriginBalance
tx-34-C1977213426-C1445058573,FraudTransaction
tx-34-C1977213426-C1445058573,ZeroedOriginBalance
tx-34-C711340026-C674486348,FraudTransaction
tx-34-C711340026-C674486348,ZeroedOriginBalance
tx-34-C1057589740-C511164301,FraudTransaction
tx-34-C1057589740-C511164301,ZeroedOriginBalance
tx-34-C437611850-C830293590,FraudTransaction
tx-34-C437611850-C830293590,ZeroedOriginBalance
tx-34-C483094763-C1009901500,FraudTransaction
tx-34-C483094763-C1009901500,ZeroedOriginBalance
tx-34-C2112073607-C399994587,FraudTransaction
tx-34-C2112073607-C399994587,HighAmountTransfer
tx-34-C2112073607-C399994587,ZeroedOriginBalance
tx-34-C1049482889-C373339841,FraudTransaction
tx-34-C1049482889-C373339841,HighAmountTransfer
tx-34-C1049482889-C373339841,ZeroedOriginBalance
tx-34-C722855847-C866867675,FraudTransaction
tx-34-C722855847-C866867675,ZeroedOriginBalance
tx-34-C476695686-C90854025,FraudTransaction
tx-34-C476695686-C90854025,ZeroedOriginBalance
tx-34-C2035691205-C2145664965,FraudTransaction
tx-34-C2035691205-C2145664965,ZeroedOriginBalance
tx-34-C1177633466-C1609979141,FraudTransaction
tx-34-C1177633466-C1609979141,ZeroedOriginBalance
tx-34-C321662798-C1466511502,FraudTransaction
tx-34-C321662798-C1466511502,ZeroedOriginBalance
tx-34-C2109818783-C197117096,FraudTransaction
tx-34-C2109818783-C197117096,ZeroedOriginBalance
tx-34-C1302461032-C1058590682,FraudTransaction
tx-34-C1302461032-C1058590682,ZeroedOriginBalance
tx-34-C1257352420-C984948607,FraudTransaction
tx-34-C1257352420-C984948607,ZeroedOriginBalance
tx-34-C262165422-C847172802,FraudTransaction
tx-34-C262165422-C847172802,ZeroedOriginBalance
tx-34-C1657291163-C684399107,FraudTransaction
tx-34-C1657291163-C684399107,ZeroedOriginBalance
tx-34-C638438531-C2146216948,FraudTransaction
tx-34-C638438531-C2146216948,HighAmountTransfer
tx-34-C638438531-C2146216948,ZeroedOriginBalance
tx-34-C1455982049-C1613524189,FraudTransaction
tx-34-C1455982049-C1613524189,HighAmountTransfer
tx-34-C1455982049-C1613524189,ZeroedOriginBalance
tx-34-C1103482150-C2145121206,FraudTransaction
tx-34-C1103482150-C2145121206,ZeroedOriginBalance
tx-34-C1845753498-C967051629,FraudTransaction
tx-34-C1845753498-C967051629,ZeroedOriginBalance
tx-35-C892010542-C935310781,FraudTransaction
tx-35-C892010542-C935310781,ZeroedOriginBalance
tx-35-C892010542-C935310781,RepeatedFraudDestination
tx-35-C145594916-C1718370785,FraudTransaction
tx-35-C145594916-C1718370785,ZeroedOriginBalance
tx-35-C133342319-C1919617921,FraudTransaction
tx-35-C133342319-C1919617921,ZeroedOriginBalance
tx-35-C1167817015-C1628037417,FraudTransaction
tx-35-C1167817015-C1628037417,ZeroedOriginBalance
tx-35-C1054903406-C755069790,FraudTransaction
tx-35-C1054903406-C755069790,HighAmountTransfer
tx-35-C1054903406-C755069790,ZeroedOriginBalance
tx-35-C1011490419-C1919783086,FraudTransaction
tx-35-C1011490419-C1919783086,HighAmountTransfer
tx-35-C1011490419-C1919783086,ZeroedOriginBalance
tx-35-C609821524-C708118422,FraudTransaction
tx-35-C392119936-C1283539626,FraudTransaction
tx-35-C392119936-C1283539626,ZeroedOriginBalance
tx-35-C432562518-C1529736160,FraudTransaction
tx-35-C432562518-C1529736160,ZeroedOriginBalance
tx-35-C851016578-C1650562969,FraudTransaction
tx-35-C851016578-C1650562969,HighAmountTransfer
tx-35-C851016578-C1650562969,ZeroedOriginBalance
tx-35-C91276418-C1220805115,FraudTransaction
tx-35-C91276418-C1220805115,HighAmountTransfer
tx-35-C91276418-C1220805115,ZeroedOriginBalance
tx-35-C1322100754-C580058151,FraudTransaction
tx-35-C1322100754-C580058151,ZeroedOriginBalance
tx-35-C1482588472-C1751888979,FraudTransaction
tx-35-C1482588472-C1751888979,ZeroedOriginBalance
tx-35-C828966021-C253711141,FraudTransaction
tx-35-C828966021-C253711141,ZeroedOriginBalance
tx-35-C1036592129-C133256042,FraudTransaction
tx-35-C1036592129-C133256042,ZeroedOriginBalance
tx-36-C237051726-C1684081981,FraudTransaction
tx-36-C237051726-C1684081981,ZeroedOriginBalance
tx-36-C1259393771-C275053310,FraudTransaction
tx-36-C1259393771-C275053310,ZeroedOriginBalance
tx-36-C1498028072-C70360442,FraudTransaction
tx-36-C1498028072-C70360442,HighAmountTransfer
tx-36-C1498028072-C70360442,ZeroedOriginBalance
tx-36-C914179351-C413966770,FraudTransaction
tx-36-C914179351-C413966770,HighAmountTransfer
tx-36-C914179351-C413966770,ZeroedOriginBalance
tx-36-C226697568-C1045024523,FraudTransaction
tx-36-C226697568-C1045024523,ZeroedOriginBalance
tx-36-C371645181-C895376277,FraudTransaction
tx-36-C371645181-C895376277,ZeroedOriginBalance
tx-36-C1027885522-C201404620,FraudTransaction
tx-36-C1027885522-C201404620,ZeroedOriginBalance
tx-36-C1385592810-C1755092826,FraudTransaction
tx-36-C1385592810-C1755092826,ZeroedOriginBalance
tx-36-C2020161235-C1827219533,FraudTransaction
tx-36-C2020161235-C1827219533,ZeroedOriginBalance
tx-36-C2020161235-C1827219533,RepeatedFraudDestination
tx-36-C510717698-C1469248112,FraudTransaction
tx-36-C510717698-C1469248112,ZeroedOriginBalance
tx-36-C1819371332-C59681246,FraudTransaction
tx-36-C1819371332-C59681246,ZeroedOriginBalance
tx-36-C1789723757-C236701409,FraudTransaction
tx-36-C1789723757-C236701409,ZeroedOriginBalance
tx-36-C1291212648-C301302016,FraudTransaction
tx-36-C1291212648-C301302016,ZeroedOriginBalance
tx-36-C1507237385-C53062849,FraudTransaction
tx-36-C1507237385-C53062849,ZeroedOriginBalance
tx-36-C383698470-C761769299,FraudTransaction
tx-36-C383698470-C761769299,ZeroedOriginBalance
tx-36-C1859440956-C1389963224,FraudTransaction
tx-36-C1859440956-C1389963224,ZeroedOriginBalance
tx-36-C1737133410-C877378703,FraudTransaction
tx-36-C397247453-C227472046,FraudTransaction
tx-36-C397247453-C227472046,HighAmountTransfer
tx-36-C397247453-C227472046,ZeroedOriginBalance
tx-36-C168686866-C803116137,FraudTransaction
tx-36-C168686866-C803116137,HighAmountTransfer
tx-36-C168686866-C803116137,ZeroedOriginBalance
tx-36-C168686866-C803116137,RepeatedFraudDestination
tx-37-C1032918138-C34257403,FraudTransaction
tx-37-C1032918138-C34257403,ZeroedOriginBalance
tx-37-C323132484-C1737682079,FraudTransaction
tx-37-C323132484-C1737682079,ZeroedOriginBalance
tx-37-C1482673200-C1127207923,FraudTransaction
tx-37-C1482673200-C1127207923,ZeroedOriginBalance
tx-37-C1196784232-C165922010,FraudTransaction
tx-37-C1196784232-C165922010,ZeroedOriginBalance
tx-37-C1904979167-C2067685892,FraudTransaction
tx-37-C1904979167-C2067685892,ZeroedOriginBalance
tx-37-C517122648-C839403720,FraudTransaction
tx-37-C517122648-C839403720,ZeroedOriginBalance
tx-37-C899260948-C1414206737,FraudTransaction
tx-37-C899260948-C1414206737,HighAmountTransfer
tx-37-C899260948-C1414206737,ZeroedOriginBalance
tx-37-C1240594546-C579897687,FraudTransaction
tx-37-C1240594546-C579897687,HighAmountTransfer
tx-37-C1240594546-C579897687,ZeroedOriginBalance
tx-37-C1300586295-C786580223,FraudTransaction
tx-37-C1300586295-C786580223,ZeroedOriginBalance
tx-37-C921148283-C129500962,FraudTransaction
tx-37-C921148283-C129500962,ZeroedOriginBalance
tx-37-C140477383-C1169138113,FraudTransaction
tx-37-C140477383-C1169138113,ZeroedOriginBalance
tx-37-C1260832016-C930580526,FraudTransaction
tx-37-C1260832016-C930580526,ZeroedOriginBalance
tx-37-C124687089-C179706450,FraudTransaction
tx-38-C2088582248-C534171533,FraudTransaction
tx-38-C2088582248-C534171533,ZeroedOriginBalance
tx-38-C949792674-C1152369407,FraudTransaction
tx-38-C949792674-C1152369407,ZeroedOriginBalance
tx-38-C151033820-C1303889891,FraudTransaction
tx-38-C151033820-C1303889891,ZeroedOriginBalance
tx-38-C1295812229-C1254182177,FraudTransaction
tx-38-C1295812229-C1254182177,ZeroedOriginBalance
tx-38-C1907944035-C541373010,FraudTransaction
tx-38-C1884262933-C69223691,FraudTransaction
tx-38-C1884262933-C69223691,ZeroedOriginBalance
tx-38-C1032400193-C760883565,FraudTransaction
tx-38-C1032400193-C760883565,ZeroedOriginBalance
tx-38-C1015615322-C503986394,FraudTransaction
tx-38-C1015615322-C503986394,ZeroedOriginBalance
tx-38-C50436894-C1124184322,FraudTransaction
tx-38-C50436894-C1124184322,ZeroedOriginBalance
tx-38-C1215509660-C96222488,FraudTransaction
tx-38-C1215509660-C96222488,HighAmountTransfer
tx-38-C1215509660-C96222488,ZeroedOriginBalance
tx-38-C1891733615-C1599314459,FraudTransaction
tx-38-C1891733615-C1599314459,HighAmountTransfer
tx-38-C1891733615-C1599314459,ZeroedOriginBalance
tx-38-C2049498532-C1540407960,FraudTransaction
tx-38-C2049498532-C1540407960,ZeroedOriginBalance
tx-38-C2002603307-C1685866985,FraudTransaction
tx-38-C2002603307-C1685866985,ZeroedOriginBalance
tx-38-C1948189565-C1059308371,FraudTransaction
tx-38-C739289668-C432663857,FraudTransaction
tx-38-C739289668-C432663857,ZeroedOriginBalance
tx-38-C62190783-C1187610031,FraudTransaction
tx-38-C62190783-C1187610031,ZeroedOriginBalance
tx-39-C511306069-C1776402146,FraudTransaction
tx-39-C511306069-C1776402146,HighAmountTransfer
tx-39-C511306069-C1776402146,ZeroedOriginBalance
tx-39-C1115361466-C521252518,FraudTransaction
tx-39-C1115361466-C521252518,HighAmountTransfer
tx-39-C1115361466-C521252518,ZeroedOriginBalance
tx-39-C492613437-C74971191,FraudTransaction
tx-39-C492613437-C74971191,ZeroedOriginBalance
tx-39-C1658110693-C222052738,FraudTransaction
tx-39-C1658110693-C222052738,ZeroedOriginBalance
tx-39-C725825783-C236787500,FraudTransaction
tx-39-C725825783-C236787500,ZeroedOriginBalance
tx-39-C1507825825-C1603586973,FraudTransaction
tx-39-C1507825825-C1603586973,ZeroedOriginBalance
tx-39-C2057200986-C1124319645,FraudTransaction
tx-39-C2057200986-C1124319645,HighAmountTransfer
tx-39-C2057200986-C1124319645,ZeroedOriginBalance
tx-39-C1581001485-C2012612648,FraudTransaction
tx-39-C1581001485-C2012612648,HighAmountTransfer
tx-39-C1581001485-C2012612648,ZeroedOriginBalance
tx-39-C1092667126-C1482119856,FraudTransaction
tx-39-C1092667126-C1482119856,ZeroedOriginBalance
tx-39-C888856721-C202101281,FraudTransaction
tx-39-C888856721-C202101281,ZeroedOriginBalance
tx-39-C1118399210-C104038589,FraudTransaction
tx-39-C1118399210-C104038589,ZeroedOriginBalance
tx-39-C1118399210-C104038589,RepeatedFraudDestination
tx-39-C1395896953-C45672156,FraudTransaction
tx-39-C1395896953-C45672156,ZeroedOriginBalance
tx-40-C575969831-C220147588,FraudTransaction
tx-40-C575969831-C220147588,ZeroedOriginBalance
tx-40-C1112574505-C30015547,FraudTransaction
tx-40-C1112574505-C30015547,ZeroedOriginBalance
tx-40-C776336653-C737099940,FraudTransaction
tx-40-C776336653-C737099940,ZeroedOriginBalance
tx-40-C1545814282-C183363284,FraudTransaction
tx-40-C1545814282-C183363284,ZeroedOriginBalance
tx-40-C979937832-C1787596520,FraudTransaction
tx-40-C979937832-C1787596520,HighAmountTransfer
tx-40-C979937832-C1787596520,ZeroedOriginBalance
tx-40-C1440649048-C1477641326,FraudTransaction
tx-40-C1440649048-C1477641326,HighAmountTransfer
tx-40-C1440649048-C1477641326,ZeroedOriginBalance
tx-40-C1340596396-C487414422,FraudTransaction
tx-40-C1340596396-C487414422,HighAmountTransfer
tx-40-C1340596396-C487414422,ZeroedOriginBalance
tx-40-C82669876-C1462250062,FraudTransaction
tx-40-C82669876-C1462250062,HighAmountTransfer
tx-40-C82669876-C1462250062,ZeroedOriginBalance
tx-40-C1551140519-C311151183,FraudTransaction
tx-40-C1551140519-C311151183,ZeroedOriginBalance
tx-40-C418271713-C795853330,FraudTransaction
tx-40-C418271713-C795853330,ZeroedOriginBalance
tx-40-C1311186566-C1907577066,FraudTransaction
tx-40-C1311186566-C1907577066,ZeroedOriginBalance
tx-40-C1222717182-C515442419,FraudTransaction
tx-40-C1222717182-C515442419,ZeroedOriginBalance
tx-40-C1424554187-C1294873831,FraudTransaction
tx-40-C1424554187-C1294873831,ZeroedOriginBalance
tx-40-C1863248518-C536599412,FraudTransaction
tx-40-C1863248518-C536599412,ZeroedOriginBalance
tx-41-C518343264-C596058183,FraudTransaction
tx-41-C518343264-C596058183,ZeroedOriginBalance
tx-41-C541992132-C715094437,FraudTransaction
tx-41-C541992132-C715094437,ZeroedOriginBalance
tx-41-C1067826676-C57546675,FraudTransaction
tx-41-C1067826676-C57546675,HighAmountTransfer
tx-41-C1067826676-C57546675,ZeroedOriginBalance
tx-41-C229433868-C978822470,FraudTransaction
tx-41-C229433868-C978822470,HighAmountTransfer
tx-41-C229433868-C978822470,ZeroedOriginBalance
tx-41-C474735735-C1737223057,FraudTransaction
tx-41-C474735735-C1737223057,ZeroedOriginBalance
tx-41-C1327670146-C1480756205,FraudTransaction
tx-41-C1327670146-C1480756205,ZeroedOriginBalance
tx-41-C1813633369-C586649123,FraudTransaction
tx-41-C1813633369-C586649123,ZeroedOriginBalance
tx-41-C1070694303-C1612957594,FraudTransaction
tx-41-C1070694303-C1612957594,ZeroedOriginBalance
tx-41-C1268743025-C802302527,FraudTransaction
tx-41-C1268743025-C802302527,HighAmountTransfer
tx-41-C1268743025-C802302527,ZeroedOriginBalance
tx-41-C1805103048-C1167029703,FraudTransaction
tx-41-C1805103048-C1167029703,HighAmountTransfer
tx-41-C1805103048-C1167029703,ZeroedOriginBalance
tx-41-C739578791-C1562052816,FraudTransaction
tx-41-C739578791-C1562052816,HighAmountTransfer
tx-41-C739578791-C1562052816,ZeroedOriginBalance
tx-41-C866414395-C315595990,FraudTransaction
tx-41-C866414395-C315595990,HighAmountTransfer
tx-41-C866414395-C315595990,ZeroedOriginBalance
tx-42-C1374233613-C443044241,FraudTransaction
tx-42-C1374233613-C443044241,ZeroedOriginBalance
tx-42-C1006070662-C1475265472,FraudTransaction
tx-42-C1006070662-C1475265472,ZeroedOriginBalance
tx-42-C1985844506-C440567141,FraudTransaction
tx-42-C1985844506-C440567141,HighAmountTransfer
tx-42-C1985844506-C440567141,ZeroedOriginBalance
tx-42-C2012983997-C365271329,FraudTransaction
tx-42-C2012983997-C365271329,HighAmountTransfer
tx-42-C2012983997-C365271329,ZeroedOriginBalance
tx-42-C646867271-C701554593,FraudTransaction
tx-42-C646867271-C701554593,HighAmountTransfer
tx-42-C646867271-C701554593,ZeroedOriginBalance
tx-42-C1496808239-C737489499,FraudTransaction
tx-42-C1496808239-C737489499,HighAmountTransfer
tx-42-C1496808239-C737489499,ZeroedOriginBalance
tx-42-C1883768704-C1982874632,FraudTransaction
tx-42-C1883768704-C1982874632,HighAmountTransfer
tx-42-C1883768704-C1982874632,ZeroedOriginBalance
tx-42-C253446049-C57938337,FraudTransaction
tx-42-C253446049-C57938337,HighAmountTransfer
tx-42-C253446049-C57938337,ZeroedOriginBalance
tx-42-C1167233065-C528250681,FraudTransaction
tx-42-C1167233065-C528250681,ZeroedOriginBalance
tx-42-C1257654035-C334259414,FraudTransaction
tx-42-C1257654035-C334259414,ZeroedOriginBalance
tx-42-C1345605199-C759668657,FraudTransaction
tx-42-C1345605199-C759668657,ZeroedOriginBalance
tx-42-C341811151-C1795348373,FraudTransaction
tx-42-C341811151-C1795348373,ZeroedOriginBalance
tx-42-C373557981-C114416170,FraudTransaction
tx-42-C373557981-C114416170,HighAmountTransfer
tx-42-C373557981-C114416170,ZeroedOriginBalance
tx-42-C1510964909-C580102695,FraudTransaction
tx-42-C1510964909-C580102695,HighAmountTransfer
tx-42-C1510964909-C580102695,ZeroedOriginBalance
tx-43-C158964639-C1661087818,FraudTransaction
tx-43-C158964639-C1661087818,ZeroedOriginBalance
tx-43-C756162144-C1734856260,FraudTransaction
tx-43-C756162144-C1734856260,ZeroedOriginBalance
tx-43-C1709961291-C1364728606,FraudTransaction
tx-43-C1709961291-C1364728606,ZeroedOriginBalance
tx-43-C1269861924-C724251968,FraudTransaction
tx-43-C1269861924-C724251968,ZeroedOriginBalance
tx-43-C1296215617-C1429415136,FraudTransaction
tx-43-C1296215617-C1429415136,HighAmountTransfer
tx-43-C1518273469-C1076725693,FraudTransaction
tx-43-C1518273469-C1076725693,ZeroedOriginBalance
tx-43-C1250676021-C977089472,FraudTransaction
tx-43-C1250676021-C977089472,ZeroedOriginBalance
tx-43-C1897851214-C1118636317,FraudTransaction
tx-43-C1897851214-C1118636317,ZeroedOriginBalance
tx-43-C743185292-C1036804658,FraudTransaction
tx-43-C743185292-C1036804658,ZeroedOriginBalance
tx-43-C725236553-C417640852,FraudTransaction
tx-43-C725236553-C417640852,ZeroedOriginBalance
tx-43-C983847519-C868283274,FraudTransaction
tx-43-C983847519-C868283274,ZeroedOriginBalance
tx-43-C1484448573-C1911678087,FraudTransaction
tx-43-C1484448573-C1911678087,ZeroedOriginBalance
tx-43-C1825250063-C321399553,FraudTransaction
tx-43-C1825250063-C321399553,ZeroedOriginBalance
tx-44-C369936121-C1347315975,FraudTransaction
tx-44-C369936121-C1347315975,HighAmountTransfer
tx-44-C369936121-C1347315975,ZeroedOriginBalance
tx-44-C2052172437-C1401780750,FraudTransaction
tx-44-C2052172437-C1401780750,HighAmountTransfer
tx-44-C2052172437-C1401780750,ZeroedOriginBalance
tx-44-C374179954-C1213274351,FraudTransaction
tx-44-C374179954-C1213274351,ZeroedOriginBalance
tx-44-C321872585-C401911630,FraudTransaction
tx-44-C321872585-C401911630,ZeroedOriginBalance
tx-44-C1819568647-C258309243,FraudTransaction
tx-44-C1819568647-C258309243,ZeroedOriginBalance
tx-44-C330892703-C648682751,FraudTransaction
tx-44-C330892703-C648682751,ZeroedOriginBalance
tx-44-C967325382-C1259079602,FraudTransaction
tx-44-C967325382-C1259079602,ZeroedOriginBalance
tx-44-C967325382-C1259079602,RepeatedFraudDestination
tx-44-C1829721095-C991247178,FraudTransaction
tx-44-C1829721095-C991247178,ZeroedOriginBalance
tx-45-C286239409-C151804423,FraudTransaction
tx-45-C286239409-C151804423,ZeroedOriginBalance
tx-45-C578474227-C265601701,FraudTransaction
tx-45-C578474227-C265601701,ZeroedOriginBalance
tx-45-C1481880227-C948441746,FraudTransaction
tx-45-C1481880227-C948441746,ZeroedOriginBalance
tx-45-C1291131466-C1786011910,FraudTransaction
tx-45-C1291131466-C1786011910,ZeroedOriginBalance
tx-45-C1582972194-C284364603,FraudTransaction
tx-45-C1582972194-C284364603,HighAmountTransfer
tx-45-C1582972194-C284364603,ZeroedOriginBalance
tx-45-C1958391057-C1813915360,FraudTransaction
tx-45-C1958391057-C1813915360,HighAmountTransfer
tx-45-C1958391057-C1813915360,ZeroedOriginBalance
tx-45-C1556710652-C1264872013,FraudTransaction
tx-45-C1556710652-C1264872013,HighAmountTransfer
tx-45-C1556710652-C1264872013,ZeroedOriginBalance
tx-45-C1564479230-C203959811,FraudTransaction
tx-45-C1564479230-C203959811,HighAmountTransfer
tx-45-C1564479230-C203959811,ZeroedOriginBalance
tx-45-C1457431353-C203170379,FraudTransaction
tx-45-C1457431353-C203170379,HighAmountTransfer
tx-45-C1457431353-C203170379,ZeroedOriginBalance
tx-45-C693406382-C1514738968,FraudTransaction
tx-45-C693406382-C1514738968,HighAmountTransfer
tx-45-C693406382-C1514738968,ZeroedOriginBalance
tx-45-C353840221-C1679122685,FraudTransaction
tx-45-C353840221-C1679122685,ZeroedOriginBalance
tx-45-C198543509-C824285986,FraudTransaction
tx-45-C198543509-C824285986,ZeroedOriginBalance
tx-45-C280136890-C927108992,FraudTransaction
tx-45-C280136890-C927108992,ZeroedOriginBalance
tx-45-C719370249-C2024978323,FraudTransaction
tx-45-C719370249-C2024978323,ZeroedOriginBalance
tx-45-C1102672587-C735323689,FraudTransaction
tx-45-C1102672587-C735323689,HighAmountTransfer
tx-45-C1102672587-C735323689,ZeroedOriginBalance
tx-45-C1223916377-C542934513,FraudTransaction
tx-45-C1223916377-C542934513,HighAmountTransfer
tx-45-C1223916377-C542934513,ZeroedOriginBalance
tx-46-C154757729-C1895716929,FraudTransaction
tx-46-C154757729-C1895716929,HighAmountTransfer
tx-46-C154757729-C1895716929,ZeroedOriginBalance
tx-46-C840795008-C1214752539,FraudTransaction
tx-46-C840795008-C1214752539,HighAmountTransfer
tx-46-C840795008-C1214752539,ZeroedOriginBalance
tx-46-C397528199-C1325281003,FraudTransaction
tx-46-C397528199-C1325281003,ZeroedOriginBalance
tx-46-C1267520613-C801157832,FraudTransaction
tx-46-C1267520613-C801157832,ZeroedOriginBalance
tx-46-C33339986-C2120774041,FraudTransaction
tx-46-C33339986-C2120774041,ZeroedOriginBalance
tx-46-C313736303-C935310781,FraudTransaction
tx-46-C313736303-C935310781,ZeroedOriginBalance
tx-46-C313736303-C935310781,RepeatedFraudDestination
tx-46-C1324043104-C797897879,FraudTransaction
tx-46-C1324043104-C797897879,ZeroedOriginBalance
tx-46-C809054944-C264512063,FraudTransaction
tx-46-C809054944-C264512063,ZeroedOriginBalance
tx-46-C1061149717-C737745926,FraudTransaction
tx-46-C1061149717-C737745926,ZeroedOriginBalance
tx-46-C533706573-C1063608678,FraudTransaction
tx-46-C533706573-C1063608678,ZeroedOriginBalance
tx-46-C1603043156-C898953864,FraudTransaction
tx-46-C1603043156-C898953864,ZeroedOriginBalance
tx-46-C522399382-C509018542,FraudTransaction
tx-46-C522399382-C509018542,ZeroedOriginBalance
tx-46-C1948614614-C218558993,FraudTransaction
tx-46-C1948614614-C218558993,ZeroedOriginBalance
tx-46-C878935318-C2122554602,FraudTransaction
tx-46-C878935318-C2122554602,ZeroedOriginBalance
tx-47-C362274629-C2097224214,FraudTransaction
tx-47-C362274629-C2097224214,ZeroedOriginBalance
tx-47-C478694396-C310772625,FraudTransaction
tx-47-C478694396-C310772625,ZeroedOriginBalance
tx-47-C1664257559-C1658994093,FraudTransaction
tx-47-C1664257559-C1658994093,ZeroedOriginBalance
tx-47-C1427360526-C410529823,FraudTransaction
tx-47-C1427360526-C410529823,ZeroedOriginBalance
tx-47-C853837808-C1750636426,FraudTransaction
tx-47-C853837808-C1750636426,HighAmountTransfer
tx-47-C853837808-C1750636426,ZeroedOriginBalance
tx-47-C758510706-C1011054162,FraudTransaction
tx-47-C758510706-C1011054162,HighAmountTransfer
tx-47-C758510706-C1011054162,ZeroedOriginBalance
tx-47-C1669581327-C1697995801,FraudTransaction
tx-47-C1669581327-C1697995801,ZeroedOriginBalance
tx-47-C11443462-C1334228384,FraudTransaction
tx-47-C11443462-C1334228384,ZeroedOriginBalance
tx-47-C825902720-C512979582,FraudTransaction
tx-47-C825902720-C512979582,ZeroedOriginBalance
tx-47-C2064498880-C1457751793,FraudTransaction
tx-47-C2064498880-C1457751793,ZeroedOriginBalance
tx-47-C1496997212-C1588957214,FraudTransaction
tx-47-C1496997212-C1588957214,ZeroedOriginBalance
tx-47-C877302181-C2044342029,FraudTransaction
tx-47-C877302181-C2044342029,ZeroedOriginBalance
tx-47-C905922907-C2062739315,FraudTransaction
tx-47-C905922907-C2062739315,ZeroedOriginBalance
tx-47-C1588509166-C1486240719,FraudTransaction
tx-47-C1588509166-C1486240719,ZeroedOriginBalance
tx-47-C1767277816-C1835346647,FraudTransaction
tx-47-C1767277816-C1835346647,ZeroedOriginBalance
tx-47-C1304293347-C957732076,FraudTransaction
tx-47-C1304293347-C957732076,ZeroedOriginBalance
tx-47-C1221718544-C29028630,FraudTransaction
tx-47-C1221718544-C29028630,ZeroedOriginBalance
tx-47-C1676208609-C1263000252,FraudTransaction
tx-47-C1676208609-C1263000252,ZeroedOriginBalance
tx-47-C1932446672-C966173999,FraudTransaction
tx-47-C1186930189-C2069118895,FraudTransaction
tx-47-C1186930189-C2069118895,HighAmountTransfer
tx-47-C1186930189-C2069118895,ZeroedOriginBalance
tx-47-C1476504573-C598780092,FraudTransaction
tx-47-C1476504573-C598780092,HighAmountTransfer
tx-47-C1476504573-C598780092,ZeroedOriginBalance
tx-48-C22070941-C1908319524,FraudTransaction
tx-48-C22070941-C1908319524,HighAmountTransfer
tx-48-C22070941-C1908319524,ZeroedOriginBalance
tx-48-C274359236-C1653022223,FraudTransaction
tx-48-C274359236-C1653022223,HighAmountTransfer
tx-48-C274359236-C1653022223,ZeroedOriginBalance
tx-48-C2029593206-C1780194403,FraudTransaction
tx-48-C2029593206-C1780194403,ZeroedOriginBalance
tx-48-C1171102344-C1505545472,FraudTransaction
tx-48-C1171102344-C1505545472,ZeroedOriginBalance
tx-48-C1261933788-C1058127621,FraudTransaction
tx-48-C1261933788-C1058127621,ZeroedOriginBalance
tx-48-C1556029086-C1479614331,FraudTransaction
tx-48-C1556029086-C1479614331,ZeroedOriginBalance
tx-48-C796147836-C723898004,FraudTransaction
tx-48-C796147836-C723898004,ZeroedOriginBalance
tx-48-C442133026-C952759841,FraudTransaction
tx-48-C442133026-C952759841,ZeroedOriginBalance
tx-48-C806769154-C519182481,FraudTransaction
tx-48-C806769154-C519182481,HighAmountTransfer
tx-48-C806769154-C519182481,ZeroedOriginBalance
tx-48-C123757418-C346649476,FraudTransaction
tx-48-C123757418-C346649476,HighAmountTransfer
tx-48-C123757418-C346649476,ZeroedOriginBalance
tx-49-C1545338291-C372035143,FraudTransaction
tx-49-C1545338291-C372035143,HighAmountTransfer
tx-49-C1545338291-C372035143,ZeroedOriginBalance
tx-49-C771564749-C2126217921,FraudTransaction
tx-49-C771564749-C2126217921,HighAmountTransfer
tx-49-C771564749-C2126217921,ZeroedOriginBalance
tx-49-C1785967281-C68578357,FraudTransaction
tx-49-C1785967281-C68578357,ZeroedOriginBalance
tx-49-C305323219-C1508275623,FraudTransaction
tx-49-C305323219-C1508275623,ZeroedOriginBalance
tx-50-C994276793-C670042954,FraudTransaction
tx-50-C994276793-C670042954,ZeroedOriginBalance
tx-50-C1673728989-C487582896,FraudTransaction
tx-50-C1673728989-C487582896,ZeroedOriginBalance
tx-50-C850743663-C1137540009,FraudTransaction
tx-50-C850743663-C1137540009,ZeroedOriginBalance
tx-50-C1815828420-C917661354,FraudTransaction
tx-50-C1815828420-C917661354,ZeroedOriginBalance
tx-50-C30736240-C725738949,FraudTransaction
tx-50-C30736240-C725738949,ZeroedOriginBalance
tx-50-C300034494-C206270107,FraudTransaction
tx-50-C300034494-C206270107,ZeroedOriginBalance
tx-51-C155466948-C1368205157,FraudTransaction
tx-51-C155466948-C1368205157,ZeroedOriginBalance
tx-51-C1064820575-C26411328,FraudTransaction
tx-51-C1064820575-C26411328,ZeroedOriginBalance
tx-51-C427722942-C2116826462,FraudTransaction
tx-51-C427722942-C2116826462,ZeroedOriginBalance
tx-51-C433192438-C1002469873,FraudTransaction
tx-51-C433192438-C1002469873,ZeroedOriginBalance
tx-51-C836452372-C1661320351,FraudTransaction
tx-51-C836452372-C1661320351,ZeroedOriginBalance
tx-51-C819461207-C814886797,FraudTransaction
tx-51-C819461207-C814886797,ZeroedOriginBalance
tx-51-C1560394123-C1393670189,FraudTransaction
tx-51-C1560394123-C1393670189,HighAmountTransfer
tx-51-C1560394123-C1393670189,ZeroedOriginBalance
tx-51-C1269420432-C237977902,FraudTransaction
tx-51-C1269420432-C237977902,HighAmountTransfer
tx-51-C1269420432-C237977902,ZeroedOriginBalance
tx-51-C1948396559-C538567441,FraudTransaction
tx-51-C1948396559-C538567441,HighAmountTransfer
tx-51-C1948396559-C538567441,ZeroedOriginBalance
tx-51-C555990868-C1318550066,FraudTransaction
tx-51-C555990868-C1318550066,HighAmountTransfer
tx-51-C555990868-C1318550066,ZeroedOriginBalance
tx-51-C710887172-C2057229481,FraudTransaction
tx-51-C710887172-C2057229481,ZeroedOriginBalance
tx-51-C1373739020-C1576761892,FraudTransaction
tx-51-C1373739020-C1576761892,ZeroedOriginBalance
tx-51-C877036651-C748208035,FraudTransaction
tx-51-C877036651-C748208035,ZeroedOriginBalance
tx-51-C136533160-C178151720,FraudTransaction
tx-51-C136533160-C178151720,ZeroedOriginBalance
tx-52-C1486116303-C398541118,FraudTransaction
tx-52-C1486116303-C398541118,HighAmountTransfer
tx-52-C1486116303-C398541118,ZeroedOriginBalance
tx-52-C99129129-C1179262893,FraudTransaction
tx-52-C99129129-C1179262893,HighAmountTransfer
tx-52-C99129129-C1179262893,ZeroedOriginBalance
tx-52-C84753955-C203085340,FraudTransaction
tx-52-C84753955-C203085340,HighAmountTransfer
tx-52-C84753955-C203085340,ZeroedOriginBalance
tx-52-C395947070-C1747066716,FraudTransaction
tx-52-C395947070-C1747066716,HighAmountTransfer
tx-52-C395947070-C1747066716,ZeroedOriginBalance
tx-52-C1842985263-C840755462,FraudTransaction
tx-52-C1842985263-C840755462,ZeroedOriginBalance
tx-52-C742996578-C11731793,FraudTransaction
tx-52-C742996578-C11731793,ZeroedOriginBalance
tx-52-C806145630-C1088026094,FraudTransaction
tx-52-C806145630-C1088026094,ZeroedOriginBalance
tx-52-C457586283-C379384197,FraudTransaction
tx-52-C457586283-C379384197,ZeroedOriginBalance
tx-53-C443233087-C1597258791,FraudTransaction
tx-53-C443233087-C1597258791,HighAmountTransfer
tx-53-C443233087-C1597258791,ZeroedOriginBalance
tx-53-C1732115289-C262978946,FraudTransaction
tx-53-C1732115289-C262978946,HighAmountTransfer
tx-53-C1732115289-C262978946,ZeroedOriginBalance
tx-53-C831891422-C1984865103,FraudTransaction
tx-53-C831891422-C1984865103,ZeroedOriginBalance
tx-53-C457849577-C253226648,FraudTransaction
tx-53-C457849577-C253226648,ZeroedOriginBalance
tx-53-C1484456052-C1913346868,FraudTransaction
tx-53-C1484456052-C1913346868,ZeroedOriginBalance
tx-53-C1351929617-C842672981,FraudTransaction
tx-53-C1351929617-C842672981,ZeroedOriginBalance
tx-53-C1285761418-C2028641482,FraudTransaction
tx-53-C1285761418-C2028641482,HighAmountTransfer
tx-53-C1285761418-C2028641482,ZeroedOriginBalance
tx-53-C108318597-C1038092429,FraudTransaction
tx-53-C108318597-C1038092429,HighAmountTransfer
tx-53-C108318597-C1038092429,ZeroedOriginBalance
tx-53-C101455775-C1834538811,FraudTransaction
tx-53-C101455775-C1834538811,ZeroedOriginBalance
tx-53-C1888926728-C1918631578,FraudTransaction
tx-53-C1888926728-C1918631578,ZeroedOriginBalance
tx-54-C919766733-C623650025,FraudTransaction
tx-54-C919766733-C623650025,HighAmountTransfer
tx-54-C919766733-C623650025,ZeroedOriginBalance
tx-54-C414078193-C907833742,FraudTransaction
tx-54-C414078193-C907833742,HighAmountTransfer
tx-54-C414078193-C907833742,ZeroedOriginBalance
tx-54-C163085808-C652285552,FraudTransaction
tx-54-C163085808-C652285552,ZeroedOriginBalance
tx-54-C1238831225-C296924123,FraudTransaction
tx-54-C1238831225-C296924123,ZeroedOriginBalance
tx-55-C1611123412-C1796277088,FraudTransaction
tx-55-C1611123412-C1796277088,ZeroedOriginBalance
tx-55-C749159040-C1749746216,FraudTransaction
tx-55-C749159040-C1749746216,ZeroedOriginBalance
tx-55-C1323797959-C986375360,FraudTransaction
tx-55-C1323797959-C986375360,ZeroedOriginBalance
tx-55-C906689307-C1018466821,FraudTransaction
tx-55-C906689307-C1018466821,ZeroedOriginBalance
tx-55-C1745208932-C2118682140,FraudTransaction
tx-55-C1745208932-C2118682140,ZeroedOriginBalance
tx-55-C2116041382-C1772301094,FraudTransaction
tx-55-C2116041382-C1772301094,ZeroedOriginBalance
tx-55-C215685392-C1679780828,FraudTransaction
tx-55-C215685392-C1679780828,ZeroedOriginBalance
tx-55-C1835596211-C1502942700,FraudTransaction
tx-55-C1835596211-C1502942700,ZeroedOriginBalance
tx-55-C723006620-C240791931,FraudTransaction
tx-55-C723006620-C240791931,ZeroedOriginBalance
tx-55-C1410522707-C880907246,FraudTransaction
tx-55-C1410522707-C880907246,ZeroedOriginBalance
tx-55-C5594712-C69798076,FraudTransaction
tx-55-C5594712-C69798076,ZeroedOriginBalance
tx-55-C710580864-C349231889,FraudTransaction
tx-55-C710580864-C349231889,ZeroedOriginBalance
tx-56-C1448304922-C1082976131,FraudTransaction
tx-56-C1448304922-C1082976131,HighAmountTransfer
tx-56-C1448304922-C1082976131,ZeroedOriginBalance
tx-56-C1900295340-C2032646914,FraudTransaction
tx-56-C1900295340-C2032646914,HighAmountTransfer
tx-56-C1900295340-C2032646914,ZeroedOriginBalance
tx-56-C633571752-C22428002,FraudTransaction
tx-56-C633571752-C22428002,ZeroedOriginBalance
tx-56-C1179900921-C2021579766,FraudTransaction
tx-56-C1179900921-C2021579766,ZeroedOriginBalance
tx-56-C353411083-C803277933,FraudTransaction
tx-56-C353411083-C803277933,ZeroedOriginBalance
tx-56-C1799683256-C2124012245,FraudTransaction
tx-56-C1799683256-C2124012245,ZeroedOriginBalance
tx-56-C1391703729-C1707583711,FraudTransaction
tx-56-C1391703729-C1707583711,ZeroedOriginBalance
tx-56-C170337029-C2005239245,FraudTransaction
tx-56-C170337029-C2005239245,ZeroedOriginBalance
tx-56-C447204018-C1405076025,FraudTransaction
tx-56-C447204018-C1405076025,ZeroedOriginBalance
tx-56-C1447707746-C133385139,FraudTransaction
tx-56-C1447707746-C133385139,ZeroedOriginBalance
tx-56-C432219684-C926776113,FraudTransaction
tx-56-C432219684-C926776113,HighAmountTransfer
tx-56-C432219684-C926776113,ZeroedOriginBalance
tx-56-C718213394-C1307403006,FraudTransaction
tx-56-C718213394-C1307403006,HighAmountTransfer
tx-56-C718213394-C1307403006,ZeroedOriginBalance
tx-56-C244956323-C1079262309,FraudTransaction
tx-56-C244956323-C1079262309,HighAmountTransfer
tx-56-C244956323-C1079262309,ZeroedOriginBalance
tx-56-C175411270-C1082242132,FraudTransaction
tx-56-C175411270-C1082242132,HighAmountTransfer
tx-56-C175411270-C1082242132,ZeroedOriginBalance
tx-56-C176579882-C1049193275,FraudTransaction
tx-56-C176579882-C1049193275,ZeroedOriginBalance
tx-56-C1486070505-C1428831661,FraudTransaction
tx-56-C1486070505-C1428831661,ZeroedOriginBalance
tx-56-C464286204-C1532660344,FraudTransaction
tx-56-C464286204-C1532660344,ZeroedOriginBalance
tx-56-C905192559-C1676432811,FraudTransaction
tx-56-C905192559-C1676432811,ZeroedOriginBalance
tx-57-C207792334-C912468991,FraudTransaction
tx-57-C207792334-C912468991,ZeroedOriginBalance
tx-57-C1227085633-C1712237759,FraudTransaction
tx-57-C1227085633-C1712237759,ZeroedOriginBalance
tx-57-C829975560-C157107660,FraudTransaction
tx-57-C829975560-C157107660,ZeroedOriginBalance
tx-57-C633069844-C1718989078,FraudTransaction
tx-57-C633069844-C1718989078,ZeroedOriginBalance
tx-57-C550185181-C1007032757,FraudTransaction
tx-57-C550185181-C1007032757,HighAmountTransfer
tx-57-C550185181-C1007032757,ZeroedOriginBalance
tx-57-C1871778702-C2092796486,FraudTransaction
tx-57-C1871778702-C2092796486,HighAmountTransfer
tx-57-C1871778702-C2092796486,ZeroedOriginBalance
tx-58-C1588962215-C1667993735,FraudTransaction
tx-58-C1588962215-C1667993735,ZeroedOriginBalance
tx-58-C1249676524-C1822682019,FraudTransaction
tx-58-C1249676524-C1822682019,ZeroedOriginBalance
tx-58-C856217790-C1278181974,FraudTransaction
tx-58-C856217790-C1278181974,ZeroedOriginBalance
tx-58-C1424142386-C248271098,FraudTransaction
tx-58-C1424142386-C248271098,ZeroedOriginBalance
tx-58-C666474898-C2119441360,FraudTransaction
tx-58-C666474898-C2119441360,ZeroedOriginBalance
tx-58-C160197221-C431559844,FraudTransaction
tx-58-C160197221-C431559844,ZeroedOriginBalance
tx-58-C2083819202-C1581398768,FraudTransaction
tx-58-C2083819202-C1581398768,HighAmountTransfer
tx-58-C2083819202-C1581398768,ZeroedOriginBalance
tx-58-C1033290326-C1721246847,FraudTransaction
tx-58-C1033290326-C1721246847,HighAmountTransfer
tx-58-C1033290326-C1721246847,ZeroedOriginBalance
tx-58-C1609180237-C1443408255,FraudTransaction
tx-58-C1609180237-C1443408255,HighAmountTransfer
tx-58-C1609180237-C1443408255,ZeroedOriginBalance
tx-58-C597790533-C1365109989,FraudTransaction
tx-58-C597790533-C1365109989,HighAmountTransfer
tx-58-C597790533-C1365109989,ZeroedOriginBalance
tx-58-C1979185568-C1873285106,FraudTransaction
tx-58-C1979185568-C1873285106,HighAmountTransfer
tx-58-C1979185568-C1873285106,ZeroedOriginBalance
tx-58-C853148295-C439525493,FraudTransaction
tx-58-C853148295-C439525493,HighAmountTransfer
tx-58-C853148295-C439525493,ZeroedOriginBalance
tx-58-C1016889565-C1924324818,FraudTransaction
tx-58-C1016889565-C1924324818,ZeroedOriginBalance
tx-58-C325643180-C1138806458,FraudTransaction
tx-58-C325643180-C1138806458,ZeroedOriginBalance
tx-58-C1494760088-C1835087777,FraudTransaction
tx-58-C1494760088-C1835087777,HighAmountTransfer
tx-58-C1494760088-C1835087777,ZeroedOriginBalance
tx-58-C993318150-C73690456,FraudTransaction
tx-58-C993318150-C73690456,HighAmountTransfer
tx-58-C993318150-C73690456,ZeroedOriginBalance
tx-58-C1677074645-C408634115,FraudTransaction
tx-58-C1677074645-C408634115,ZeroedOriginBalance
tx-58-C924291724-C1035427073,FraudTransaction
tx-58-C924291724-C1035427073,ZeroedOriginBalance
tx-58-C801354252-C388808912,FraudTransaction
tx-58-C801354252-C388808912,ZeroedOriginBalance
tx-58-C851631639-C1573752300,FraudTransaction
tx-58-C851631639-C1573752300,ZeroedOriginBalance
tx-59-C1625333778-C940087282,FraudTransaction
tx-59-C1625333778-C940087282,ZeroedOriginBalance
tx-59-C1802030448-C707965723,FraudTransaction
tx-59-C1802030448-C707965723,ZeroedOriginBalance
tx-59-C1648039979-C1502171587,FraudTransaction
tx-59-C1648039979-C1502171587,HighAmountTransfer
tx-59-C1648039979-C1502171587,ZeroedOriginBalance
tx-59-C280132554-C858291954,FraudTransaction
tx-59-C280132554-C858291954,HighAmountTransfer
tx-59-C280132554-C858291954,ZeroedOriginBalance
tx-59-C1675721447-C892636220,FraudTransaction
tx-59-C1675721447-C892636220,HighAmountTransfer
tx-59-C1675721447-C892636220,ZeroedOriginBalance
tx-59-C1585480308-C78663667,FraudTransaction
tx-59-C1585480308-C78663667,HighAmountTransfer
tx-59-C1585480308-C78663667,ZeroedOriginBalance
tx-59-C1690317775-C1829927547,FraudTransaction
tx-59-C1690317775-C1829927547,ZeroedOriginBalance
tx-59-C1739548854-C240278716,FraudTransaction
tx-59-C1739548854-C240278716,ZeroedOriginBalance
tx-59-C267452646-C243306413,FraudTransaction
tx-59-C267452646-C243306413,ZeroedOriginBalance
tx-59-C1429774414-C764672612,FraudTransaction
tx-59-C1429774414-C764672612,ZeroedOriginBalance
tx-59-C813936493-C1382261132,FraudTransaction
tx-59-C813936493-C1382261132,HighAmountTransfer
tx-59-C813936493-C1382261132,ZeroedOriginBalance
tx-59-C754293523-C1247187194,FraudTransaction
tx-59-C754293523-C1247187194,HighAmountTransfer
tx-59-C754293523-C1247187194,ZeroedOriginBalance
tx-59-C721700955-C1996747267,FraudTransaction
tx-59-C721700955-C1996747267,HighAmountTransfer
tx-59-C721700955-C1996747267,ZeroedOriginBalance
tx-59-C992917413-C104038589,FraudTransaction
tx-59-C992917413-C104038589,HighAmountTransfer
tx-59-C992917413-C104038589,ZeroedOriginBalance
tx-59-C992917413-C104038589,RepeatedFraudDestination
tx-59-C385589098-C1606057909,FraudTransaction
tx-59-C385589098-C1606057909,ZeroedOriginBalance
tx-59-C383165349-C868497487,FraudTransaction
tx-59-C383165349-C868497487,ZeroedOriginBalance
tx-59-C521758644-C1703221504,FraudTransaction
tx-59-C521758644-C1703221504,ZeroedOriginBalance
tx-59-C1363437677-C1445811732,FraudTransaction
tx-59-C1363437677-C1445811732,ZeroedOriginBalance
tx-59-C453950944-C1875884022,FraudTransaction
tx-59-C453950944-C1875884022,HighAmountTransfer
tx-59-C453950944-C1875884022,ZeroedOriginBalance
tx-59-C954658479-C845870432,FraudTransaction
tx-59-C954658479-C845870432,HighAmountTransfer
tx-59-C954658479-C845870432,ZeroedOriginBalance
tx-60-C1813387968-C106857650,FraudTransaction
tx-60-C1813387968-C106857650,HighAmountTransfer
tx-60-C1813387968-C106857650,ZeroedOriginBalance
tx-60-C518197295-C1560262585,FraudTransaction
tx-60-C518197295-C1560262585,HighAmountTransfer
tx-60-C518197295-C1560262585,ZeroedOriginBalance
tx-60-C46706219-C1894539182,FraudTransaction
tx-60-C46706219-C1894539182,ZeroedOriginBalance
tx-60-C1413149184-C713338583,FraudTransaction
tx-60-C1413149184-C713338583,ZeroedOriginBalance
tx-60-C1517105060-C621322132,FraudTransaction
tx-60-C1517105060-C621322132,ZeroedOriginBalance
tx-60-C2128547053-C2076906949,FraudTransaction
tx-60-C2128547053-C2076906949,ZeroedOriginBalance
tx-60-C958487787-C218393296,FraudTransaction
tx-60-C958487787-C218393296,ZeroedOriginBalance
tx-60-C981996349-C1099066639,FraudTransaction
tx-60-C981996349-C1099066639,ZeroedOriginBalance
tx-60-C153820103-C1530694083,FraudTransaction
tx-60-C153820103-C1530694083,ZeroedOriginBalance
tx-60-C261473899-C897961171,FraudTransaction
tx-60-C261473899-C897961171,ZeroedOriginBalance
tx-60-C1021314422-C2062695733,FraudTransaction
tx-60-C1021314422-C2062695733,ZeroedOriginBalance
tx-60-C1175189548-C340833561,FraudTransaction
tx-60-C1175189548-C340833561,ZeroedOriginBalance
tx-61-C397354505-C320276503,FraudTransaction
tx-61-C397354505-C320276503,ZeroedOriginBalance
tx-61-C916986889-C1738798142,FraudTransaction
tx-61-C916986889-C1738798142,ZeroedOriginBalance
tx-61-C182416415-C180492809,FraudTransaction
tx-61-C182416415-C180492809,HighAmountTransfer
tx-61-C182416415-C180492809,ZeroedOriginBalance
tx-61-C319563760-C2133088178,FraudTransaction
tx-61-C319563760-C2133088178,HighAmountTransfer
tx-61-C319563760-C2133088178,ZeroedOriginBalance
tx-61-C2113787126-C2003052554,FraudTransaction
tx-61-C2113787126-C2003052554,ZeroedOriginBalance
tx-61-C188991252-C308006848,FraudTransaction
tx-61-C188991252-C308006848,ZeroedOriginBalance
tx-61-C1544506396-C2060264943,FraudTransaction
tx-61-C1544506396-C2060264943,HighAmountTransfer
tx-61-C1544506396-C2060264943,ZeroedOriginBalance
tx-61-C1024969195-C1809017437,FraudTransaction
tx-61-C1024969195-C1809017437,HighAmountTransfer
tx-61-C1024969195-C1809017437,ZeroedOriginBalance
tx-61-C729983243-C246124153,FraudTransaction
tx-61-C729983243-C246124153,ZeroedOriginBalance
tx-61-C520847673-C362089456,FraudTransaction
tx-61-C520847673-C362089456,ZeroedOriginBalance
tx-61-C960647528-C1203056408,FraudTransaction
tx-61-C960647528-C1203056408,ZeroedOriginBalance
tx-61-C983142202-C204026282,FraudTransaction
tx-61-C983142202-C204026282,ZeroedOriginBalance
tx-61-C74298259-C1317404545,FraudTransaction
tx-61-C74298259-C1317404545,HighAmountTransfer
tx-61-C74298259-C1317404545,ZeroedOriginBalance
tx-61-C1202518126-C1162744412,FraudTransaction
tx-61-C1202518126-C1162744412,HighAmountTransfer
tx-61-C1202518126-C1162744412,ZeroedOriginBalance
tx-62-C330207825-C1825454306,FraudTransaction
tx-62-C330207825-C1825454306,ZeroedOriginBalance
tx-62-C570967174-C1845869240,FraudTransaction
tx-62-C570967174-C1845869240,ZeroedOriginBalance
tx-62-C1429215839-C1401928307,FraudTransaction
tx-62-C1429215839-C1401928307,ZeroedOriginBalance
tx-62-C207317063-C1419788780,FraudTransaction
tx-62-C207317063-C1419788780,ZeroedOriginBalance
tx-62-C1803571079-C1642306592,FraudTransaction
tx-62-C1803571079-C1642306592,ZeroedOriginBalance
tx-62-C189532677-C741569434,FraudTransaction
tx-62-C189532677-C741569434,ZeroedOriginBalance
tx-62-C1585122257-C645113065,FraudTransaction
tx-62-C1585122257-C645113065,ZeroedOriginBalance
tx-62-C162879753-C1818870755,FraudTransaction
tx-62-C162879753-C1818870755,ZeroedOriginBalance
tx-63-C1621152719-C2001263601,FraudTransaction
tx-63-C1621152719-C2001263601,ZeroedOriginBalance
tx-63-C198701564-C492308077,FraudTransaction
tx-63-C198701564-C492308077,ZeroedOriginBalance
tx-63-C279016627-C234112724,FraudTransaction
tx-63-C279016627-C234112724,HighAmountTransfer
tx-63-C279016627-C234112724,ZeroedOriginBalance
tx-63-C1268276273-C959205237,FraudTransaction
tx-63-C1268276273-C959205237,HighAmountTransfer
tx-63-C1268276273-C959205237,ZeroedOriginBalance
tx-63-C156009552-C2090793760,FraudTransaction
tx-63-C156009552-C2090793760,ZeroedOriginBalance
tx-63-C1076609671-C1903932056,FraudTransaction
tx-63-C1076609671-C1903932056,ZeroedOriginBalance
tx-63-C1538536157-C1896614473,FraudTransaction
tx-63-C1538536157-C1896614473,ZeroedOriginBalance
tx-63-C1388614734-C693288034,FraudTransaction
tx-63-C1388614734-C693288034,ZeroedOriginBalance
tx-64-C1061680194-C2009518683,FraudTransaction
tx-64-C1061680194-C2009518683,ZeroedOriginBalance
tx-64-C568731351-C329030670,FraudTransaction
tx-64-C568731351-C329030670,ZeroedOriginBalance
tx-64-C1530845932-C2125159934,FraudTransaction
tx-64-C1530845932-C2125159934,ZeroedOriginBalance
tx-64-C758006561-C2079728909,FraudTransaction
tx-64-C758006561-C2079728909,ZeroedOriginBalance
tx-64-C759912226-C287309829,FraudTransaction
tx-64-C759912226-C287309829,ZeroedOriginBalance
tx-64-C1032527042-C317596259,FraudTransaction
tx-64-C1032527042-C317596259,ZeroedOriginBalance
tx-64-C273631269-C1035103148,FraudTransaction
tx-64-C273631269-C1035103148,ZeroedOriginBalance
tx-64-C1336358470-C89588966,FraudTransaction
tx-64-C1336358470-C89588966,ZeroedOriginBalance
tx-64-C941791959-C1945517835,FraudTransaction
tx-64-C941791959-C1945517835,HighAmountTransfer
tx-64-C941791959-C1945517835,ZeroedOriginBalance
tx-64-C1563094045-C1677375515,FraudTransaction
tx-64-C1563094045-C1677375515,HighAmountTransfer
tx-64-C1563094045-C1677375515,ZeroedOriginBalance
tx-64-C927898109-C542075780,FraudTransaction
tx-64-C927898109-C542075780,ZeroedOriginBalance
tx-64-C1101896788-C641861955,FraudTransaction
tx-64-C1101896788-C641861955,ZeroedOriginBalance
tx-64-C1844789908-C2049190094,FraudTransaction
tx-64-C1844789908-C2049190094,ZeroedOriginBalance
tx-64-C1731531059-C621663353,FraudTransaction
tx-64-C1731531059-C621663353,ZeroedOriginBalance
tx-64-C1837436553-C611839321,FraudTransaction
tx-64-C1837436553-C611839321,ZeroedOriginBalance
tx-64-C1776675634-C1757751807,FraudTransaction
tx-64-C1776675634-C1757751807,ZeroedOriginBalance
tx-64-C1198248537-C29406343,FraudTransaction
tx-64-C1198248537-C29406343,HighAmountTransfer
tx-64-C1198248537-C29406343,ZeroedOriginBalance
tx-64-C1694539503-C1906797318,FraudTransaction
tx-64-C1694539503-C1906797318,HighAmountTransfer
tx-64-C1694539503-C1906797318,ZeroedOriginBalance
tx-65-C1422133318-C548676992,FraudTransaction
tx-65-C1422133318-C548676992,ZeroedOriginBalance
tx-65-C1795901064-C1652576276,FraudTransaction
tx-65-C1795901064-C1652576276,ZeroedOriginBalance
tx-65-C1116093088-C506992553,FraudTransaction
tx-65-C1116093088-C506992553,ZeroedOriginBalance
tx-65-C289101217-C514505298,FraudTransaction
tx-65-C289101217-C514505298,ZeroedOriginBalance
tx-65-C1699346936-C27494611,FraudTransaction
tx-65-C1699346936-C27494611,ZeroedOriginBalance
tx-65-C1422380255-C947026739,FraudTransaction
tx-65-C1422380255-C947026739,ZeroedOriginBalance
tx-65-C661110749-C90361142,FraudTransaction
tx-65-C661110749-C90361142,HighAmountTransfer
tx-65-C661110749-C90361142,ZeroedOriginBalance
tx-65-C1824157901-C675598051,FraudTransaction
tx-65-C1824157901-C675598051,HighAmountTransfer
tx-65-C1824157901-C675598051,ZeroedOriginBalance
tx-65-C1175896731-C1714931087,FraudTransaction
tx-65-C1175896731-C1714931087,HighAmountTransfer
tx-65-C1175896731-C1714931087,ZeroedOriginBalance
tx-65-C744316850-C1365960800,FraudTransaction
tx-65-C744316850-C1365960800,HighAmountTransfer
tx-65-C744316850-C1365960800,ZeroedOriginBalance
tx-65-C920552627-C1105243161,FraudTransaction
tx-65-C920552627-C1105243161,ZeroedOriginBalance
tx-65-C157136573-C882992570,FraudTransaction
tx-65-C157136573-C882992570,ZeroedOriginBalance
tx-65-C2041556759-C1497527382,FraudTransaction
tx-65-C2041556759-C1497527382,ZeroedOriginBalance
tx-65-C1061805919-C1217320472,FraudTransaction
tx-65-C1061805919-C1217320472,ZeroedOriginBalance
tx-65-C2112892697-C1785871119,FraudTransaction
tx-65-C2112892697-C1785871119,ZeroedOriginBalance
tx-65-C435979844-C29687546,FraudTransaction
tx-65-C435979844-C29687546,ZeroedOriginBalance
tx-65-C498025851-C892311426,FraudTransaction
tx-65-C498025851-C892311426,ZeroedOriginBalance
tx-65-C1827521206-C1015650621,FraudTransaction
tx-65-C1827521206-C1015650621,ZeroedOriginBalance
tx-65-C270115029-C1574358644,FraudTransaction
tx-65-C270115029-C1574358644,ZeroedOriginBalance
tx-65-C1831520820-C331175512,FraudTransaction
tx-65-C1831520820-C331175512,ZeroedOriginBalance
tx-66-C172609143-C106756368,FraudTransaction
tx-66-C172609143-C106756368,ZeroedOriginBalance
tx-66-C145966586-C979594589,FraudTransaction
tx-66-C145966586-C979594589,ZeroedOriginBalance
tx-66-C1433490225-C1414864266,FraudTransaction
tx-66-C1433490225-C1414864266,ZeroedOriginBalance
tx-66-C1857116353-C690687822,FraudTransaction
tx-66-C1857116353-C690687822,ZeroedOriginBalance
tx-66-C718215446-C1200993280,FraudTransaction
tx-66-C718215446-C1200993280,ZeroedOriginBalance
tx-66-C952177952-C884699340,FraudTransaction
tx-66-C952177952-C884699340,ZeroedOriginBalance
tx-66-C1735799250-C106378482,FraudTransaction
tx-66-C1735799250-C106378482,HighAmountTransfer
tx-66-C1735799250-C106378482,ZeroedOriginBalance
tx-66-C65342125-C282355647,FraudTransaction
tx-66-C65342125-C282355647,HighAmountTransfer
tx-66-C65342125-C282355647,ZeroedOriginBalance
tx-66-C476640492-C1370530926,FraudTransaction
tx-66-C476640492-C1370530926,ZeroedOriginBalance
tx-66-C1671353324-C1524911570,FraudTransaction
tx-66-C1671353324-C1524911570,ZeroedOriginBalance
tx-66-C1016521533-C475877892,FraudTransaction
tx-66-C1016521533-C475877892,HighAmountTransfer
tx-66-C1016521533-C475877892,ZeroedOriginBalance
tx-66-C877157675-C357180483,FraudTransaction
tx-66-C877157675-C357180483,HighAmountTransfer
tx-66-C877157675-C357180483,ZeroedOriginBalance
tx-66-C1876689114-C1824138036,FraudTransaction
tx-66-C1876689114-C1824138036,ZeroedOriginBalance
tx-66-C2059976574-C1021456304,FraudTransaction
tx-66-C2059976574-C1021456304,ZeroedOriginBalance
tx-66-C1900819473-C526266879,FraudTransaction
tx-66-C1900819473-C526266879,HighAmountTransfer
tx-66-C1900819473-C526266879,ZeroedOriginBalance
tx-66-C127639062-C1426710143,FraudTransaction
tx-66-C127639062-C1426710143,HighAmountTransfer
tx-66-C127639062-C1426710143,ZeroedOriginBalance
tx-66-C147756271-C650234869,FraudTransaction
tx-66-C147756271-C650234869,ZeroedOriginBalance
tx-66-C935524807-C1309332634,FraudTransaction
tx-66-C935524807-C1309332634,ZeroedOriginBalance
tx-66-C658423698-C329899379,FraudTransaction
tx-66-C658423698-C329899379,HighAmountTransfer
tx-66-C658423698-C329899379,ZeroedOriginBalance
tx-66-C2089741901-C434503423,FraudTransaction
tx-66-C2089741901-C434503423,HighAmountTransfer
tx-66-C2089741901-C434503423,ZeroedOriginBalance
tx-66-C1795295-C658604431,FraudTransaction
tx-66-C1795295-C658604431,HighAmountTransfer
tx-66-C1795295-C658604431,ZeroedOriginBalance
tx-66-C548911578-C1075176822,FraudTransaction
tx-66-C548911578-C1075176822,HighAmountTransfer
tx-66-C548911578-C1075176822,ZeroedOriginBalance
tx-66-C1915179121-C36534041,FraudTransaction
tx-66-C1915179121-C36534041,ZeroedOriginBalance
tx-66-C2043684094-C795372753,FraudTransaction
tx-66-C2043684094-C795372753,ZeroedOriginBalance
tx-67-C582388359-C641615589,FraudTransaction
tx-67-C582388359-C641615589,HighAmountTransfer
tx-67-C582388359-C641615589,ZeroedOriginBalance
tx-67-C1062379106-C1316357800,FraudTransaction
tx-67-C1062379106-C1316357800,HighAmountTransfer
tx-67-C1062379106-C1316357800,ZeroedOriginBalance
tx-67-C2009003297-C1459842129,FraudTransaction
tx-67-C2009003297-C1459842129,ZeroedOriginBalance
tx-67-C263309564-C1511183581,FraudTransaction
tx-67-C263309564-C1511183581,ZeroedOriginBalance
tx-67-C432380223-C1583623584,FraudTransaction
tx-67-C432380223-C1583623584,ZeroedOriginBalance
tx-67-C844080619-C597435768,FraudTransaction
tx-67-C844080619-C597435768,ZeroedOriginBalance
tx-68-C1936471789-C844650878,FraudTransaction
tx-68-C1936471789-C844650878,ZeroedOriginBalance
tx-68-C347823837-C535285535,FraudTransaction
tx-68-C347823837-C535285535,ZeroedOriginBalance
tx-68-C1770441952-C1228502814,FraudTransaction
tx-68-C1770441952-C1228502814,HighAmountTransfer
tx-68-C1770441952-C1228502814,ZeroedOriginBalance
tx-68-C1232837961-C1664538299,FraudTransaction
tx-68-C1232837961-C1664538299,HighAmountTransfer
tx-68-C1232837961-C1664538299,ZeroedOriginBalance
tx-68-C1530003925-C1195646619,FraudTransaction
tx-68-C1530003925-C1195646619,HighAmountTransfer
tx-68-C1530003925-C1195646619,ZeroedOriginBalance
tx-68-C355594712-C1163824069,FraudTransaction
tx-68-C355594712-C1163824069,HighAmountTransfer
tx-68-C355594712-C1163824069,ZeroedOriginBalance
tx-68-C1585059557-C1250942546,FraudTransaction
tx-68-C1585059557-C1250942546,HighAmountTransfer
tx-68-C1585059557-C1250942546,ZeroedOriginBalance
tx-68-C451243683-C958253769,FraudTransaction
tx-68-C451243683-C958253769,HighAmountTransfer
tx-68-C451243683-C958253769,ZeroedOriginBalance
tx-68-C486342629-C249139572,FraudTransaction
tx-68-C486342629-C249139572,ZeroedOriginBalance
tx-68-C712970778-C44247024,FraudTransaction
tx-68-C712970778-C44247024,ZeroedOriginBalance
tx-68-C607970446-C1306842666,FraudTransaction
tx-68-C607970446-C1306842666,HighAmountTransfer
tx-68-C607970446-C1306842666,ZeroedOriginBalance
tx-68-C354227932-C467042735,FraudTransaction
tx-68-C354227932-C467042735,HighAmountTransfer
tx-68-C354227932-C467042735,ZeroedOriginBalance
tx-68-C1860550733-C731457880,FraudTransaction
tx-68-C1860550733-C731457880,ZeroedOriginBalance
tx-68-C1020850249-C381876590,FraudTransaction
tx-68-C1020850249-C381876590,ZeroedOriginBalance
tx-68-C2139323336-C1787061281,FraudTransaction
tx-68-C2139323336-C1787061281,ZeroedOriginBalance
tx-68-C47524114-C645628840,FraudTransaction
tx-68-C47524114-C645628840,ZeroedOriginBalance
tx-68-C1123186349-C1729475937,FraudTransaction
tx-68-C1123186349-C1729475937,ZeroedOriginBalance
tx-68-C961780738-C1786351253,FraudTransaction
tx-68-C961780738-C1786351253,ZeroedOriginBalance
tx-69-C1567288795-C1978402788,FraudTransaction
tx-69-C1567288795-C1978402788,ZeroedOriginBalance
tx-69-C1994183389-C366927459,FraudTransaction
tx-69-C1994183389-C366927459,ZeroedOriginBalance
tx-69-C659199413-C1444079719,FraudTransaction
tx-69-C659199413-C1444079719,ZeroedOriginBalance
tx-69-C48017106-C1750307657,FraudTransaction
tx-69-C48017106-C1750307657,ZeroedOriginBalance
tx-69-C139632487-C1966690861,FraudTransaction
tx-69-C139632487-C1966690861,HighAmountTransfer
tx-69-C139632487-C1966690861,ZeroedOriginBalance
tx-69-C403242634-C61990291,FraudTransaction
tx-69-C403242634-C61990291,HighAmountTransfer
tx-69-C403242634-C61990291,ZeroedOriginBalance
tx-69-C1805399811-C1422711438,FraudTransaction
tx-69-C1805399811-C1422711438,ZeroedOriginBalance
tx-69-C215072412-C386798101,FraudTransaction
tx-69-C215072412-C386798101,ZeroedOriginBalance
tx-69-C275034566-C782534893,FraudTransaction
tx-69-C275034566-C782534893,ZeroedOriginBalance
tx-69-C1330110958-C857281092,FraudTransaction
tx-69-C1330110958-C857281092,ZeroedOriginBalance
tx-69-C1164571434-C895361185,FraudTransaction
tx-69-C1164571434-C895361185,ZeroedOriginBalance
tx-69-C1154322501-C1687580441,FraudTransaction
tx-69-C1154322501-C1687580441,ZeroedOriginBalance
tx-69-C833989982-C1897067419,FraudTransaction
tx-69-C833989982-C1897067419,HighAmountTransfer
tx-69-C833989982-C1897067419,ZeroedOriginBalance
tx-69-C262990065-C1242379975,FraudTransaction
tx-69-C262990065-C1242379975,HighAmountTransfer
tx-69-C262990065-C1242379975,ZeroedOriginBalance
tx-69-C505397169-C599233021,FraudTransaction
tx-69-C505397169-C599233021,HighAmountTransfer
tx-69-C505397169-C599233021,ZeroedOriginBalance
tx-69-C1786386487-C1454031203,FraudTransaction
tx-69-C1786386487-C1454031203,HighAmountTransfer
tx-69-C1786386487-C1454031203,ZeroedOriginBalance
tx-69-C1991870331-C501280303,FraudTransaction
tx-69-C1991870331-C501280303,HighAmountTransfer
tx-69-C1991870331-C501280303,ZeroedOriginBalance
tx-69-C515510845-C415699959,FraudTransaction
tx-69-C515510845-C415699959,HighAmountTransfer
tx-69-C515510845-C415699959,ZeroedOriginBalance
tx-69-C2109457516-C908864570,FraudTransaction
tx-69-C2109457516-C908864570,ZeroedOriginBalance
tx-69-C1195032652-C1367255869,FraudTransaction
tx-69-C1195032652-C1367255869,ZeroedOriginBalance
tx-70-C2105673103-C98079296,FraudTransaction
tx-70-C2105673103-C98079296,ZeroedOriginBalance
tx-70-C862440440-C167070759,FraudTransaction
tx-70-C862440440-C167070759,ZeroedOriginBalance
tx-70-C282915164-C672400159,FraudTransaction
tx-70-C282915164-C672400159,HighAmountTransfer
tx-70-C282915164-C672400159,ZeroedOriginBalance
tx-70-C32861099-C1594778194,FraudTransaction
tx-70-C32861099-C1594778194,HighAmountTransfer
tx-70-C32861099-C1594778194,ZeroedOriginBalance
tx-70-C1823914087-C1052777709,FraudTransaction
tx-70-C1823914087-C1052777709,ZeroedOriginBalance
tx-70-C1636013570-C2066003164,FraudTransaction
tx-70-C1636013570-C2066003164,ZeroedOriginBalance
tx-71-C1765119291-C371379583,FraudTransaction
tx-71-C1765119291-C371379583,ZeroedOriginBalance
tx-71-C1982559118-C1018969803,FraudTransaction
tx-71-C1982559118-C1018969803,ZeroedOriginBalance
tx-71-C1715084286-C415375205,FraudTransaction
tx-71-C1715084286-C415375205,ZeroedOriginBalance
tx-71-C1841119507-C1966998418,FraudTransaction
tx-71-C1841119507-C1966998418,ZeroedOriginBalance
tx-71-C677678546-C646623849,FraudTransaction
tx-71-C677678546-C646623849,HighAmountTransfer
tx-71-C677678546-C646623849,ZeroedOriginBalance
tx-71-C92154963-C1037207091,FraudTransaction
tx-71-C92154963-C1037207091,HighAmountTransfer
tx-71-C92154963-C1037207091,ZeroedOriginBalance
tx-71-C866984681-C1857536723,FraudTransaction
tx-71-C866984681-C1857536723,HighAmountTransfer
tx-71-C866984681-C1857536723,ZeroedOriginBalance
tx-71-C874465366-C1545590429,FraudTransaction
tx-71-C874465366-C1545590429,HighAmountTransfer
tx-71-C874465366-C1545590429,ZeroedOriginBalance
tx-71-C949573914-C346346824,FraudTransaction
tx-71-C949573914-C346346824,ZeroedOriginBalance
tx-71-C1282533102-C672637887,FraudTransaction
tx-71-C1282533102-C672637887,ZeroedOriginBalance
tx-71-C378617827-C1265131322,FraudTransaction
tx-71-C378617827-C1265131322,ZeroedOriginBalance
tx-71-C1476565151-C1637975724,FraudTransaction
tx-71-C1476565151-C1637975724,ZeroedOriginBalance
tx-71-C706829068-C1684593692,FraudTransaction
tx-71-C706829068-C1684593692,ZeroedOriginBalance
tx-71-C1772396080-C257338994,FraudTransaction
tx-71-C1772396080-C257338994,ZeroedOriginBalance
tx-71-C1985338048-C1366367431,FraudTransaction
tx-71-C1985338048-C1366367431,ZeroedOriginBalance
tx-71-C979329781-C1938348365,FraudTransaction
tx-71-C979329781-C1938348365,ZeroedOriginBalance
tx-71-C436643721-C295403005,FraudTransaction
tx-71-C436643721-C295403005,ZeroedOriginBalance
tx-71-C1461649383-C798055687,FraudTransaction
tx-71-C1461649383-C798055687,ZeroedOriginBalance
tx-71-C264616990-C1955514169,FraudTransaction
tx-71-C264616990-C1955514169,ZeroedOriginBalance
tx-71-C1313615833-C475338087,FraudTransaction
tx-71-C1313615833-C475338087,ZeroedOriginBalance
tx-71-C1313615833-C475338087,RepeatedFraudDestination
tx-72-C1641673590-C227659861,FraudTransaction
tx-72-C1641673590-C227659861,HighAmountTransfer
tx-72-C1641673590-C227659861,ZeroedOriginBalance
tx-72-C1092143469-C528593406,FraudTransaction
tx-72-C1092143469-C528593406,HighAmountTransfer
tx-72-C1092143469-C528593406,ZeroedOriginBalance
tx-72-C1671411740-C2033875224,FraudTransaction
tx-72-C1671411740-C2033875224,ZeroedOriginBalance
tx-72-C1283613009-C1291527211,FraudTransaction
tx-72-C1283613009-C1291527211,ZeroedOriginBalance
tx-72-C1659791860-C199886377,FraudTransaction
tx-72-C1659791860-C199886377,HighAmountTransfer
tx-72-C1659791860-C199886377,ZeroedOriginBalance
tx-72-C1706727269-C98727471,FraudTransaction
tx-72-C1706727269-C98727471,HighAmountTransfer
tx-72-C1706727269-C98727471,ZeroedOriginBalance
tx-72-C2071698582-C1036746993,FraudTransaction
tx-72-C2071698582-C1036746993,ZeroedOriginBalance
tx-72-C615309889-C755984599,FraudTransaction
tx-72-C615309889-C755984599,ZeroedOriginBalance
tx-72-C891068137-C177386089,FraudTransaction
tx-72-C891068137-C177386089,HighAmountTransfer
tx-72-C891068137-C177386089,ZeroedOriginBalance
tx-72-C78395024-C1981613973,FraudTransaction
tx-72-C78395024-C1981613973,HighAmountTransfer
tx-72-C78395024-C1981613973,ZeroedOriginBalance
tx-72-C78395024-C1981613973,RepeatedFraudDestination
tx-72-C53057884-C588547519,FraudTransaction
tx-72-C53057884-C588547519,HighAmountTransfer
tx-72-C1438388258-C1089455271,FraudTransaction
tx-72-C1438388258-C1089455271,HighAmountTransfer
tx-72-C1438388258-C1089455271,ZeroedOriginBalance
tx-72-C1801750044-C1420708952,FraudTransaction
tx-72-C1801750044-C1420708952,HighAmountTransfer
tx-72-C1801750044-C1420708952,ZeroedOriginBalance
tx-72-C1456711816-C1231373551,FraudTransaction
tx-72-C1456711816-C1231373551,HighAmountTransfer
tx-72-C1456711816-C1231373551,ZeroedOriginBalance
tx-73-C427763831-C1394804033,FraudTransaction
tx-73-C427763831-C1394804033,ZeroedOriginBalance
tx-73-C754386554-C1470379039,FraudTransaction
tx-73-C754386554-C1470379039,ZeroedOriginBalance
tx-73-C1668034974-C1048930255,FraudTransaction
tx-73-C1668034974-C1048930255,ZeroedOriginBalance
tx-73-C682644115-C242591003,FraudTransaction
tx-73-C682644115-C242591003,ZeroedOriginBalance
tx-73-C1223486306-C964592362,FraudTransaction
tx-73-C1223486306-C964592362,ZeroedOriginBalance
tx-73-C1555882195-C644163395,FraudTransaction
tx-73-C1555882195-C644163395,ZeroedOriginBalance
tx-73-C1555882195-C644163395,RepeatedFraudDestination
tx-73-C1591659035-C1490141777,FraudTransaction
tx-73-C1591659035-C1490141777,ZeroedOriginBalance
tx-73-C1959804825-C1005460442,FraudTransaction
tx-73-C1959804825-C1005460442,ZeroedOriginBalance
tx-74-C775816840-C1539861914,FraudTransaction
tx-74-C775816840-C1539861914,HighAmountTransfer
tx-74-C775816840-C1539861914,ZeroedOriginBalance
tx-74-C367894534-C397644656,FraudTransaction
tx-74-C367894534-C397644656,HighAmountTransfer
tx-74-C367894534-C397644656,ZeroedOriginBalance
tx-74-C1294027751-C1027008059,FraudTransaction
tx-74-C1294027751-C1027008059,ZeroedOriginBalance
tx-74-C146952243-C570435842,FraudTransaction
tx-74-C146952243-C570435842,ZeroedOriginBalance
tx-74-C1444290021-C959470338,FraudTransaction
tx-74-C1444290021-C959470338,ZeroedOriginBalance
tx-74-C780368561-C1227289239,FraudTransaction
tx-74-C780368561-C1227289239,ZeroedOriginBalance
tx-74-C554032564-C1773822709,FraudTransaction
tx-74-C554032564-C1773822709,HighAmountTransfer
tx-74-C554032564-C1773822709,ZeroedOriginBalance
tx-74-C1267904754-C858620596,FraudTransaction
tx-74-C1267904754-C858620596,HighAmountTransfer
tx-74-C1267904754-C858620596,ZeroedOriginBalance
tx-74-C1934910898-C547328121,FraudTransaction
tx-74-C1934910898-C547328121,ZeroedOriginBalance
tx-74-C1784961866-C1245192492,FraudTransaction
tx-74-C1784961866-C1245192492,ZeroedOriginBalance
tx-74-C1694745551-C43669214,FraudTransaction
tx-74-C1694745551-C43669214,ZeroedOriginBalance
tx-74-C1003023037-C1969565765,FraudTransaction
tx-74-C1003023037-C1969565765,ZeroedOriginBalance
tx-74-C1809932675-C1098977292,FraudTransaction
tx-74-C1809932675-C1098977292,ZeroedOriginBalance
tx-74-C588765630-C766485430,FraudTransaction
tx-74-C588765630-C766485430,ZeroedOriginBalance
tx-74-C1492220840-C839360691,FraudTransaction
tx-74-C1492220840-C839360691,HighAmountTransfer
tx-74-C1492220840-C839360691,ZeroedOriginBalance
tx-74-C605093641-C721605153,FraudTransaction
tx-74-C605093641-C721605153,HighAmountTransfer
tx-74-C605093641-C721605153,ZeroedOriginBalance
tx-74-C1151172465-C2088124795,FraudTransaction
tx-74-C1151172465-C2088124795,HighAmountTransfer
tx-74-C1151172465-C2088124795,ZeroedOriginBalance
tx-74-C1507497077-C910594371,FraudTransaction
tx-74-C1507497077-C910594371,HighAmountTransfer
tx-74-C1507497077-C910594371,ZeroedOriginBalance
tx-74-C178620637-C479353061,FraudTransaction
tx-74-C178620637-C479353061,ZeroedOriginBalance
tx-74-C695129655-C1013511446,FraudTransaction
tx-74-C695129655-C1013511446,ZeroedOriginBalance
tx-74-C695129655-C1013511446,RepeatedFraudDestination
tx-74-C103236252-C1710384366,FraudTransaction
tx-74-C103236252-C1710384366,HighAmountTransfer
tx-74-C103236252-C1710384366,ZeroedOriginBalance
tx-74-C198379281-C857746237,FraudTransaction
tx-74-C198379281-C857746237,HighAmountTransfer
tx-74-C198379281-C857746237,ZeroedOriginBalance
tx-75-C756454870-C1095120189,FraudTransaction
tx-75-C756454870-C1095120189,ZeroedOriginBalance
tx-75-C1922445613-C461145537,FraudTransaction
tx-75-C1922445613-C461145537,ZeroedOriginBalance
tx-75-C1318698561-C2115087067,FraudTransaction
tx-75-C1318698561-C2115087067,ZeroedOriginBalance
tx-75-C1566688012-C1361631138,FraudTransaction
tx-75-C1566688012-C1361631138,ZeroedOriginBalance
tx-75-C1153451347-C450761826,FraudTransaction
tx-75-C1153451347-C450761826,ZeroedOriginBalance
tx-75-C127671231-C974221574,FraudTransaction
tx-75-C127671231-C974221574,ZeroedOriginBalance
tx-75-C1935083121-C83154619,FraudTransaction
tx-75-C1935083121-C83154619,ZeroedOriginBalance
tx-75-C568175103-C283083073,FraudTransaction
tx-75-C568175103-C283083073,ZeroedOriginBalance
tx-76-C1267158518-C1985253789,FraudTransaction
tx-76-C1267158518-C1985253789,ZeroedOriginBalance
tx-76-C1776957208-C776312807,FraudTransaction
tx-76-C1776957208-C776312807,ZeroedOriginBalance
tx-76-C1668561632-C575000794,FraudTransaction
tx-76-C1668561632-C575000794,HighAmountTransfer
tx-76-C1668561632-C575000794,ZeroedOriginBalance
tx-76-C725597637-C157857444,FraudTransaction
tx-76-C725597637-C157857444,HighAmountTransfer
tx-76-C725597637-C157857444,ZeroedOriginBalance
tx-77-C1528612318-C669563371,FraudTransaction
tx-77-C1528612318-C669563371,ZeroedOriginBalance
tx-77-C48810852-C1460010933,FraudTransaction
tx-77-C48810852-C1460010933,ZeroedOriginBalance
tx-77-C1074348771-C306278286,FraudTransaction
tx-77-C1074348771-C306278286,HighAmountTransfer
tx-77-C1074348771-C306278286,ZeroedOriginBalance
tx-77-C378412722-C802151575,FraudTransaction
tx-77-C378412722-C802151575,HighAmountTransfer
tx-77-C378412722-C802151575,ZeroedOriginBalance
tx-77-C729877384-C1610940627,FraudTransaction
tx-77-C729877384-C1610940627,ZeroedOriginBalance
tx-77-C1878410871-C891884680,FraudTransaction
tx-77-C1878410871-C891884680,ZeroedOriginBalance
tx-77-C958168241-C1700925232,FraudTransaction
tx-77-C958168241-C1700925232,HighAmountTransfer
tx-77-C958168241-C1700925232,ZeroedOriginBalance
tx-77-C1519833841-C1856760155,FraudTransaction
tx-77-C1519833841-C1856760155,HighAmountTransfer
tx-77-C1519833841-C1856760155,ZeroedOriginBalance
tx-77-C1907685273-C2107203461,FraudTransaction
tx-77-C1907685273-C2107203461,HighAmountTransfer
tx-77-C1907685273-C2107203461,ZeroedOriginBalance
tx-77-C1519673706-C1396705699,FraudTransaction
tx-77-C1519673706-C1396705699,HighAmountTransfer
tx-77-C1519673706-C1396705699,ZeroedOriginBalance
tx-78-C3630973-C1609262789,FraudTransaction
tx-78-C3630973-C1609262789,HighAmountTransfer
tx-78-C3630973-C1609262789,ZeroedOriginBalance
tx-78-C1817853136-C1040572676,FraudTransaction
tx-78-C1817853136-C1040572676,HighAmountTransfer
tx-78-C1817853136-C1040572676,ZeroedOriginBalance
tx-78-C973342461-C631818291,FraudTransaction
tx-78-C973342461-C631818291,ZeroedOriginBalance
tx-78-C1130541030-C50502894,FraudTransaction
tx-78-C1130541030-C50502894,ZeroedOriginBalance
tx-78-C282621115-C2027238520,FraudTransaction
tx-78-C282621115-C2027238520,ZeroedOriginBalance
tx-78-C395825139-C1241208981,FraudTransaction
tx-78-C395825139-C1241208981,ZeroedOriginBalance
tx-78-C32677445-C154560289,FraudTransaction
tx-78-C32677445-C154560289,HighAmountTransfer
tx-78-C32677445-C154560289,ZeroedOriginBalance
tx-78-C1347258113-C169356853,FraudTransaction
tx-78-C1347258113-C169356853,HighAmountTransfer
tx-78-C1347258113-C169356853,ZeroedOriginBalance
tx-78-C65227807-C213999906,FraudTransaction
tx-78-C65227807-C213999906,HighAmountTransfer
tx-78-C65227807-C213999906,ZeroedOriginBalance
tx-78-C706933703-C273430415,FraudTransaction
tx-78-C706933703-C273430415,HighAmountTransfer
tx-78-C706933703-C273430415,ZeroedOriginBalance
tx-79-C1325126961-C1068974192,FraudTransaction
tx-79-C1325126961-C1068974192,ZeroedOriginBalance
tx-79-C1947418069-C615914680,FraudTransaction
tx-79-C1947418069-C615914680,ZeroedOriginBalance
tx-79-C144675030-C660991644,FraudTransaction
tx-79-C144675030-C660991644,HighAmountTransfer
tx-79-C144675030-C660991644,ZeroedOriginBalance
tx-79-C1899697178-C553920581,FraudTransaction
tx-79-C1899697178-C553920581,HighAmountTransfer
tx-79-C1899697178-C553920581,ZeroedOriginBalance
tx-79-C1635325265-C1782100943,FraudTransaction
tx-79-C1635325265-C1782100943,ZeroedOriginBalance
tx-79-C216625470-C1897901588,FraudTransaction
tx-79-C216625470-C1897901588,ZeroedOriginBalance
tx-79-C2021935445-C332249974,FraudTransaction
tx-79-C2021935445-C332249974,ZeroedOriginBalance
tx-79-C1370888603-C1110499013,FraudTransaction
tx-79-C1370888603-C1110499013,ZeroedOriginBalance
tx-79-C2026655073-C524492169,FraudTransaction
tx-79-C2026655073-C524492169,ZeroedOriginBalance
tx-79-C1072407495-C577652704,FraudTransaction
tx-79-C1072407495-C577652704,ZeroedOriginBalance
tx-80-C1702857614-C952860391,FraudTransaction
tx-80-C1702857614-C952860391,ZeroedOriginBalance
tx-80-C73677947-C1626691330,FraudTransaction
tx-80-C73677947-C1626691330,ZeroedOriginBalance
tx-80-C517594835-C1448192965,FraudTransaction
tx-80-C517594835-C1448192965,ZeroedOriginBalance
tx-80-C2085532500-C1628486398,FraudTransaction
tx-80-C2085532500-C1628486398,ZeroedOriginBalance
tx-80-C1710515368-C1582805529,FraudTransaction
tx-80-C1710515368-C1582805529,ZeroedOriginBalance
tx-80-C1079384969-C1087953881,FraudTransaction
tx-80-C1079384969-C1087953881,ZeroedOriginBalance
tx-80-C279538198-C1842012952,FraudTransaction
tx-80-C279538198-C1842012952,ZeroedOriginBalance
tx-80-C427077444-C1033887610,FraudTransaction
tx-80-C427077444-C1033887610,ZeroedOriginBalance
tx-80-C2138181348-C1608735206,FraudTransaction
tx-80-C2138181348-C1608735206,ZeroedOriginBalance
tx-80-C696147355-C1941798570,FraudTransaction
tx-80-C696147355-C1941798570,ZeroedOriginBalance
tx-81-C538871976-C1208558259,FraudTransaction
tx-81-C538871976-C1208558259,ZeroedOriginBalance
tx-81-C728143038-C1407664911,FraudTransaction
tx-81-C728143038-C1407664911,ZeroedOriginBalance
tx-81-C1141684760-C1203351352,FraudTransaction
tx-81-C1141684760-C1203351352,ZeroedOriginBalance
tx-81-C524658055-C200964845,FraudTransaction
tx-81-C524658055-C200964845,ZeroedOriginBalance
tx-81-C1263150351-C61517319,FraudTransaction
tx-81-C1263150351-C61517319,HighAmountTransfer
tx-81-C1263150351-C61517319,ZeroedOriginBalance
tx-81-C1419156412-C31490801,FraudTransaction
tx-81-C1419156412-C31490801,HighAmountTransfer
tx-81-C1419156412-C31490801,ZeroedOriginBalance
tx-81-C1249942022-C1969956684,FraudTransaction
tx-81-C1249942022-C1969956684,HighAmountTransfer
tx-81-C1249942022-C1969956684,ZeroedOriginBalance
tx-81-C1774788670-C824562042,FraudTransaction
tx-81-C1774788670-C824562042,HighAmountTransfer
tx-81-C1774788670-C824562042,ZeroedOriginBalance
tx-81-C238307313-C1029951793,FraudTransaction
tx-81-C238307313-C1029951793,ZeroedOriginBalance
tx-81-C1587954748-C1439182488,FraudTransaction
tx-81-C1587954748-C1439182488,ZeroedOriginBalance
tx-82-C194251863-C280536388,FraudTransaction
tx-82-C194251863-C280536388,HighAmountTransfer
tx-82-C194251863-C280536388,ZeroedOriginBalance
tx-82-C1913306809-C343563320,FraudTransaction
tx-82-C1913306809-C343563320,HighAmountTransfer
tx-82-C1913306809-C343563320,ZeroedOriginBalance
tx-82-C1000937208-C1880907151,FraudTransaction
tx-82-C1000937208-C1880907151,HighAmountTransfer
tx-82-C1000937208-C1880907151,ZeroedOriginBalance
tx-82-C911734420-C1953014312,FraudTransaction
tx-82-C911734420-C1953014312,HighAmountTransfer
tx-82-C911734420-C1953014312,ZeroedOriginBalance
tx-82-C495624893-C939460136,FraudTransaction
tx-82-C495624893-C939460136,ZeroedOriginBalance
tx-82-C978467011-C809689507,FraudTransaction
tx-82-C978467011-C809689507,ZeroedOriginBalance
tx-82-C1237313447-C1468356154,FraudTransaction
tx-82-C1237313447-C1468356154,HighAmountTransfer
tx-82-C1079335762-C615227407,FraudTransaction
tx-82-C1079335762-C615227407,HighAmountTransfer
tx-82-C1079335762-C615227407,ZeroedOriginBalance
tx-82-C134383279-C1363477592,FraudTransaction
tx-82-C134383279-C1363477592,ZeroedOriginBalance
tx-82-C599597900-C886672232,FraudTransaction
tx-82-C599597900-C886672232,ZeroedOriginBalance
tx-83-C358852719-C361327171,FraudTransaction
tx-83-C358852719-C361327171,HighAmountTransfer
tx-83-C358852719-C361327171,ZeroedOriginBalance
tx-83-C341046619-C1149435896,FraudTransaction
tx-83-C341046619-C1149435896,HighAmountTransfer
tx-83-C341046619-C1149435896,ZeroedOriginBalance
tx-83-C2038871800-C699011744,FraudTransaction
tx-83-C2038871800-C699011744,ZeroedOriginBalance
tx-83-C422847899-C52390890,FraudTransaction
tx-83-C422847899-C52390890,ZeroedOriginBalance
tx-83-C422847899-C52390890,RepeatedFraudDestination
tx-83-C287098370-C905119100,FraudTransaction
tx-83-C287098370-C905119100,ZeroedOriginBalance
tx-83-C451805271-C75671301,FraudTransaction
tx-83-C451805271-C75671301,ZeroedOriginBalance
tx-83-C1444107396-C1562027253,FraudTransaction
tx-83-C1444107396-C1562027253,ZeroedOriginBalance
tx-83-C1848884000-C376115864,FraudTransaction
tx-83-C1848884000-C376115864,ZeroedOriginBalance
tx-83-C426265650-C2019200762,FraudTransaction
tx-83-C426265650-C2019200762,ZeroedOriginBalance
tx-83-C1936595952-C1416319101,FraudTransaction
tx-83-C1936595952-C1416319101,ZeroedOriginBalance
tx-83-C1058391661-C167823915,FraudTransaction
tx-83-C1058391661-C167823915,HighAmountTransfer
tx-83-C1058391661-C167823915,ZeroedOriginBalance
tx-83-C1275891732-C989926584,FraudTransaction
tx-83-C1275891732-C989926584,HighAmountTransfer
tx-83-C1275891732-C989926584,ZeroedOriginBalance
tx-84-C392060027-C45705350,FraudTransaction
tx-84-C392060027-C45705350,ZeroedOriginBalance
tx-84-C342648059-C825022387,FraudTransaction
tx-84-C342648059-C825022387,ZeroedOriginBalance
tx-84-C98299573-C323116662,FraudTransaction
tx-84-C98299573-C323116662,HighAmountTransfer
tx-84-C98299573-C323116662,ZeroedOriginBalance
tx-84-C771703338-C1350764838,FraudTransaction
tx-84-C771703338-C1350764838,HighAmountTransfer
tx-84-C771703338-C1350764838,ZeroedOriginBalance
tx-84-C1110566935-C1210547818,FraudTransaction
tx-84-C1110566935-C1210547818,ZeroedOriginBalance
tx-84-C743472915-C165832169,FraudTransaction
tx-84-C743472915-C165832169,ZeroedOriginBalance
tx-84-C1660861590-C852926396,FraudTransaction
tx-84-C1660861590-C852926396,ZeroedOriginBalance
tx-84-C1518895613-C315643365,FraudTransaction
tx-84-C1518895613-C315643365,ZeroedOriginBalance
tx-84-C397720555-C1006668962,FraudTransaction
tx-84-C397720555-C1006668962,ZeroedOriginBalance
tx-84-C942925545-C1633587807,FraudTransaction
tx-84-C942925545-C1633587807,ZeroedOriginBalance
tx-84-C792651637-C397396936,FraudTransaction
tx-84-C792651637-C397396936,HighAmountTransfer
tx-84-C824646662-C1917849910,FraudTransaction
tx-84-C824646662-C1917849910,HighAmountTransfer
tx-84-C824646662-C1917849910,ZeroedOriginBalance
tx-84-C58626602-C1366192319,FraudTransaction
tx-84-C58626602-C1366192319,HighAmountTransfer
tx-84-C58626602-C1366192319,ZeroedOriginBalance
tx-84-C58626602-C1366192319,RepeatedFraudDestination
tx-84-C610088962-C1925322228,FraudTransaction
tx-84-C610088962-C1925322228,HighAmountTransfer
tx-84-C610088962-C1925322228,ZeroedOriginBalance
tx-84-C2080405171-C1544738688,FraudTransaction
tx-84-C2080405171-C1544738688,ZeroedOriginBalance
tx-84-C1976472089-C920627879,FraudTransaction
tx-84-C1976472089-C920627879,ZeroedOriginBalance
tx-85-C47624520-C572686074,FraudTransaction
tx-85-C47624520-C572686074,ZeroedOriginBalance
tx-85-C1334187064-C719763224,FraudTransaction
tx-85-C1334187064-C719763224,ZeroedOriginBalance
tx-85-C810305173-C600417404,FraudTransaction
tx-85-C810305173-C600417404,ZeroedOriginBalance
tx-85-C823346399-C1910586925,FraudTransaction
tx-85-C823346399-C1910586925,ZeroedOriginBalance
tx-85-C108588868-C944240643,FraudTransaction
tx-85-C108588868-C944240643,ZeroedOriginBalance
tx-85-C2032147559-C599607213,FraudTransaction
tx-85-C2032147559-C599607213,ZeroedOriginBalance
tx-85-C722109752-C43114733,FraudTransaction
tx-85-C722109752-C43114733,ZeroedOriginBalance
tx-85-C9701690-C617022852,FraudTransaction
tx-85-C9701690-C617022852,ZeroedOriginBalance
tx-85-C1096275107-C541691384,FraudTransaction
tx-85-C1096275107-C541691384,HighAmountTransfer
tx-85-C1096275107-C541691384,ZeroedOriginBalance
tx-85-C955071434-C865727492,FraudTransaction
tx-85-C955071434-C865727492,HighAmountTransfer
tx-85-C955071434-C865727492,ZeroedOriginBalance
tx-85-C1202805418-C1429653947,FraudTransaction
tx-85-C1202805418-C1429653947,HighAmountTransfer
tx-85-C1202805418-C1429653947,ZeroedOriginBalance
tx-85-C1733056191-C1061971573,FraudTransaction
tx-85-C1733056191-C1061971573,HighAmountTransfer
tx-85-C1733056191-C1061971573,ZeroedOriginBalance
tx-85-C406938681-C579440834,FraudTransaction
tx-85-C406938681-C579440834,HighAmountTransfer
tx-85-C406938681-C579440834,ZeroedOriginBalance
tx-85-C1227042704-C585705042,FraudTransaction
tx-85-C1227042704-C585705042,HighAmountTransfer
tx-85-C1227042704-C585705042,ZeroedOriginBalance
tx-86-C1107960128-C76175380,FraudTransaction
tx-86-C1107960128-C76175380,ZeroedOriginBalance
tx-86-C337026029-C1022926752,FraudTransaction
tx-86-C337026029-C1022926752,ZeroedOriginBalance
tx-86-C1843531771-C632110164,FraudTransaction
tx-86-C1843531771-C632110164,HighAmountTransfer
tx-86-C538142346-C557678014,FraudTransaction
tx-86-C538142346-C557678014,HighAmountTransfer
tx-86-C538142346-C557678014,ZeroedOriginBalance
tx-86-C1230337572-C720836200,FraudTransaction
tx-86-C1230337572-C720836200,HighAmountTransfer
tx-86-C1230337572-C720836200,ZeroedOriginBalance
tx-86-C849209216-C754619416,FraudTransaction
tx-86-C849209216-C754619416,HighAmountTransfer
tx-86-C849209216-C754619416,ZeroedOriginBalance
tx-86-C1342024703-C1828683068,FraudTransaction
tx-86-C1342024703-C1828683068,ZeroedOriginBalance
tx-86-C1952555964-C1702948277,FraudTransaction
tx-86-C1952555964-C1702948277,ZeroedOriginBalance
tx-86-C384245570-C898480186,FraudTransaction
tx-86-C384245570-C898480186,HighAmountTransfer
tx-86-C384245570-C898480186,ZeroedOriginBalance
tx-86-C1268472825-C2126149202,FraudTransaction
tx-86-C1268472825-C2126149202,HighAmountTransfer
tx-86-C1268472825-C2126149202,ZeroedOriginBalance
tx-86-C1763423014-C2088891396,FraudTransaction
tx-86-C1763423014-C2088891396,ZeroedOriginBalance
tx-86-C270438906-C976082192,FraudTransaction
tx-86-C270438906-C976082192,ZeroedOriginBalance
tx-86-C1043173812-C1425524479,FraudTransaction
tx-86-C1043173812-C1425524479,ZeroedOriginBalance
tx-86-C796414235-C1743229382,FraudTransaction
tx-86-C796414235-C1743229382,ZeroedOriginBalance
tx-86-C466502993-C1376830476,FraudTransaction
tx-86-C466502993-C1376830476,ZeroedOriginBalance
tx-86-C2134607507-C950019767,FraudTransaction
tx-86-C2134607507-C950019767,ZeroedOriginBalance
tx-86-C759761137-C1046167270,FraudTransaction
tx-86-C759761137-C1046167270,ZeroedOriginBalance
tx-86-C1087665354-C121215038,FraudTransaction
tx-86-C1087665354-C121215038,ZeroedOriginBalance
tx-87-C702109004-C1385287774,FraudTransaction
tx-87-C702109004-C1385287774,ZeroedOriginBalance
tx-87-C183849466-C1798936808,FraudTransaction
tx-87-C183849466-C1798936808,ZeroedOriginBalance
tx-87-C1872678613-C1669827303,FraudTransaction
tx-87-C1872678613-C1669827303,HighAmountTransfer
tx-87-C1872678613-C1669827303,ZeroedOriginBalance
tx-87-C202343880-C1389958255,FraudTransaction
tx-87-C202343880-C1389958255,HighAmountTransfer
tx-87-C202343880-C1389958255,ZeroedOriginBalance
tx-87-C1864352304-C238575749,FraudTransaction
tx-87-C1864352304-C238575749,ZeroedOriginBalance
tx-87-C1329935528-C1434520582,FraudTransaction
tx-87-C1329935528-C1434520582,ZeroedOriginBalance
tx-88-C1453976647-C1454683123,FraudTransaction
tx-88-C1453976647-C1454683123,HighAmountTransfer
tx-88-C1453976647-C1454683123,ZeroedOriginBalance
tx-88-C399518124-C2125071302,FraudTransaction
tx-88-C399518124-C2125071302,HighAmountTransfer
tx-88-C399518124-C2125071302,ZeroedOriginBalance
tx-88-C425422557-C1375508405,FraudTransaction
tx-88-C425422557-C1375508405,ZeroedOriginBalance
tx-88-C889382301-C3107126,FraudTransaction
tx-88-C889382301-C3107126,ZeroedOriginBalance
tx-88-C743505070-C1234529860,FraudTransaction
tx-88-C743505070-C1234529860,HighAmountTransfer
tx-88-C743505070-C1234529860,ZeroedOriginBalance
tx-88-C987446721-C1981613973,FraudTransaction
tx-88-C987446721-C1981613973,HighAmountTransfer
tx-88-C987446721-C1981613973,ZeroedOriginBalance
tx-88-C987446721-C1981613973,RepeatedFraudDestination
tx-88-C2016707009-C1883647961,FraudTransaction
tx-88-C2016707009-C1883647961,HighAmountTransfer
tx-88-C2016707009-C1883647961,ZeroedOriginBalance
tx-88-C1513663831-C1935735129,FraudTransaction
tx-88-C1513663831-C1935735129,HighAmountTransfer
tx-88-C1513663831-C1935735129,ZeroedOriginBalance
tx-89-C112075481-C1906745138,FraudTransaction
tx-89-C112075481-C1906745138,ZeroedOriginBalance
tx-89-C876716683-C1473416514,FraudTransaction
tx-89-C876716683-C1473416514,ZeroedOriginBalance
tx-89-C1832804428-C1373339236,FraudTransaction
tx-89-C1832804428-C1373339236,ZeroedOriginBalance
tx-89-C2129914105-C170080123,FraudTransaction
tx-89-C2129914105-C170080123,ZeroedOriginBalance
tx-89-C163362068-C2101762472,FraudTransaction
tx-89-C163362068-C2101762472,ZeroedOriginBalance
tx-89-C810552146-C400913352,FraudTransaction
tx-89-C810552146-C400913352,ZeroedOriginBalance
tx-90-C787624212-C707993034,FraudTransaction
tx-90-C787624212-C707993034,HighAmountTransfer
tx-90-C787624212-C707993034,ZeroedOriginBalance
tx-90-C1336389651-C4347362,FraudTransaction
tx-90-C1336389651-C4347362,HighAmountTransfer
tx-90-C1336389651-C4347362,ZeroedOriginBalance
tx-90-C20934995-C601864422,FraudTransaction
tx-90-C20934995-C601864422,ZeroedOriginBalance
tx-90-C1936469791-C471979620,FraudTransaction
tx-90-C1936469791-C471979620,ZeroedOriginBalance
tx-90-C199695016-C1584778754,FraudTransaction
tx-90-C199695016-C1584778754,ZeroedOriginBalance
tx-90-C973257095-C782817814,FraudTransaction
tx-90-C973257095-C782817814,ZeroedOriginBalance
tx-90-C1087234685-C271149484,FraudTransaction
tx-90-C1087234685-C271149484,ZeroedOriginBalance
tx-90-C1389046188-C257288692,FraudTransaction
tx-90-C1389046188-C257288692,ZeroedOriginBalance
tx-90-C1640647431-C1995045376,FraudTransaction
tx-90-C1640647431-C1995045376,ZeroedOriginBalance
tx-90-C1311443000-C1414013313,FraudTransaction
tx-90-C1311443000-C1414013313,ZeroedOriginBalance
tx-90-C1641731466-C290559240,FraudTransaction
tx-90-C1641731466-C290559240,HighAmountTransfer
tx-90-C1641731466-C290559240,ZeroedOriginBalance
tx-90-C1784092244-C646123724,FraudTransaction
tx-90-C1784092244-C646123724,HighAmountTransfer
tx-90-C1784092244-C646123724,ZeroedOriginBalance
tx-90-C1509358186-C2068734277,FraudTransaction
tx-90-C1509358186-C2068734277,ZeroedOriginBalance
tx-90-C1334465444-C247088283,FraudTransaction
tx-90-C1334465444-C247088283,ZeroedOriginBalance
tx-90-C2018224474-C1562137241,FraudTransaction
tx-90-C2018224474-C1562137241,ZeroedOriginBalance
tx-90-C712828337-C1973032153,FraudTransaction
tx-90-C712828337-C1973032153,ZeroedOriginBalance
tx-91-C1152872254-C1484049545,FraudTransaction
tx-91-C1152872254-C1484049545,ZeroedOriginBalance
tx-91-C1505563519-C863042157,FraudTransaction
tx-91-C1505563519-C863042157,ZeroedOriginBalance
tx-91-C2082041963-C484298628,FraudTransaction
tx-91-C2082041963-C484298628,ZeroedOriginBalance
tx-91-C830817076-C235145980,FraudTransaction
tx-91-C830817076-C235145980,ZeroedOriginBalance
tx-91-C531625667-C1312031909,FraudTransaction
tx-91-C531625667-C1312031909,ZeroedOriginBalance
tx-91-C1851254039-C1151857075,FraudTransaction
tx-91-C1851254039-C1151857075,ZeroedOriginBalance
tx-91-C822183230-C1393101702,FraudTransaction
tx-91-C822183230-C1393101702,ZeroedOriginBalance
tx-91-C1126237876-C842293503,FraudTransaction
tx-91-C1126237876-C842293503,ZeroedOriginBalance
tx-92-C593029629-C1743578484,FraudTransaction
tx-92-C593029629-C1743578484,HighAmountTransfer
tx-92-C593029629-C1743578484,ZeroedOriginBalance
tx-92-C1928781788-C1636281428,FraudTransaction
tx-92-C1928781788-C1636281428,HighAmountTransfer
tx-92-C1928781788-C1636281428,ZeroedOriginBalance
tx-92-C1340312777-C863062485,FraudTransaction
tx-92-C1340312777-C863062485,ZeroedOriginBalance
tx-92-C71055143-C1732817669,FraudTransaction
tx-92-C71055143-C1732817669,ZeroedOriginBalance
tx-92-C1615802716-C1977391812,FraudTransaction
tx-92-C1615802716-C1977391812,ZeroedOriginBalance
tx-92-C612571830-C544677509,FraudTransaction
tx-92-C612571830-C544677509,ZeroedOriginBalance
tx-92-C2002083627-C1024161943,FraudTransaction
tx-92-C2002083627-C1024161943,ZeroedOriginBalance
tx-92-C313908201-C1295977505,FraudTransaction
tx-92-C313908201-C1295977505,ZeroedOriginBalance
tx-92-C199871794-C1396988344,FraudTransaction
tx-92-C199871794-C1396988344,ZeroedOriginBalance
tx-92-C931340371-C781083195,FraudTransaction
tx-92-C931340371-C781083195,ZeroedOriginBalance
tx-93-C1961802855-C315895571,FraudTransaction
tx-93-C1961802855-C315895571,ZeroedOriginBalance
tx-93-C458914580-C1918475530,FraudTransaction
tx-93-C458914580-C1918475530,ZeroedOriginBalance
tx-93-C391100177-C1603792241,FraudTransaction
tx-93-C391100177-C1603792241,ZeroedOriginBalance
tx-93-C700848378-C1731783280,FraudTransaction
tx-93-C700848378-C1731783280,ZeroedOriginBalance
tx-93-C2002472710-C2023856876,FraudTransaction
tx-93-C2002472710-C2023856876,ZeroedOriginBalance
tx-93-C861292985-C1762318733,FraudTransaction
tx-93-C861292985-C1762318733,ZeroedOriginBalance
tx-93-C1022498421-C1697378157,FraudTransaction
tx-93-C1022498421-C1697378157,HighAmountTransfer
tx-93-C1022498421-C1697378157,ZeroedOriginBalance
tx-93-C1011158272-C1883340818,FraudTransaction
tx-93-C1011158272-C1883340818,HighAmountTransfer
tx-93-C1011158272-C1883340818,ZeroedOriginBalance
tx-93-C676090557-C1516512243,FraudTransaction
tx-93-C676090557-C1516512243,ZeroedOriginBalance
tx-93-C137902575-C1643523023,FraudTransaction
tx-93-C137902575-C1643523023,ZeroedOriginBalance
tx-93-C1863782967-C1170590191,FraudTransaction
tx-93-C1863782967-C1170590191,ZeroedOriginBalance
tx-93-C1532820276-C1326115881,FraudTransaction
tx-93-C1532820276-C1326115881,ZeroedOriginBalance
tx-93-C1553979696-C537828065,FraudTransaction
tx-93-C1553979696-C537828065,HighAmountTransfer
tx-93-C1553979696-C537828065,ZeroedOriginBalance
tx-93-C1143980021-C1219235880,FraudTransaction
tx-93-C1143980021-C1219235880,HighAmountTransfer
tx-93-C1143980021-C1219235880,ZeroedOriginBalance
tx-93-C1904367873-C156002993,FraudTransaction
tx-93-C1904367873-C156002993,ZeroedOriginBalance
tx-93-C1309775985-C1771620140,FraudTransaction
tx-93-C1309775985-C1771620140,ZeroedOriginBalance
tx-94-C358188091-C329029721,FraudTransaction
tx-94-C358188091-C329029721,HighAmountTransfer
tx-94-C358188091-C329029721,ZeroedOriginBalance
tx-94-C395839623-C925758982,FraudTransaction
tx-94-C395839623-C925758982,HighAmountTransfer
tx-94-C395839623-C925758982,ZeroedOriginBalance
tx-94-C708686257-C191950817,FraudTransaction
tx-94-C708686257-C191950817,HighAmountTransfer
tx-94-C708686257-C191950817,ZeroedOriginBalance
tx-94-C824268591-C819390198,FraudTransaction
tx-94-C824268591-C819390198,HighAmountTransfer
tx-94-C824268591-C819390198,ZeroedOriginBalance
tx-94-C1586676521-C94475674,FraudTransaction
tx-94-C1586676521-C94475674,ZeroedOriginBalance
tx-94-C1563063305-C262427288,FraudTransaction
tx-94-C1563063305-C262427288,ZeroedOriginBalance
tx-94-C211205523-C1430994246,FraudTransaction
tx-94-C211205523-C1430994246,HighAmountTransfer
tx-94-C211205523-C1430994246,ZeroedOriginBalance
tx-94-C1767333284-C610460069,FraudTransaction
tx-94-C1767333284-C610460069,HighAmountTransfer
tx-94-C1767333284-C610460069,ZeroedOriginBalance
tx-94-C1313587911-C1637506717,FraudTransaction
tx-94-C1313587911-C1637506717,ZeroedOriginBalance
tx-94-C1527777491-C1215602275,FraudTransaction
tx-94-C1527777491-C1215602275,ZeroedOriginBalance
tx-94-C998593582-C855256022,FraudTransaction
tx-94-C998593582-C855256022,ZeroedOriginBalance
tx-94-C1736832400-C2124923090,FraudTransaction
tx-94-C1736832400-C2124923090,ZeroedOriginBalance
tx-95-C428343058-C1518840126,FraudTransaction
tx-95-C428343058-C1518840126,ZeroedOriginBalance
tx-95-C1072220674-C2110200242,FraudTransaction
tx-95-C1072220674-C2110200242,ZeroedOriginBalance
tx-95-C872526349-C1824885183,FraudTransaction
tx-95-C872526349-C1824885183,ZeroedOriginBalance
tx-95-C526144262-C79051264,FraudTransaction
tx-95-C526144262-C79051264,ZeroedOriginBalance
tx-95-C732111322-C1140210295,FraudTransaction
tx-95-C732111322-C1140210295,ZeroedOriginBalance
tx-95-C1000086512-C1759363094,FraudTransaction
tx-95-C1000086512-C1759363094,ZeroedOriginBalance
tx-95-C927181710-C757947873,FraudTransaction
tx-95-C927181710-C757947873,ZeroedOriginBalance
tx-95-C409531429-C1827219533,FraudTransaction
tx-95-C409531429-C1827219533,ZeroedOriginBalance
tx-95-C409531429-C1827219533,RepeatedFraudDestination
tx-95-C146522698-C1122850221,FraudTransaction
tx-95-C146522698-C1122850221,ZeroedOriginBalance
tx-95-C530884257-C901438460,FraudTransaction
tx-95-C530884257-C901438460,ZeroedOriginBalance
tx-95-C1917836086-C1694421805,FraudTransaction
tx-95-C1917836086-C1694421805,HighAmountTransfer
tx-95-C1917836086-C1694421805,ZeroedOriginBalance
tx-95-C131527035-C897416477,FraudTransaction
tx-95-C131527035-C897416477,HighAmountTransfer
tx-95-C131527035-C897416477,ZeroedOriginBalance
tx-95-C1323299934-C105333987,FraudTransaction
tx-95-C1323299934-C105333987,HighAmountTransfer
tx-95-C1323299934-C105333987,ZeroedOriginBalance
tx-95-C477303142-C779119558,FraudTransaction
tx-95-C477303142-C779119558,HighAmountTransfer
tx-95-C477303142-C779119558,ZeroedOriginBalance
tx-96-C2037845109-C666339947,FraudTransaction
tx-96-C2037845109-C666339947,HighAmountTransfer
tx-96-C333142995-C1990623385,FraudTransaction
tx-96-C333142995-C1990623385,HighAmountTransfer
tx-96-C333142995-C1990623385,ZeroedOriginBalance
tx-96-C997276166-C1246358574,FraudTransaction
tx-96-C997276166-C1246358574,HighAmountTransfer
tx-96-C997276166-C1246358574,ZeroedOriginBalance
tx-96-C1847166254-C1601872168,FraudTransaction
tx-96-C1847166254-C1601872168,HighAmountTransfer
tx-96-C1847166254-C1601872168,ZeroedOriginBalance
tx-97-C1301979362-C1733162010,FraudTransaction
tx-97-C1301979362-C1733162010,ZeroedOriginBalance
tx-97-C858947550-C1933220701,FraudTransaction
tx-97-C858947550-C1933220701,ZeroedOriginBalance
tx-97-C1921410624-C994730180,FraudTransaction
tx-97-C1921410624-C994730180,ZeroedOriginBalance
tx-97-C690034207-C1902968473,FraudTransaction
tx-97-C690034207-C1902968473,ZeroedOriginBalance
tx-97-C918476031-C2006029122,FraudTransaction
tx-97-C918476031-C2006029122,ZeroedOriginBalance
tx-97-C1225846669-C1102443690,FraudTransaction
tx-97-C1225846669-C1102443690,ZeroedOriginBalance
tx-97-C569899403-C418690964,FraudTransaction
tx-97-C569899403-C418690964,ZeroedOriginBalance
tx-97-C776765192-C1465691990,FraudTransaction
tx-97-C776765192-C1465691990,ZeroedOriginBalance
tx-97-C310812803-C1185406486,FraudTransaction
tx-97-C310812803-C1185406486,HighAmountTransfer
tx-97-C310812803-C1185406486,ZeroedOriginBalance
tx-97-C933443756-C791106926,FraudTransaction
tx-97-C933443756-C791106926,HighAmountTransfer
tx-97-C933443756-C791106926,ZeroedOriginBalance
tx-98-C1421921119-C133340407,FraudTransaction
tx-98-C1421921119-C133340407,ZeroedOriginBalance
tx-98-C1544350298-C912405348,FraudTransaction
tx-98-C1544350298-C912405348,ZeroedOriginBalance
tx-98-C1872359745-C1089130504,FraudTransaction
tx-98-C1872359745-C1089130504,ZeroedOriginBalance
tx-98-C431038121-C1925188324,FraudTransaction
tx-98-C431038121-C1925188324,ZeroedOriginBalance
tx-98-C1274651891-C2045107453,FraudTransaction
tx-98-C1274651891-C2045107453,HighAmountTransfer
tx-98-C1274651891-C2045107453,ZeroedOriginBalance
tx-98-C1889323500-C846511826,FraudTransaction
tx-98-C1889323500-C846511826,HighAmountTransfer
tx-98-C1889323500-C846511826,ZeroedOriginBalance
tx-98-C1353657671-C956901713,FraudTransaction
tx-98-C1353657671-C956901713,ZeroedOriginBalance
tx-98-C1106916781-C583506611,FraudTransaction
tx-98-C1106916781-C583506611,ZeroedOriginBalance
tx-98-C1201856349-C1778006925,FraudTransaction
tx-98-C1201856349-C1778006925,HighAmountTransfer
tx-98-C1201856349-C1778006925,ZeroedOriginBalance
tx-98-C1374141932-C2044636303,FraudTransaction
tx-98-C1374141932-C2044636303,HighAmountTransfer
tx-98-C1374141932-C2044636303,ZeroedOriginBalance
tx-98-C2014013314-C315419844,FraudTransaction
tx-98-C2014013314-C315419844,HighAmountTransfer
tx-98-C2014013314-C315419844,ZeroedOriginBalance
tx-98-C1758225011-C59790487,FraudTransaction
tx-98-C1758225011-C59790487,HighAmountTransfer
tx-98-C1758225011-C59790487,ZeroedOriginBalance
tx-98-C1836246597-C960827392,FraudTransaction
tx-98-C1836246597-C960827392,HighAmountTransfer
tx-98-C1836246597-C960827392,ZeroedOriginBalance
tx-98-C502991223-C2005952436,FraudTransaction
tx-98-C502991223-C2005952436,HighAmountTransfer
tx-98-C502991223-C2005952436,ZeroedOriginBalance
tx-99-C1514427330-C2103550727,FraudTransaction
tx-99-C1514427330-C2103550727,HighAmountTransfer
tx-99-C1514427330-C2103550727,ZeroedOriginBalance
tx-99-C397365515-C877334652,FraudTransaction
tx-99-C397365515-C877334652,HighAmountTransfer
tx-99-C397365515-C877334652,ZeroedOriginBalance
tx-99-C2005707747-C1830145397,FraudTransaction
tx-99-C2005707747-C1830145397,ZeroedOriginBalance
tx-99-C468670582-C1129467798,FraudTransaction
tx-99-C468670582-C1129467798,ZeroedOriginBalance
tx-99-C1575226124-C1023961494,FraudTransaction
tx-99-C1575226124-C1023961494,HighAmountTransfer
tx-99-C1575226124-C1023961494,ZeroedOriginBalance
tx-99-C73290469-C1192284712,FraudTransaction
tx-99-C73290469-C1192284712,HighAmountTransfer
tx-99-C73290469-C1192284712,ZeroedOriginBalance
tx-99-C379527742-C312459798,FraudTransaction
tx-99-C379527742-C312459798,ZeroedOriginBalance
tx-99-C2001925235-C238467459,FraudTransaction
tx-99-C2001925235-C238467459,ZeroedOriginBalance
tx-100-C126342805-C169029118,FraudTransaction
tx-100-C126342805-C169029118,ZeroedOriginBalance
tx-100-C1437857188-C271249913,FraudTransaction
tx-100-C1437857188-C271249913,ZeroedOriginBalance
tx-100-C420011443-C1935426348,FraudTransaction
tx-100-C420011443-C1935426348,ZeroedOriginBalance
tx-100-C475065631-C1078858029,FraudTransaction
tx-100-C475065631-C1078858029,ZeroedOriginBalance
tx-100-C626697086-C95194783,FraudTransaction
tx-100-C626697086-C95194783,HighAmountTransfer
tx-100-C626697086-C95194783,ZeroedOriginBalance
tx-100-C1871604900-C45991423,FraudTransaction
tx-100-C1871604900-C45991423,HighAmountTransfer
tx-100-C1871604900-C45991423,ZeroedOriginBalance
tx-101-C808767907-C1722945980,FraudTransaction
tx-101-C808767907-C1722945980,HighAmountTransfer
tx-101-C808767907-C1722945980,ZeroedOriginBalance
tx-101-C731376303-C1868096235,FraudTransaction
tx-101-C731376303-C1868096235,HighAmountTransfer
tx-101-C731376303-C1868096235,ZeroedOriginBalance
tx-101-C1529282032-C72798591,FraudTransaction
tx-101-C1529282032-C72798591,HighAmountTransfer
tx-101-C1529282032-C72798591,ZeroedOriginBalance
tx-101-C1196507516-C1496380415,FraudTransaction
tx-101-C1196507516-C1496380415,HighAmountTransfer
tx-101-C1196507516-C1496380415,ZeroedOriginBalance
tx-101-C1375615484-C1983479612,FraudTransaction
tx-101-C1375615484-C1983479612,ZeroedOriginBalance
tx-101-C1168663550-C740111360,FraudTransaction
tx-101-C1168663550-C740111360,ZeroedOriginBalance
tx-101-C697159622-C2008752241,FraudTransaction
tx-101-C697159622-C2008752241,ZeroedOriginBalance
tx-101-C1679438122-C548284315,FraudTransaction
tx-101-C1679438122-C548284315,ZeroedOriginBalance
tx-101-C1150010764-C21652868,FraudTransaction
tx-101-C1150010764-C21652868,ZeroedOriginBalance
tx-101-C1119545712-C1334770230,FraudTransaction
tx-101-C1119545712-C1334770230,ZeroedOriginBalance
tx-101-C1791664104-C84868382,FraudTransaction
tx-101-C1791664104-C84868382,ZeroedOriginBalance
tx-101-C356110177-C1772296269,FraudTransaction
tx-101-C356110177-C1772296269,ZeroedOriginBalance
tx-102-C1009233877-C1072793235,FraudTransaction
tx-102-C1009233877-C1072793235,ZeroedOriginBalance
tx-102-C156864267-C1721637972,FraudTransaction
tx-102-C156864267-C1721637972,ZeroedOriginBalance
tx-102-C936539159-C1057721506,FraudTransaction
tx-102-C936539159-C1057721506,HighAmountTransfer
tx-102-C936539159-C1057721506,ZeroedOriginBalance
tx-102-C1825306443-C1739925176,FraudTransaction
tx-102-C1825306443-C1739925176,HighAmountTransfer
tx-102-C1825306443-C1739925176,ZeroedOriginBalance
tx-102-C1838392320-C1134214570,FraudTransaction
tx-102-C1838392320-C1134214570,ZeroedOriginBalance
tx-102-C687300462-C1048805642,FraudTransaction
tx-102-C687300462-C1048805642,ZeroedOriginBalance
tx-102-C203547819-C1137673642,FraudTransaction
tx-102-C203547819-C1137673642,ZeroedOriginBalance
tx-102-C1063463883-C268277254,FraudTransaction
tx-102-C1063463883-C268277254,ZeroedOriginBalance
tx-102-C1327508355-C1573144849,FraudTransaction
tx-102-C1327508355-C1573144849,ZeroedOriginBalance
tx-102-C1572733222-C1065349988,FraudTransaction
tx-102-C1572733222-C1065349988,ZeroedOriginBalance
tx-102-C1423921623-C1580835462,FraudTransaction
tx-102-C1423921623-C1580835462,ZeroedOriginBalance
tx-102-C505649715-C2023092141,FraudTransaction
tx-102-C505649715-C2023092141,ZeroedOriginBalance
tx-103-C845451769-C453650328,FraudTransaction
tx-103-C845451769-C453650328,ZeroedOriginBalance
tx-103-C1689637064-C470068344,FraudTransaction
tx-103-C1689637064-C470068344,ZeroedOriginBalance
tx-103-C2062277295-C1254777952,FraudTransaction
tx-103-C2062277295-C1254777952,ZeroedOriginBalance
tx-103-C631857626-C1700121209,FraudTransaction
tx-103-C631857626-C1700121209,ZeroedOriginBalance
tx-103-C1675701683-C348036671,FraudTransaction
tx-103-C1675701683-C348036671,ZeroedOriginBalance
tx-103-C765437817-C799703422,FraudTransaction
tx-103-C765437817-C799703422,ZeroedOriginBalance
tx-103-C159727303-C1989484801,FraudTransaction
tx-103-C159727303-C1989484801,HighAmountTransfer
tx-103-C159727303-C1989484801,ZeroedOriginBalance
tx-103-C1741433244-C663883872,FraudTransaction
tx-103-C1741433244-C663883872,HighAmountTransfer
tx-103-C1741433244-C663883872,ZeroedOriginBalance
tx-104-C1779028734-C229248099,FraudTransaction
tx-104-C1779028734-C229248099,HighAmountTransfer
tx-104-C1779028734-C229248099,ZeroedOriginBalance
tx-104-C1980352063-C1032628517,FraudTransaction
tx-104-C1980352063-C1032628517,HighAmountTransfer
tx-104-C1980352063-C1032628517,ZeroedOriginBalance
tx-104-C208481356-C2072772190,FraudTransaction
tx-104-C208481356-C2072772190,ZeroedOriginBalance
tx-104-C2138181723-C1941960795,FraudTransaction
tx-104-C2138181723-C1941960795,ZeroedOriginBalance
tx-104-C1531491177-C495237092,FraudTransaction
tx-104-C1531491177-C495237092,ZeroedOriginBalance
tx-104-C1665711617-C659116830,FraudTransaction
tx-104-C1665711617-C659116830,ZeroedOriginBalance
tx-104-C111341928-C192831287,FraudTransaction
tx-104-C111341928-C192831287,ZeroedOriginBalance
tx-104-C1765660975-C764101152,FraudTransaction
tx-104-C1765660975-C764101152,ZeroedOriginBalance
tx-104-C2012277914-C2023785660,FraudTransaction
tx-104-C2012277914-C2023785660,ZeroedOriginBalance
tx-104-C1366228179-C190485576,FraudTransaction
tx-104-C1366228179-C190485576,ZeroedOriginBalance
tx-104-C1087798823-C1125025410,FraudTransaction
tx-104-C1087798823-C1125025410,ZeroedOriginBalance
tx-104-C1193616307-C1223829389,FraudTransaction
tx-104-C1193616307-C1223829389,ZeroedOriginBalance
tx-104-C935429105-C1630335689,FraudTransaction
tx-104-C935429105-C1630335689,ZeroedOriginBalance
tx-104-C300902846-C443990229,FraudTransaction
tx-104-C300902846-C443990229,ZeroedOriginBalance
tx-105-C1648040674-C1031027989,FraudTransaction
tx-105-C1648040674-C1031027989,HighAmountTransfer
tx-105-C1648040674-C1031027989,ZeroedOriginBalance
tx-105-C208508333-C1196762236,FraudTransaction
tx-105-C208508333-C1196762236,HighAmountTransfer
tx-105-C208508333-C1196762236,ZeroedOriginBalance
tx-105-C775037479-C931676634,FraudTransaction
tx-105-C775037479-C931676634,ZeroedOriginBalance
tx-105-C1597812887-C1452774204,FraudTransaction
tx-105-C1597812887-C1452774204,ZeroedOriginBalance
tx-105-C682978594-C121024766,FraudTransaction
tx-105-C682978594-C121024766,HighAmountTransfer
tx-105-C682978594-C121024766,ZeroedOriginBalance
tx-105-C152862745-C636779273,FraudTransaction
tx-105-C152862745-C636779273,HighAmountTransfer
tx-105-C152862745-C636779273,ZeroedOriginBalance
tx-105-C906016775-C2138340769,FraudTransaction
tx-105-C906016775-C2138340769,ZeroedOriginBalance
tx-105-C209849944-C580913459,FraudTransaction
tx-105-C209849944-C580913459,ZeroedOriginBalance
tx-105-C257797783-C1647613503,FraudTransaction
tx-105-C257797783-C1647613503,HighAmountTransfer
tx-105-C257797783-C1647613503,ZeroedOriginBalance
tx-105-C1655503661-C1811125343,FraudTransaction
tx-105-C1655503661-C1811125343,HighAmountTransfer
tx-105-C1655503661-C1811125343,ZeroedOriginBalance
tx-105-C1365223423-C1732693893,FraudTransaction
tx-105-C1365223423-C1732693893,ZeroedOriginBalance
tx-105-C1303610178-C1251609442,FraudTransaction
tx-105-C1303610178-C1251609442,ZeroedOriginBalance
tx-105-C796435829-C453493362,FraudTransaction
tx-105-C796435829-C453493362,ZeroedOriginBalance
tx-105-C713573924-C972572502,FraudTransaction
tx-105-C713573924-C972572502,ZeroedOriginBalance
tx-105-C113536213-C1976983084,FraudTransaction
tx-105-C113536213-C1976983084,ZeroedOriginBalance
tx-105-C1463568092-C1631716263,FraudTransaction
tx-105-C1463568092-C1631716263,ZeroedOriginBalance
tx-105-C1032127043-C946777990,FraudTransaction
tx-105-C1032127043-C946777990,ZeroedOriginBalance
tx-105-C1440012977-C644163395,FraudTransaction
tx-105-C1440012977-C644163395,ZeroedOriginBalance
tx-105-C1440012977-C644163395,RepeatedFraudDestination
tx-106-C1892918810-C2036490087,FraudTransaction
tx-106-C1892918810-C2036490087,HighAmountTransfer
tx-106-C1892918810-C2036490087,ZeroedOriginBalance
tx-106-C1173095546-C1935607545,FraudTransaction
tx-106-C1173095546-C1935607545,HighAmountTransfer
tx-106-C1173095546-C1935607545,ZeroedOriginBalance
tx-106-C1349419422-C199707137,FraudTransaction
tx-106-C1349419422-C199707137,HighAmountTransfer
tx-106-C1349419422-C199707137,ZeroedOriginBalance
tx-106-C589092976-C1616444076,FraudTransaction
tx-106-C589092976-C1616444076,HighAmountTransfer
tx-106-C589092976-C1616444076,ZeroedOriginBalance
tx-106-C1309821311-C758876302,FraudTransaction
tx-106-C1309821311-C758876302,ZeroedOriginBalance
tx-106-C1811434259-C1313595384,FraudTransaction
tx-106-C1811434259-C1313595384,ZeroedOriginBalance
tx-106-C634089015-C1337869699,FraudTransaction
tx-106-C634089015-C1337869699,ZeroedOriginBalance
tx-106-C1634056682-C46618914,FraudTransaction
tx-106-C1634056682-C46618914,ZeroedOriginBalance
tx-106-C170266679-C2133347282,FraudTransaction
tx-106-C170266679-C2133347282,ZeroedOriginBalance
tx-106-C967408302-C2089340835,FraudTransaction
tx-106-C967408302-C2089340835,ZeroedOriginBalance
tx-106-C1206714746-C834535104,FraudTransaction
tx-106-C1206714746-C834535104,ZeroedOriginBalance
tx-106-C185289348-C1709297334,FraudTransaction
tx-106-C185289348-C1709297334,ZeroedOriginBalance
tx-106-C823542906-C846435560,FraudTransaction
tx-106-C823542906-C846435560,ZeroedOriginBalance
tx-106-C1134044412-C1839671644,FraudTransaction
tx-106-C1134044412-C1839671644,ZeroedOriginBalance
tx-106-C1817254692-C584837450,FraudTransaction
tx-106-C1817254692-C584837450,ZeroedOriginBalance
tx-106-C1029645120-C1349213118,FraudTransaction
tx-106-C1029645120-C1349213118,ZeroedOriginBalance
tx-106-C1047102725-C231294595,FraudTransaction
tx-106-C1047102725-C231294595,HighAmountTransfer
tx-106-C1047102725-C231294595,ZeroedOriginBalance
tx-106-C1012201968-C1330533329,FraudTransaction
tx-106-C1012201968-C1330533329,HighAmountTransfer
tx-106-C1012201968-C1330533329,ZeroedOriginBalance
tx-107-C1480088933-C279309247,FraudTransaction
tx-107-C1480088933-C279309247,HighAmountTransfer
tx-107-C1480088933-C279309247,ZeroedOriginBalance
tx-107-C481898497-C215244777,FraudTransaction
tx-107-C481898497-C215244777,HighAmountTransfer
tx-107-C481898497-C215244777,ZeroedOriginBalance
tx-107-C1854590782-C177484937,FraudTransaction
tx-107-C1854590782-C177484937,ZeroedOriginBalance
tx-107-C1963602022-C697599749,FraudTransaction
tx-107-C1963602022-C697599749,ZeroedOriginBalance
tx-107-C1866696919-C1840997848,FraudTransaction
tx-107-C1866696919-C1840997848,ZeroedOriginBalance
tx-107-C976192518-C582209368,FraudTransaction
tx-107-C976192518-C582209368,ZeroedOriginBalance
tx-107-C40128322-C1650770381,FraudTransaction
tx-107-C40128322-C1650770381,ZeroedOriginBalance
tx-107-C642373224-C507662237,FraudTransaction
tx-107-C642373224-C507662237,ZeroedOriginBalance
tx-107-C399361899-C1430251334,FraudTransaction
tx-107-C399361899-C1430251334,ZeroedOriginBalance
tx-107-C307731888-C717487050,FraudTransaction
tx-107-C307731888-C717487050,ZeroedOriginBalance
tx-108-C696671781-C1532653479,FraudTransaction
tx-108-C696671781-C1532653479,ZeroedOriginBalance
tx-108-C479866096-C875404163,FraudTransaction
tx-108-C479866096-C875404163,ZeroedOriginBalance
tx-108-C1704281751-C587386073,FraudTransaction
tx-108-C1704281751-C587386073,ZeroedOriginBalance
tx-108-C1266810248-C467980258,FraudTransaction
tx-108-C1266810248-C467980258,ZeroedOriginBalance
tx-108-C1357772203-C585432949,FraudTransaction
tx-108-C1357772203-C585432949,ZeroedOriginBalance
tx-108-C501067498-C2079441909,FraudTransaction
tx-108-C501067498-C2079441909,ZeroedOriginBalance
tx-108-C1821246962-C1379131960,FraudTransaction
tx-108-C1821246962-C1379131960,HighAmountTransfer
tx-108-C1821246962-C1379131960,ZeroedOriginBalance
tx-108-C1396053431-C2116038737,FraudTransaction
tx-108-C1396053431-C2116038737,HighAmountTransfer
tx-108-C1396053431-C2116038737,ZeroedOriginBalance
tx-109-C950814543-C1505728182,FraudTransaction
tx-109-C950814543-C1505728182,ZeroedOriginBalance
tx-109-C406935284-C118143453,FraudTransaction
tx-109-C406935284-C118143453,ZeroedOriginBalance
tx-109-C83653019-C1418842986,FraudTransaction
tx-109-C83653019-C1418842986,ZeroedOriginBalance
tx-109-C1736726302-C1409221160,FraudTransaction
tx-109-C1736726302-C1409221160,ZeroedOriginBalance
tx-109-C1036579486-C1338642414,FraudTransaction
tx-109-C1036579486-C1338642414,HighAmountTransfer
tx-109-C1036579486-C1338642414,ZeroedOriginBalance
tx-109-C799860005-C1997890348,FraudTransaction
tx-109-C799860005-C1997890348,HighAmountTransfer
tx-109-C799860005-C1997890348,ZeroedOriginBalance
tx-109-C1220229602-C1660826618,FraudTransaction
tx-109-C1220229602-C1660826618,ZeroedOriginBalance
tx-109-C230861644-C793059779,FraudTransaction
tx-109-C230861644-C793059779,ZeroedOriginBalance
tx-109-C2003104872-C1716469564,FraudTransaction
tx-109-C2003104872-C1716469564,ZeroedOriginBalance
tx-109-C1068081772-C966943233,FraudTransaction
tx-109-C1068081772-C966943233,ZeroedOriginBalance
tx-109-C776792146-C282454606,FraudTransaction
tx-109-C776792146-C282454606,ZeroedOriginBalance
tx-109-C919387676-C2083130101,FraudTransaction
tx-109-C919387676-C2083130101,ZeroedOriginBalance
tx-110-C1150317761-C1725680409,FraudTransaction
tx-110-C1150317761-C1725680409,ZeroedOriginBalance
tx-110-C392791213-C1669065740,FraudTransaction
tx-110-C392791213-C1669065740,ZeroedOriginBalance
tx-110-C549532314-C247181868,FraudTransaction
tx-110-C549532314-C247181868,ZeroedOriginBalance
tx-110-C394514690-C1985339190,FraudTransaction
tx-110-C394514690-C1985339190,ZeroedOriginBalance
tx-110-C108472489-C1349687631,FraudTransaction
tx-110-C108472489-C1349687631,ZeroedOriginBalance
tx-110-C412096572-C1514312963,FraudTransaction
tx-110-C412096572-C1514312963,ZeroedOriginBalance
tx-110-C996004667-C723209092,FraudTransaction
tx-110-C996004667-C723209092,ZeroedOriginBalance
tx-110-C154379593-C260576763,FraudTransaction
tx-110-C154379593-C260576763,ZeroedOriginBalance
tx-110-C918480550-C602397056,FraudTransaction
tx-110-C918480550-C602397056,HighAmountTransfer
tx-110-C918480550-C602397056,ZeroedOriginBalance
tx-110-C787958197-C466866036,FraudTransaction
tx-110-C787958197-C466866036,HighAmountTransfer
tx-110-C787958197-C466866036,ZeroedOriginBalance
tx-111-C2078704475-C248250646,FraudTransaction
tx-111-C2078704475-C248250646,HighAmountTransfer
tx-111-C2078704475-C248250646,ZeroedOriginBalance
tx-111-C1877698691-C1757559397,FraudTransaction
tx-111-C1877698691-C1757559397,HighAmountTransfer
tx-111-C1877698691-C1757559397,ZeroedOriginBalance
tx-111-C782313486-C280090898,FraudTransaction
tx-111-C782313486-C280090898,ZeroedOriginBalance
tx-111-C982480526-C1665025289,FraudTransaction
tx-111-C982480526-C1665025289,ZeroedOriginBalance
tx-111-C211453570-C1975305951,FraudTransaction
tx-111-C211453570-C1975305951,HighAmountTransfer
tx-111-C211453570-C1975305951,ZeroedOriginBalance
tx-111-C1714764214-C2126609733,FraudTransaction
tx-111-C1714764214-C2126609733,HighAmountTransfer
tx-111-C1714764214-C2126609733,ZeroedOriginBalance
tx-111-C1494632213-C664508349,FraudTransaction
tx-111-C1494632213-C664508349,ZeroedOriginBalance
tx-111-C132473843-C101909578,FraudTransaction
tx-111-C132473843-C101909578,ZeroedOriginBalance
tx-111-C1595104027-C643646528,FraudTransaction
tx-111-C1595104027-C643646528,ZeroedOriginBalance
tx-111-C279192006-C2046472223,FraudTransaction
tx-111-C279192006-C2046472223,ZeroedOriginBalance
tx-112-C2070012456-C849021900,FraudTransaction
tx-112-C2070012456-C849021900,ZeroedOriginBalance
tx-112-C1471675468-C2104637765,FraudTransaction
tx-112-C1471675468-C2104637765,ZeroedOriginBalance
tx-113-C846061626-C314158626,FraudTransaction
tx-113-C846061626-C314158626,ZeroedOriginBalance
tx-113-C1426238541-C1844764080,FraudTransaction
tx-113-C1426238541-C1844764080,ZeroedOriginBalance
tx-113-C1444276641-C1067127400,FraudTransaction
tx-113-C1444276641-C1067127400,ZeroedOriginBalance
tx-113-C39621039-C1336335026,FraudTransaction
tx-113-C39621039-C1336335026,ZeroedOriginBalance
tx-113-C14417080-C1609424366,FraudTransaction
tx-113-C14417080-C1609424366,HighAmountTransfer
tx-113-C14417080-C1609424366,ZeroedOriginBalance
tx-113-C837305312-C2143635145,FraudTransaction
tx-113-C837305312-C2143635145,HighAmountTransfer
tx-113-C837305312-C2143635145,ZeroedOriginBalance
tx-114-C233651792-C1170550501,FraudTransaction
tx-114-C233651792-C1170550501,HighAmountTransfer
tx-114-C233651792-C1170550501,ZeroedOriginBalance
tx-114-C784554482-C669471346,FraudTransaction
tx-114-C784554482-C669471346,HighAmountTransfer
tx-114-C784554482-C669471346,ZeroedOriginBalance
tx-114-C1846613103-C1770878693,FraudTransaction
tx-114-C1846613103-C1770878693,ZeroedOriginBalance
tx-114-C1788263153-C1048196142,FraudTransaction
tx-114-C1788263153-C1048196142,ZeroedOriginBalance
tx-115-C250418765-C1387576762,FraudTransaction
tx-115-C250418765-C1387576762,ZeroedOriginBalance
tx-115-C978703019-C786116491,FraudTransaction
tx-115-C978703019-C786116491,ZeroedOriginBalance
tx-115-C1543576546-C1140609516,FraudTransaction
tx-115-C1543576546-C1140609516,HighAmountTransfer
tx-115-C1543576546-C1140609516,ZeroedOriginBalance
tx-115-C60777377-C92525321,FraudTransaction
tx-115-C60777377-C92525321,HighAmountTransfer
tx-115-C60777377-C92525321,ZeroedOriginBalance
tx-115-C1705399009-C625524494,FraudTransaction
tx-115-C1705399009-C625524494,HighAmountTransfer
tx-115-C1705399009-C625524494,ZeroedOriginBalance
tx-115-C1903297652-C851937225,FraudTransaction
tx-115-C1903297652-C851937225,HighAmountTransfer
tx-115-C1903297652-C851937225,ZeroedOriginBalance
tx-115-C637063091-C835865588,FraudTransaction
tx-115-C637063091-C835865588,ZeroedOriginBalance
tx-115-C1560425158-C1666306933,FraudTransaction
tx-115-C1560425158-C1666306933,ZeroedOriginBalance
tx-115-C1741821297-C182731485,FraudTransaction
tx-115-C1741821297-C182731485,ZeroedOriginBalance
tx-115-C711344285-C726473569,FraudTransaction
tx-115-C711344285-C726473569,ZeroedOriginBalance
tx-116-C1157016440-C1147862541,FraudTransaction
tx-116-C1157016440-C1147862541,HighAmountTransfer
tx-116-C1157016440-C1147862541,ZeroedOriginBalance
tx-116-C170219617-C1752658199,FraudTransaction
tx-116-C170219617-C1752658199,HighAmountTransfer
tx-116-C170219617-C1752658199,ZeroedOriginBalance
tx-116-C2100014537-C973050515,FraudTransaction
tx-116-C2100014537-C973050515,HighAmountTransfer
tx-116-C2100014537-C973050515,ZeroedOriginBalance
tx-116-C1699838041-C1076792770,FraudTransaction
tx-116-C1699838041-C1076792770,HighAmountTransfer
tx-116-C1699838041-C1076792770,ZeroedOriginBalance
tx-116-C344826592-C654151270,FraudTransaction
tx-116-C344826592-C654151270,HighAmountTransfer
tx-116-C344826592-C654151270,ZeroedOriginBalance
tx-116-C885720640-C1672277432,FraudTransaction
tx-116-C885720640-C1672277432,HighAmountTransfer
tx-116-C885720640-C1672277432,ZeroedOriginBalance
tx-116-C338600181-C2026102647,FraudTransaction
tx-116-C338600181-C2026102647,HighAmountTransfer
tx-116-C338600181-C2026102647,ZeroedOriginBalance
tx-116-C2060685721-C2030405592,FraudTransaction
tx-116-C2060685721-C2030405592,HighAmountTransfer
tx-116-C2060685721-C2030405592,ZeroedOriginBalance
tx-116-C61912705-C539442999,FraudTransaction
tx-116-C61912705-C539442999,ZeroedOriginBalance
tx-116-C1864714673-C64133603,FraudTransaction
tx-116-C1864714673-C64133603,ZeroedOriginBalance
tx-116-C250439080-C225968166,FraudTransaction
tx-116-C250439080-C225968166,ZeroedOriginBalance
tx-116-C1758753461-C1314480354,FraudTransaction
tx-116-C1758753461-C1314480354,ZeroedOriginBalance
tx-116-C1773883691-C1851184528,FraudTransaction
tx-116-C1773883691-C1851184528,ZeroedOriginBalance
tx-116-C873337141-C1236162256,FraudTransaction
tx-116-C873337141-C1236162256,ZeroedOriginBalance
tx-117-C879463132-C89396076,FraudTransaction
tx-117-C879463132-C89396076,ZeroedOriginBalance
tx-117-C1370708725-C558976656,FraudTransaction
tx-117-C1370708725-C558976656,ZeroedOriginBalance
tx-117-C1647475681-C396255249,FraudTransaction
tx-117-C1647475681-C396255249,ZeroedOriginBalance
tx-117-C653347115-C1053517216,FraudTransaction
tx-117-C653347115-C1053517216,ZeroedOriginBalance
tx-117-C1319377475-C1414915255,FraudTransaction
tx-117-C1319377475-C1414915255,ZeroedOriginBalance
tx-117-C93029776-C13750897,FraudTransaction
tx-117-C93029776-C13750897,ZeroedOriginBalance
tx-117-C1956060083-C770424771,FraudTransaction
tx-117-C1956060083-C770424771,HighAmountTransfer
tx-117-C1956060083-C770424771,ZeroedOriginBalance
tx-117-C1485024283-C1222847172,FraudTransaction
tx-117-C1485024283-C1222847172,HighAmountTransfer
tx-117-C1485024283-C1222847172,ZeroedOriginBalance
tx-117-C916181834-C2076493196,FraudTransaction
tx-117-C916181834-C2076493196,ZeroedOriginBalance
tx-117-C1868920588-C1810440109,FraudTransaction
tx-117-C1868920588-C1810440109,ZeroedOriginBalance
tx-117-C802639228-C593736656,FraudTransaction
tx-117-C802639228-C593736656,HighAmountTransfer
tx-117-C802639228-C593736656,ZeroedOriginBalance
tx-117-C1728211150-C1827237197,FraudTransaction
tx-117-C1728211150-C1827237197,HighAmountTransfer
tx-117-C1728211150-C1827237197,ZeroedOriginBalance
tx-118-C267854618-C1253405980,FraudTransaction
tx-118-C267854618-C1253405980,ZeroedOriginBalance
tx-118-C835169130-C574444599,FraudTransaction
tx-118-C835169130-C574444599,ZeroedOriginBalance
tx-118-C611232899-C1347105871,FraudTransaction
tx-118-C611232899-C1347105871,HighAmountTransfer
tx-118-C1348396248-C1954217280,FraudTransaction
tx-118-C1348396248-C1954217280,HighAmountTransfer
tx-118-C1348396248-C1954217280,ZeroedOriginBalance
tx-118-C1720181306-C498618435,FraudTransaction
tx-118-C1720181306-C498618435,HighAmountTransfer
tx-118-C1720181306-C498618435,ZeroedOriginBalance
tx-118-C1788320123-C1343134099,FraudTransaction
tx-118-C1788320123-C1343134099,HighAmountTransfer
tx-118-C1788320123-C1343134099,ZeroedOriginBalance
tx-118-C994847262-C1096030644,FraudTransaction
tx-118-C994847262-C1096030644,ZeroedOriginBalance
tx-118-C471032203-C209868118,FraudTransaction
tx-118-C471032203-C209868118,ZeroedOriginBalance
tx-118-C1163712001-C2016806245,FraudTransaction
tx-118-C1163712001-C2016806245,ZeroedOriginBalance
tx-118-C332841872-C1015137341,FraudTransaction
tx-118-C332841872-C1015137341,ZeroedOriginBalance
tx-118-C1987271305-C1225791278,FraudTransaction
tx-118-C1987271305-C1225791278,HighAmountTransfer
tx-118-C1987271305-C1225791278,ZeroedOriginBalance
tx-118-C1592208539-C416664710,FraudTransaction
tx-118-C1592208539-C416664710,HighAmountTransfer
tx-118-C1592208539-C416664710,ZeroedOriginBalance
tx-119-C309726678-C979217194,FraudTransaction
tx-119-C309726678-C979217194,HighAmountTransfer
tx-119-C309726678-C979217194,ZeroedOriginBalance
tx-119-C248036406-C646526180,FraudTransaction
tx-119-C248036406-C646526180,HighAmountTransfer
tx-119-C248036406-C646526180,ZeroedOriginBalance
tx-119-C645925104-C916906045,FraudTransaction
tx-119-C645925104-C916906045,HighAmountTransfer
tx-119-C645925104-C916906045,ZeroedOriginBalance
tx-119-C1700746062-C2094758732,FraudTransaction
tx-119-C1700746062-C2094758732,HighAmountTransfer
tx-119-C1700746062-C2094758732,ZeroedOriginBalance
tx-119-C877672852-C409358964,FraudTransaction
tx-119-C877672852-C409358964,ZeroedOriginBalance
tx-119-C1498577424-C1275981046,FraudTransaction
tx-119-C1498577424-C1275981046,ZeroedOriginBalance
tx-119-C483977018-C2045926309,FraudTransaction
tx-119-C483977018-C2045926309,ZeroedOriginBalance
tx-119-C1452953521-C1486382672,FraudTransaction
tx-119-C1452953521-C1486382672,ZeroedOriginBalance
tx-119-C1189212996-C632437973,FraudTransaction
tx-119-C1189212996-C632437973,ZeroedOriginBalance
tx-119-C265913219-C1198778182,FraudTransaction
tx-119-C265913219-C1198778182,ZeroedOriginBalance
tx-120-C1263028472-C945064086,FraudTransaction
tx-120-C1263028472-C945064086,HighAmountTransfer
tx-120-C1263028472-C945064086,ZeroedOriginBalance
tx-120-C1426147702-C1451093652,FraudTransaction
tx-120-C1426147702-C1451093652,HighAmountTransfer
tx-120-C1426147702-C1451093652,ZeroedOriginBalance
tx-120-C1982717014-C959776008,FraudTransaction
tx-120-C1982717014-C959776008,ZeroedOriginBalance
tx-120-C1163445011-C1506005745,FraudTransaction
tx-120-C1163445011-C1506005745,ZeroedOriginBalance
tx-120-C117760847-C578681858,FraudTransaction
tx-120-C117760847-C578681858,ZeroedOriginBalance
tx-120-C1966331810-C112858734,FraudTransaction
tx-120-C1966331810-C112858734,ZeroedOriginBalance
tx-120-C1265971736-C806590394,FraudTransaction
tx-120-C1265971736-C806590394,ZeroedOriginBalance
tx-120-C1005458940-C1404789740,FraudTransaction
tx-120-C1005458940-C1404789740,ZeroedOriginBalance
tx-120-C562878740-C270375529,FraudTransaction
tx-120-C562878740-C270375529,ZeroedOriginBalance
tx-120-C25081130-C968531145,FraudTransaction
tx-120-C25081130-C968531145,ZeroedOriginBalance
tx-120-C1049419908-C713376763,FraudTransaction
tx-120-C1049419908-C713376763,ZeroedOriginBalance
tx-120-C321390440-C467067146,FraudTransaction
tx-120-C321390440-C467067146,ZeroedOriginBalance
tx-121-C339904211-C2120724538,FraudTransaction
tx-121-C339904211-C2120724538,ZeroedOriginBalance
tx-121-C1310756162-C472522184,FraudTransaction
tx-121-C1310756162-C472522184,ZeroedOriginBalance
tx-121-C575671201-C2040166984,FraudTransaction
tx-121-C575671201-C2040166984,ZeroedOriginBalance
tx-121-C1387819669-C591761784,FraudTransaction
tx-121-C1387819669-C591761784,ZeroedOriginBalance
tx-121-C181177203-C1002183297,FraudTransaction
tx-121-C181177203-C1002183297,HighAmountTransfer
tx-121-C181177203-C1002183297,ZeroedOriginBalance
tx-121-C997743545-C37665985,FraudTransaction
tx-121-C997743545-C37665985,HighAmountTransfer
tx-121-C997743545-C37665985,ZeroedOriginBalance
tx-121-C91294902-C995709534,FraudTransaction
tx-121-C91294902-C995709534,ZeroedOriginBalance
tx-121-C805284167-C1969723986,FraudTransaction
tx-121-C805284167-C1969723986,ZeroedOriginBalance
tx-121-C1539299608-C375267568,FraudTransaction
tx-121-C1539299608-C375267568,HighAmountTransfer
tx-121-C1539299608-C375267568,ZeroedOriginBalance
tx-121-C1355617171-C491626410,FraudTransaction
tx-121-C1355617171-C491626410,HighAmountTransfer
tx-121-C1355617171-C491626410,ZeroedOriginBalance
tx-121-C415681195-C243023678,FraudTransaction
tx-121-C415681195-C243023678,ZeroedOriginBalance
tx-121-C1574875173-C1804412677,FraudTransaction
tx-121-C1574875173-C1804412677,ZeroedOriginBalance
tx-121-C1712613012-C1523305736,FraudTransaction
tx-121-C1712613012-C1523305736,ZeroedOriginBalance
tx-121-C812613458-C570182217,FraudTransaction
tx-121-C812613458-C570182217,ZeroedOriginBalance
tx-122-C1039891737-C330996980,FraudTransaction
tx-122-C1039891737-C330996980,ZeroedOriginBalance
tx-122-C46599562-C1410772005,FraudTransaction
tx-122-C46599562-C1410772005,ZeroedOriginBalance
tx-122-C618768599-C1191948500,FraudTransaction
tx-122-C618768599-C1191948500,ZeroedOriginBalance
tx-122-C1556025752-C1407010141,FraudTransaction
tx-122-C1556025752-C1407010141,ZeroedOriginBalance
tx-122-C185905309-C1791646487,FraudTransaction
tx-122-C185905309-C1791646487,HighAmountTransfer
tx-122-C185905309-C1791646487,ZeroedOriginBalance
tx-122-C788747190-C580774916,FraudTransaction
tx-122-C788747190-C580774916,HighAmountTransfer
tx-122-C788747190-C580774916,ZeroedOriginBalance
tx-122-C150631994-C1160422569,FraudTransaction
tx-122-C150631994-C1160422569,HighAmountTransfer
tx-122-C150631994-C1160422569,ZeroedOriginBalance
tx-122-C1136739857-C1877540885,FraudTransaction
tx-122-C1136739857-C1877540885,HighAmountTransfer
tx-122-C1136739857-C1877540885,ZeroedOriginBalance
tx-122-C2026720299-C669965600,FraudTransaction
tx-122-C2026720299-C669965600,ZeroedOriginBalance
tx-122-C670393440-C928566980,FraudTransaction
tx-122-C670393440-C928566980,ZeroedOriginBalance
tx-122-C1216944789-C1450080654,FraudTransaction
tx-122-C1216944789-C1450080654,ZeroedOriginBalance
tx-122-C348049773-C1765590670,FraudTransaction
tx-122-C348049773-C1765590670,ZeroedOriginBalance
tx-122-C145252938-C2046097949,FraudTransaction
tx-122-C145252938-C2046097949,ZeroedOriginBalance
tx-122-C291762198-C91538557,FraudTransaction
tx-122-C291762198-C91538557,ZeroedOriginBalance
tx-123-C270791126-C1396625273,FraudTransaction
tx-123-C270791126-C1396625273,HighAmountTransfer
tx-123-C270791126-C1396625273,ZeroedOriginBalance
tx-123-C1533359448-C794625601,FraudTransaction
tx-123-C1533359448-C794625601,HighAmountTransfer
tx-123-C1533359448-C794625601,ZeroedOriginBalance
tx-123-C465738897-C289330473,FraudTransaction
tx-123-C465738897-C289330473,ZeroedOriginBalance
tx-123-C1778361668-C675358222,FraudTransaction
tx-123-C1778361668-C675358222,ZeroedOriginBalance
tx-123-C1901170304-C1861343965,FraudTransaction
tx-123-C1901170304-C1861343965,ZeroedOriginBalance
tx-123-C1714607746-C1053125376,FraudTransaction
tx-123-C1714607746-C1053125376,ZeroedOriginBalance
tx-124-C2129900930-C1804261014,FraudTransaction
tx-124-C2129900930-C1804261014,HighAmountTransfer
tx-124-C2129900930-C1804261014,ZeroedOriginBalance
tx-124-C94208509-C777880922,FraudTransaction
tx-124-C94208509-C777880922,HighAmountTransfer
tx-124-C94208509-C777880922,ZeroedOriginBalance
tx-124-C167488694-C629818525,FraudTransaction
tx-124-C167488694-C629818525,HighAmountTransfer
tx-124-C167488694-C629818525,ZeroedOriginBalance
tx-124-C1452214555-C1584664836,FraudTransaction
tx-124-C1452214555-C1584664836,HighAmountTransfer
tx-124-C1452214555-C1584664836,ZeroedOriginBalance
tx-125-C205447867-C892594669,FraudTransaction
tx-125-C205447867-C892594669,ZeroedOriginBalance
tx-125-C1996420000-C987180793,FraudTransaction
tx-125-C1996420000-C987180793,ZeroedOriginBalance
tx-125-C288917283-C652970534,FraudTransaction
tx-125-C288917283-C652970534,ZeroedOriginBalance
tx-125-C2048762719-C177739457,FraudTransaction
tx-125-C2048762719-C177739457,ZeroedOriginBalance
tx-125-C988834023-C21867933,FraudTransaction
tx-125-C988834023-C21867933,ZeroedOriginBalance
tx-125-C1167153094-C744862329,FraudTransaction
tx-125-C1167153094-C744862329,ZeroedOriginBalance
tx-125-C699771361-C1114367477,FraudTransaction
tx-125-C699771361-C1114367477,ZeroedOriginBalance
tx-125-C1124206695-C1419423459,FraudTransaction
tx-125-C1124206695-C1419423459,ZeroedOriginBalance
tx-125-C2047670192-C1601626536,FraudTransaction
tx-125-C2047670192-C1601626536,HighAmountTransfer
tx-125-C2047670192-C1601626536,ZeroedOriginBalance
tx-125-C896315472-C95956849,FraudTransaction
tx-125-C896315472-C95956849,HighAmountTransfer
tx-125-C896315472-C95956849,ZeroedOriginBalance
tx-126-C823324093-C1906616566,FraudTransaction
tx-126-C823324093-C1906616566,HighAmountTransfer
tx-126-C823324093-C1906616566,ZeroedOriginBalance
tx-126-C1652591304-C1873104472,FraudTransaction
tx-126-C1652591304-C1873104472,HighAmountTransfer
tx-126-C1652591304-C1873104472,ZeroedOriginBalance
tx-126-C2133606495-C1015051610,FraudTransaction
tx-126-C2133606495-C1015051610,HighAmountTransfer
tx-126-C2133606495-C1015051610,ZeroedOriginBalance
tx-126-C798134746-C303070069,FraudTransaction
tx-126-C798134746-C303070069,HighAmountTransfer
tx-126-C798134746-C303070069,ZeroedOriginBalance
tx-126-C164359824-C1021865689,FraudTransaction
tx-126-C164359824-C1021865689,ZeroedOriginBalance
tx-126-C1870394283-C1006464744,FraudTransaction
tx-126-C1870394283-C1006464744,ZeroedOriginBalance
tx-127-C1729870002-C1917348003,FraudTransaction
tx-127-C1729870002-C1917348003,ZeroedOriginBalance
tx-127-C326519862-C1092771337,FraudTransaction
tx-127-C326519862-C1092771337,ZeroedOriginBalance
tx-127-C146118630-C793816402,FraudTransaction
tx-127-C146118630-C793816402,ZeroedOriginBalance
tx-127-C954045856-C1422327407,FraudTransaction
tx-127-C954045856-C1422327407,ZeroedOriginBalance
tx-127-C37315617-C115063912,FraudTransaction
tx-127-C37315617-C115063912,HighAmountTransfer
tx-127-C37315617-C115063912,ZeroedOriginBalance
tx-127-C588222380-C1789882794,FraudTransaction
tx-127-C588222380-C1789882794,HighAmountTransfer
tx-127-C588222380-C1789882794,ZeroedOriginBalance
tx-127-C119613068-C947645496,FraudTransaction
tx-127-C119613068-C947645496,HighAmountTransfer
tx-127-C119613068-C947645496,ZeroedOriginBalance
tx-127-C1401275229-C50368712,FraudTransaction
tx-127-C1401275229-C50368712,HighAmountTransfer
tx-127-C1401275229-C50368712,ZeroedOriginBalance
tx-127-C441757024-C1633571527,FraudTransaction
tx-127-C441757024-C1633571527,ZeroedOriginBalance
tx-127-C1165570921-C1106863643,FraudTransaction
tx-127-C1165570921-C1106863643,ZeroedOriginBalance
tx-127-C1264740364-C1367862566,FraudTransaction
tx-127-C1264740364-C1367862566,ZeroedOriginBalance
tx-127-C906024214-C322369737,FraudTransaction
tx-127-C906024214-C322369737,ZeroedOriginBalance
tx-127-C159404315-C1578451350,FraudTransaction
tx-127-C159404315-C1578451350,ZeroedOriginBalance
tx-127-C99535161-C1399433313,FraudTransaction
tx-127-C99535161-C1399433313,ZeroedOriginBalance
tx-128-C555674757-C1570042752,FraudTransaction
tx-128-C555674757-C1570042752,ZeroedOriginBalance
tx-128-C1571315901-C842642744,FraudTransaction
tx-128-C1571315901-C842642744,ZeroedOriginBalance
tx-128-C1664723459-C366674827,FraudTransaction
tx-128-C1664723459-C366674827,HighAmountTransfer
tx-128-C1664723459-C366674827,ZeroedOriginBalance
tx-128-C375834345-C459252114,FraudTransaction
tx-128-C375834345-C459252114,HighAmountTransfer
tx-128-C375834345-C459252114,ZeroedOriginBalance
tx-128-C1087011428-C2027691361,FraudTransaction
tx-128-C1087011428-C2027691361,ZeroedOriginBalance
tx-128-C1585006408-C348431786,FraudTransaction
tx-128-C1585006408-C348431786,ZeroedOriginBalance
tx-128-C1883146038-C1829816934,FraudTransaction
tx-128-C1883146038-C1829816934,HighAmountTransfer
tx-128-C1883146038-C1829816934,ZeroedOriginBalance
tx-128-C1347372630-C1738146204,FraudTransaction
tx-128-C1347372630-C1738146204,HighAmountTransfer
tx-128-C1347372630-C1738146204,ZeroedOriginBalance
tx-129-C922917235-C1075980653,FraudTransaction
tx-129-C922917235-C1075980653,ZeroedOriginBalance
tx-129-C1418109615-C1960441382,FraudTransaction
tx-129-C1418109615-C1960441382,ZeroedOriginBalance
tx-129-C511096622-C1787080738,FraudTransaction
tx-129-C511096622-C1787080738,ZeroedOriginBalance
tx-129-C426002729-C1313381818,FraudTransaction
tx-129-C426002729-C1313381818,ZeroedOriginBalance
tx-129-C1076727002-C192399554,FraudTransaction
tx-129-C1076727002-C192399554,HighAmountTransfer
tx-129-C1076727002-C192399554,ZeroedOriginBalance
tx-129-C767567328-C1624455220,FraudTransaction
tx-129-C767567328-C1624455220,HighAmountTransfer
tx-129-C767567328-C1624455220,ZeroedOriginBalance
tx-130-C2072241236-C165716979,FraudTransaction
tx-130-C2072241236-C165716979,HighAmountTransfer
tx-130-C2072241236-C165716979,ZeroedOriginBalance
tx-130-C735684642-C653403017,FraudTransaction
tx-130-C735684642-C653403017,HighAmountTransfer
tx-130-C735684642-C653403017,ZeroedOriginBalance
tx-130-C1124488417-C795184692,FraudTransaction
tx-130-C1124488417-C795184692,ZeroedOriginBalance
tx-130-C768827256-C136499939,FraudTransaction
tx-130-C768827256-C136499939,ZeroedOriginBalance
tx-130-C2122951913-C878866926,FraudTransaction
tx-130-C2122951913-C878866926,ZeroedOriginBalance
tx-130-C820901487-C70120540,FraudTransaction
tx-130-C820901487-C70120540,ZeroedOriginBalance
tx-131-C1573880228-C313140840,FraudTransaction
tx-131-C1573880228-C313140840,ZeroedOriginBalance
tx-131-C1766811336-C1948838736,FraudTransaction
tx-131-C1766811336-C1948838736,ZeroedOriginBalance
tx-131-C778841349-C512420448,FraudTransaction
tx-131-C778841349-C512420448,ZeroedOriginBalance
tx-131-C1728402348-C505193884,FraudTransaction
tx-131-C1728402348-C505193884,ZeroedOriginBalance
tx-131-C2046014385-C97016938,FraudTransaction
tx-131-C2046014385-C97016938,HighAmountTransfer
tx-131-C944451895-C1941053102,FraudTransaction
tx-131-C944451895-C1941053102,HighAmountTransfer
tx-131-C944451895-C1941053102,ZeroedOriginBalance
tx-131-C452889653-C1784013165,FraudTransaction
tx-131-C452889653-C1784013165,HighAmountTransfer
tx-131-C452889653-C1784013165,ZeroedOriginBalance
tx-131-C262815390-C450403816,FraudTransaction
tx-131-C262815390-C450403816,HighAmountTransfer
tx-131-C262815390-C450403816,ZeroedOriginBalance
tx-131-C479192985-C1723011411,FraudTransaction
tx-131-C479192985-C1723011411,HighAmountTransfer
tx-131-C479192985-C1723011411,ZeroedOriginBalance
tx-131-C1229867171-C985114937,FraudTransaction
tx-131-C1229867171-C985114937,HighAmountTransfer
tx-131-C1229867171-C985114937,ZeroedOriginBalance
tx-131-C1557244190-C746124782,FraudTransaction
tx-131-C1557244190-C746124782,HighAmountTransfer
tx-131-C1557244190-C746124782,ZeroedOriginBalance
tx-131-C1403642146-C929286459,FraudTransaction
tx-131-C1403642146-C929286459,HighAmountTransfer
tx-131-C1403642146-C929286459,ZeroedOriginBalance
tx-131-C245964929-C2025243065,FraudTransaction
tx-131-C245964929-C2025243065,HighAmountTransfer
tx-131-C245964929-C2025243065,ZeroedOriginBalance
tx-131-C1701978189-C1864787656,FraudTransaction
tx-131-C1701978189-C1864787656,HighAmountTransfer
tx-131-C1701978189-C1864787656,ZeroedOriginBalance
tx-131-C1827233798-C203519578,FraudTransaction
tx-131-C1827233798-C203519578,ZeroedOriginBalance
tx-131-C766442736-C1324615227,FraudTransaction
tx-131-C766442736-C1324615227,ZeroedOriginBalance
tx-132-C1484143293-C1982144545,FraudTransaction
tx-132-C1484143293-C1982144545,ZeroedOriginBalance
tx-132-C1376162995-C471258515,FraudTransaction
tx-132-C1376162995-C471258515,ZeroedOriginBalance
tx-132-C1242611758-C1769880049,FraudTransaction
tx-132-C1242611758-C1769880049,HighAmountTransfer
tx-132-C1242611758-C1769880049,ZeroedOriginBalance
tx-132-C225560210-C946491737,FraudTransaction
tx-132-C225560210-C946491737,HighAmountTransfer
tx-132-C225560210-C946491737,ZeroedOriginBalance
tx-132-C808515301-C1111269172,FraudTransaction
tx-132-C808515301-C1111269172,HighAmountTransfer
tx-132-C808515301-C1111269172,ZeroedOriginBalance
tx-132-C577782900-C48297071,FraudTransaction
tx-132-C577782900-C48297071,HighAmountTransfer
tx-132-C577782900-C48297071,ZeroedOriginBalance
tx-132-C1964503568-C1405052929,FraudTransaction
tx-132-C1964503568-C1405052929,ZeroedOriginBalance
tx-132-C367922797-C697452731,FraudTransaction
tx-132-C367922797-C697452731,ZeroedOriginBalance
tx-132-C926121167-C516391420,FraudTransaction
tx-132-C926121167-C516391420,HighAmountTransfer
tx-132-C926121167-C516391420,ZeroedOriginBalance
tx-132-C1716241276-C553804968,FraudTransaction
tx-132-C1716241276-C553804968,HighAmountTransfer
tx-132-C1716241276-C553804968,ZeroedOriginBalance
tx-133-C1612087720-C156111080,FraudTransaction
tx-133-C1612087720-C156111080,ZeroedOriginBalance
tx-133-C1241123022-C28614156,FraudTransaction
tx-133-C1241123022-C28614156,ZeroedOriginBalance
tx-133-C1465621958-C1350854883,FraudTransaction
tx-133-C1465621958-C1350854883,ZeroedOriginBalance
tx-133-C362748742-C81133890,FraudTransaction
tx-133-C362748742-C81133890,ZeroedOriginBalance
tx-133-C695823841-C679367763,FraudTransaction
tx-133-C695823841-C679367763,HighAmountTransfer
tx-133-C695823841-C679367763,ZeroedOriginBalance
tx-133-C1724151856-C1229046559,FraudTransaction
tx-133-C1724151856-C1229046559,HighAmountTransfer
tx-133-C1724151856-C1229046559,ZeroedOriginBalance
tx-133-C532758162-C1844648753,FraudTransaction
tx-133-C532758162-C1844648753,ZeroedOriginBalance
tx-133-C1372185413-C128567298,FraudTransaction
tx-133-C1372185413-C128567298,ZeroedOriginBalance
tx-133-C199493859-C1845834519,FraudTransaction
tx-133-C199493859-C1845834519,ZeroedOriginBalance
tx-133-C1895502968-C951398673,FraudTransaction
tx-133-C1895502968-C951398673,ZeroedOriginBalance
tx-134-C1626206684-C1082903633,FraudTransaction
tx-134-C1626206684-C1082903633,ZeroedOriginBalance
tx-134-C91676568-C307821944,FraudTransaction
tx-134-C91676568-C307821944,ZeroedOriginBalance
tx-134-C17491956-C983697974,FraudTransaction
tx-134-C17491956-C983697974,HighAmountTransfer
tx-134-C17491956-C983697974,ZeroedOriginBalance
tx-134-C1457539209-C1879948586,FraudTransaction
tx-134-C1457539209-C1879948586,HighAmountTransfer
tx-134-C1457539209-C1879948586,ZeroedOriginBalance
tx-134-C426632957-C48103061,FraudTransaction
tx-134-C426632957-C48103061,HighAmountTransfer
tx-134-C2064974440-C184545705,FraudTransaction
tx-134-C2064974440-C184545705,HighAmountTransfer
tx-134-C2064974440-C184545705,ZeroedOriginBalance
tx-134-C1631482807-C1003909463,FraudTransaction
tx-134-C1631482807-C1003909463,HighAmountTransfer
tx-134-C1631482807-C1003909463,ZeroedOriginBalance
tx-134-C1686754447-C1330478726,FraudTransaction
tx-134-C1686754447-C1330478726,HighAmountTransfer
tx-134-C1686754447-C1330478726,ZeroedOriginBalance
tx-134-C311903293-C974621415,FraudTransaction
tx-134-C311903293-C974621415,HighAmountTransfer
tx-134-C311903293-C974621415,ZeroedOriginBalance
tx-134-C566299980-C2132741249,FraudTransaction
tx-134-C566299980-C2132741249,HighAmountTransfer
tx-134-C566299980-C2132741249,ZeroedOriginBalance
tx-135-C16325193-C1142308678,FraudTransaction
tx-135-C16325193-C1142308678,ZeroedOriginBalance
tx-135-C1591547495-C1132157369,FraudTransaction
tx-135-C1591547495-C1132157369,ZeroedOriginBalance
tx-135-C885687058-C1873143762,FraudTransaction
tx-135-C885687058-C1873143762,ZeroedOriginBalance
tx-135-C1386605683-C509021077,FraudTransaction
tx-135-C1386605683-C509021077,ZeroedOriginBalance
tx-135-C244991293-C1736477135,FraudTransaction
tx-135-C244991293-C1736477135,ZeroedOriginBalance
tx-135-C1400591529-C1469656123,FraudTransaction
tx-135-C1400591529-C1469656123,ZeroedOriginBalance
tx-135-C3592918-C956442492,FraudTransaction
tx-135-C3592918-C956442492,ZeroedOriginBalance
tx-135-C2071408487-C1313763244,FraudTransaction
tx-135-C2071408487-C1313763244,ZeroedOriginBalance
tx-136-C1406501579-C106008304,FraudTransaction
tx-136-C1406501579-C106008304,HighAmountTransfer
tx-136-C1406501579-C106008304,ZeroedOriginBalance
tx-136-C252215515-C870722399,FraudTransaction
tx-136-C252215515-C870722399,HighAmountTransfer
tx-136-C252215515-C870722399,ZeroedOriginBalance
tx-136-C652728063-C1111932941,FraudTransaction
tx-136-C652728063-C1111932941,ZeroedOriginBalance
tx-136-C1574654843-C1877061834,FraudTransaction
tx-136-C1574654843-C1877061834,ZeroedOriginBalance
tx-136-C1105946611-C704248437,FraudTransaction
tx-136-C1105946611-C704248437,HighAmountTransfer
tx-136-C1105946611-C704248437,ZeroedOriginBalance
tx-136-C1229716885-C1742997341,FraudTransaction
tx-136-C1229716885-C1742997341,HighAmountTransfer
tx-136-C1229716885-C1742997341,ZeroedOriginBalance
tx-136-C909629490-C967833136,FraudTransaction
tx-136-C909629490-C967833136,ZeroedOriginBalance
tx-136-C1426688213-C1274877827,FraudTransaction
tx-136-C1426688213-C1274877827,ZeroedOriginBalance
tx-136-C584194979-C2018653161,FraudTransaction
tx-136-C584194979-C2018653161,HighAmountTransfer
tx-136-C584194979-C2018653161,ZeroedOriginBalance
tx-136-C983899161-C1297951488,FraudTransaction
tx-136-C983899161-C1297951488,HighAmountTransfer
tx-136-C983899161-C1297951488,ZeroedOriginBalance
tx-137-C272782184-C804016361,FraudTransaction
tx-137-C272782184-C804016361,HighAmountTransfer
tx-137-C272782184-C804016361,ZeroedOriginBalance
tx-137-C795574446-C1744617229,FraudTransaction
tx-137-C795574446-C1744617229,HighAmountTransfer
tx-137-C795574446-C1744617229,ZeroedOriginBalance
tx-137-C2118315952-C1765086127,FraudTransaction
tx-137-C2118315952-C1765086127,ZeroedOriginBalance
tx-137-C1644589912-C671189136,FraudTransaction
tx-137-C1644589912-C671189136,ZeroedOriginBalance
tx-137-C965340171-C863634081,FraudTransaction
tx-137-C965340171-C863634081,HighAmountTransfer
tx-137-C965340171-C863634081,ZeroedOriginBalance
tx-137-C794060279-C928051601,FraudTransaction
tx-137-C794060279-C928051601,HighAmountTransfer
tx-137-C794060279-C928051601,ZeroedOriginBalance
tx-137-C629787900-C794779116,FraudTransaction
tx-137-C629787900-C794779116,ZeroedOriginBalance
tx-137-C1139626226-C767625461,FraudTransaction
tx-137-C1139626226-C767625461,ZeroedOriginBalance
tx-137-C1430436436-C1190598592,FraudTransaction
tx-137-C1430436436-C1190598592,HighAmountTransfer
tx-137-C1430436436-C1190598592,ZeroedOriginBalance
tx-137-C608259465-C1307118574,FraudTransaction
tx-137-C608259465-C1307118574,HighAmountTransfer
tx-137-C608259465-C1307118574,ZeroedOriginBalance
tx-137-C984621443-C1664913171,FraudTransaction
tx-137-C984621443-C1664913171,HighAmountTransfer
tx-137-C984621443-C1664913171,ZeroedOriginBalance
tx-137-C1536697892-C74013301,FraudTransaction
tx-137-C1536697892-C74013301,HighAmountTransfer
tx-137-C1536697892-C74013301,ZeroedOriginBalance
tx-138-C614130152-C1884751175,FraudTransaction
tx-138-C614130152-C1884751175,ZeroedOriginBalance
tx-138-C1422611591-C975019107,FraudTransaction
tx-138-C1422611591-C975019107,ZeroedOriginBalance
tx-138-C13476489-C267641579,FraudTransaction
tx-138-C13476489-C267641579,ZeroedOriginBalance
tx-138-C255761581-C389495831,FraudTransaction
tx-138-C255761581-C389495831,ZeroedOriginBalance
tx-139-C1377280897-C1616326954,FraudTransaction
tx-139-C1377280897-C1616326954,ZeroedOriginBalance
tx-139-C1280075044-C1939861017,FraudTransaction
tx-139-C1280075044-C1939861017,ZeroedOriginBalance
tx-139-C797411112-C1969431607,FraudTransaction
tx-139-C797411112-C1969431607,ZeroedOriginBalance
tx-139-C701624448-C1632095414,FraudTransaction
tx-139-C701624448-C1632095414,ZeroedOriginBalance
tx-140-C1764838564-C908334947,FraudTransaction
tx-140-C1764838564-C908334947,ZeroedOriginBalance
tx-140-C1472915289-C311901651,FraudTransaction
tx-140-C1472915289-C311901651,ZeroedOriginBalance
tx-140-C1584907362-C1968032236,FraudTransaction
tx-140-C1584907362-C1968032236,HighAmountTransfer
tx-140-C1584907362-C1968032236,ZeroedOriginBalance
tx-140-C148679503-C470122126,FraudTransaction
tx-140-C148679503-C470122126,HighAmountTransfer
tx-140-C148679503-C470122126,ZeroedOriginBalance
tx-140-C617343530-C826178834,FraudTransaction
tx-140-C617343530-C826178834,HighAmountTransfer
tx-140-C617343530-C826178834,ZeroedOriginBalance
tx-140-C1711657295-C144852879,FraudTransaction
tx-140-C1711657295-C144852879,HighAmountTransfer
tx-140-C1711657295-C144852879,ZeroedOriginBalance
tx-140-C1136009119-C864356085,FraudTransaction
tx-140-C1136009119-C864356085,ZeroedOriginBalance
tx-140-C1310618483-C892400741,FraudTransaction
tx-140-C1310618483-C892400741,ZeroedOriginBalance
tx-140-C1245242026-C1270286855,FraudTransaction
tx-140-C1245242026-C1270286855,ZeroedOriginBalance
tx-140-C1507289159-C431035662,FraudTransaction
tx-140-C1507289159-C431035662,ZeroedOriginBalance
tx-140-C2103265286-C1983881188,FraudTransaction
tx-140-C2103265286-C1983881188,ZeroedOriginBalance
tx-140-C87316274-C1051603827,FraudTransaction
tx-140-C87316274-C1051603827,ZeroedOriginBalance
tx-140-C2077349691-C1084745471,FraudTransaction
tx-140-C2077349691-C1084745471,ZeroedOriginBalance
tx-140-C1800812405-C605132681,FraudTransaction
tx-140-C1800812405-C605132681,ZeroedOriginBalance
tx-141-C355611635-C137763659,FraudTransaction
tx-141-C355611635-C137763659,ZeroedOriginBalance
tx-141-C1303980917-C1857425198,FraudTransaction
tx-141-C1303980917-C1857425198,ZeroedOriginBalance
tx-141-C1446312452-C1127367345,FraudTransaction
tx-141-C1446312452-C1127367345,ZeroedOriginBalance
tx-141-C1071591900-C1325541393,FraudTransaction
tx-141-C1071591900-C1325541393,ZeroedOriginBalance
tx-141-C1071591900-C1325541393,RepeatedFraudDestination
tx-141-C227497385-C195200661,FraudTransaction
tx-141-C227497385-C195200661,HighAmountTransfer
tx-141-C227497385-C195200661,ZeroedOriginBalance
tx-141-C752410137-C404647251,FraudTransaction
tx-141-C752410137-C404647251,HighAmountTransfer
tx-141-C752410137-C404647251,ZeroedOriginBalance
tx-141-C1146223935-C840928350,FraudTransaction
tx-141-C1146223935-C840928350,ZeroedOriginBalance
tx-141-C876504183-C1536498682,FraudTransaction
tx-141-C876504183-C1536498682,ZeroedOriginBalance
tx-142-C627366177-C1014517365,FraudTransaction
tx-142-C627366177-C1014517365,ZeroedOriginBalance
tx-142-C1088641911-C1039637819,FraudTransaction
tx-142-C1088641911-C1039637819,ZeroedOriginBalance
tx-142-C168746534-C717942686,FraudTransaction
tx-142-C168746534-C717942686,ZeroedOriginBalance
tx-142-C688380113-C1780087922,FraudTransaction
tx-142-C688380113-C1780087922,ZeroedOriginBalance
tx-142-C1521066827-C237081413,FraudTransaction
tx-142-C1521066827-C237081413,HighAmountTransfer
tx-142-C1521066827-C237081413,ZeroedOriginBalance
tx-142-C1567508562-C233644049,FraudTransaction
tx-142-C1567508562-C233644049,HighAmountTransfer
tx-142-C1567508562-C233644049,ZeroedOriginBalance
tx-142-C171834973-C1249377837,FraudTransaction
tx-142-C171834973-C1249377837,ZeroedOriginBalance
tx-142-C1493875505-C675229754,FraudTransaction
tx-142-C1493875505-C675229754,ZeroedOriginBalance
tx-143-C809314999-C421219545,FraudTransaction
tx-143-C809314999-C421219545,HighAmountTransfer
tx-143-C809314999-C421219545,ZeroedOriginBalance
tx-143-C941627109-C704744337,FraudTransaction
tx-143-C941627109-C704744337,HighAmountTransfer
tx-143-C941627109-C704744337,ZeroedOriginBalance
tx-143-C740325067-C951611415,FraudTransaction
tx-143-C740325067-C951611415,HighAmountTransfer
tx-143-C740325067-C951611415,ZeroedOriginBalance
tx-143-C884592153-C2111326031,FraudTransaction
tx-143-C884592153-C2111326031,HighAmountTransfer
tx-143-C884592153-C2111326031,ZeroedOriginBalance
tx-143-C6950250-C525235814,FraudTransaction
tx-143-C6950250-C525235814,HighAmountTransfer
tx-143-C6950250-C525235814,ZeroedOriginBalance
tx-143-C492515699-C527244596,FraudTransaction
tx-143-C492515699-C527244596,HighAmountTransfer
tx-143-C492515699-C527244596,ZeroedOriginBalance
tx-143-C239155420-C780047306,FraudTransaction
tx-143-C239155420-C780047306,ZeroedOriginBalance
tx-143-C522387015-C1649774015,FraudTransaction
tx-143-C522387015-C1649774015,ZeroedOriginBalance
tx-143-C1352884053-C769290642,FraudTransaction
tx-143-C1352884053-C769290642,ZeroedOriginBalance
tx-143-C1717994477-C1484687714,FraudTransaction
tx-143-C1717994477-C1484687714,ZeroedOriginBalance
tx-143-C986104580-C638622205,FraudTransaction
tx-143-C986104580-C638622205,ZeroedOriginBalance
tx-143-C1150396076-C1385705037,FraudTransaction
tx-143-C1150396076-C1385705037,ZeroedOriginBalance
tx-143-C659082738-C2146348843,FraudTransaction
tx-143-C659082738-C2146348843,HighAmountTransfer
tx-143-C659082738-C2146348843,ZeroedOriginBalance
tx-143-C1607355458-C1507119938,FraudTransaction
tx-143-C1607355458-C1507119938,HighAmountTransfer
tx-143-C1607355458-C1507119938,ZeroedOriginBalance
tx-143-C996891607-C1918140601,FraudTransaction
tx-143-C996891607-C1918140601,ZeroedOriginBalance
tx-143-C1018686396-C184389998,FraudTransaction
tx-143-C1018686396-C184389998,ZeroedOriginBalance
tx-144-C160577338-C162068560,FraudTransaction
tx-144-C160577338-C162068560,ZeroedOriginBalance
tx-144-C1830172898-C1813501651,FraudTransaction
tx-144-C1830172898-C1813501651,ZeroedOriginBalance
tx-144-C549010172-C1983458809,FraudTransaction
tx-144-C549010172-C1983458809,ZeroedOriginBalance
tx-144-C1079154167-C385675312,FraudTransaction
tx-144-C1079154167-C385675312,ZeroedOriginBalance
tx-144-C1544110174-C2112676621,FraudTransaction
tx-144-C1544110174-C2112676621,ZeroedOriginBalance
tx-144-C597823644-C68854831,FraudTransaction
tx-144-C597823644-C68854831,ZeroedOriginBalance
tx-144-C231882139-C908283595,FraudTransaction
tx-144-C231882139-C908283595,ZeroedOriginBalance
tx-144-C1347259085-C1084363667,FraudTransaction
tx-144-C1347259085-C1084363667,ZeroedOriginBalance
tx-144-C1236932461-C761922099,FraudTransaction
tx-144-C1236932461-C761922099,HighAmountTransfer
tx-144-C1236932461-C761922099,ZeroedOriginBalance
tx-144-C540872816-C875816541,FraudTransaction
tx-144-C540872816-C875816541,HighAmountTransfer
tx-144-C540872816-C875816541,ZeroedOriginBalance
tx-145-C1544286887-C436837170,FraudTransaction
tx-145-C1544286887-C436837170,HighAmountTransfer
tx-145-C1544286887-C436837170,ZeroedOriginBalance
tx-145-C1487625973-C1046637839,FraudTransaction
tx-145-C1487625973-C1046637839,HighAmountTransfer
tx-145-C1487625973-C1046637839,ZeroedOriginBalance
tx-145-C1788535052-C130229315,FraudTransaction
tx-145-C1788535052-C130229315,ZeroedOriginBalance
tx-145-C774736612-C1224889094,FraudTransaction
tx-145-C774736612-C1224889094,ZeroedOriginBalance
tx-145-C1481292260-C1130721375,FraudTransaction
tx-145-C1481292260-C1130721375,ZeroedOriginBalance
tx-145-C1096551373-C632622590,FraudTransaction
tx-145-C1096551373-C632622590,ZeroedOriginBalance
tx-145-C1207025716-C1129375709,FraudTransaction
tx-145-C1207025716-C1129375709,HighAmountTransfer
tx-145-C1207025716-C1129375709,ZeroedOriginBalance
tx-145-C1540456326-C1572482192,FraudTransaction
tx-145-C1540456326-C1572482192,HighAmountTransfer
tx-145-C1540456326-C1572482192,ZeroedOriginBalance
tx-145-C699121827-C1252527370,FraudTransaction
tx-145-C699121827-C1252527370,HighAmountTransfer
tx-145-C699121827-C1252527370,ZeroedOriginBalance
tx-145-C1733969838-C1915229733,FraudTransaction
tx-145-C1733969838-C1915229733,HighAmountTransfer
tx-145-C1733969838-C1915229733,ZeroedOriginBalance
tx-145-C1581441429-C528739527,FraudTransaction
tx-145-C1581441429-C528739527,ZeroedOriginBalance
tx-145-C2046096221-C1306048259,FraudTransaction
tx-145-C2046096221-C1306048259,ZeroedOriginBalance
tx-145-C384072543-C588343679,FraudTransaction
tx-145-C384072543-C588343679,ZeroedOriginBalance
tx-145-C1782679306-C1503937071,FraudTransaction
tx-145-C1782679306-C1503937071,ZeroedOriginBalance
tx-146-C2111007650-C830545754,FraudTransaction
tx-146-C2111007650-C830545754,HighAmountTransfer
tx-146-C2111007650-C830545754,ZeroedOriginBalance
tx-146-C115707854-C1107422385,FraudTransaction
tx-146-C115707854-C1107422385,HighAmountTransfer
tx-146-C115707854-C1107422385,ZeroedOriginBalance
tx-146-C1683014037-C330996942,FraudTransaction
tx-146-C1683014037-C330996942,ZeroedOriginBalance
tx-146-C293955297-C585602438,FraudTransaction
tx-146-C293955297-C585602438,ZeroedOriginBalance
tx-146-C781269019-C414219779,FraudTransaction
tx-146-C781269019-C414219779,ZeroedOriginBalance
tx-146-C570906576-C1864667577,FraudTransaction
tx-146-C570906576-C1864667577,ZeroedOriginBalance
tx-146-C204723850-C776823334,FraudTransaction
tx-146-C204723850-C776823334,ZeroedOriginBalance
tx-146-C1241672000-C271238521,FraudTransaction
tx-146-C1241672000-C271238521,ZeroedOriginBalance
tx-146-C1524859544-C1609215593,FraudTransaction
tx-146-C1524859544-C1609215593,ZeroedOriginBalance
tx-146-C2110396645-C842496101,FraudTransaction
tx-146-C2110396645-C842496101,ZeroedOriginBalance
tx-147-C318449492-C632641086,FraudTransaction
tx-147-C318449492-C632641086,HighAmountTransfer
tx-147-C318449492-C632641086,ZeroedOriginBalance
tx-147-C507008752-C1280720462,FraudTransaction
tx-147-C507008752-C1280720462,HighAmountTransfer
tx-147-C507008752-C1280720462,ZeroedOriginBalance
tx-147-C1398711376-C910056711,FraudTransaction
tx-147-C1398711376-C910056711,ZeroedOriginBalance
tx-147-C796773856-C27593268,FraudTransaction
tx-147-C796773856-C27593268,ZeroedOriginBalance
tx-147-C520000532-C1415536651,FraudTransaction
tx-147-C520000532-C1415536651,ZeroedOriginBalance
tx-147-C1605191910-C201338913,FraudTransaction
tx-147-C1605191910-C201338913,ZeroedOriginBalance
tx-148-C492529807-C863881747,FraudTransaction
tx-148-C492529807-C863881747,HighAmountTransfer
tx-148-C492529807-C863881747,ZeroedOriginBalance
tx-148-C379244982-C1160379813,FraudTransaction
tx-148-C379244982-C1160379813,HighAmountTransfer
tx-148-C379244982-C1160379813,ZeroedOriginBalance
tx-148-C380436221-C390478316,FraudTransaction
tx-148-C380436221-C390478316,ZeroedOriginBalance
tx-148-C2082620262-C492841836,FraudTransaction
tx-148-C2082620262-C492841836,ZeroedOriginBalance
tx-148-C981156733-C1127756392,FraudTransaction
tx-148-C981156733-C1127756392,ZeroedOriginBalance
tx-148-C2049716965-C1560676019,FraudTransaction
tx-148-C2049716965-C1560676019,ZeroedOriginBalance
tx-148-C193359947-C1492417626,FraudTransaction
tx-148-C193359947-C1492417626,ZeroedOriginBalance
tx-148-C1708206894-C1422044374,FraudTransaction
tx-148-C1708206894-C1422044374,ZeroedOriginBalance
tx-148-C1287690661-C89259074,FraudTransaction
tx-148-C1287690661-C89259074,ZeroedOriginBalance
tx-148-C44622712-C1601170327,FraudTransaction
tx-148-C44622712-C1601170327,ZeroedOriginBalance
tx-148-C44622712-C1601170327,RepeatedFraudDestination
tx-148-C1107493587-C1252635926,FraudTransaction
tx-148-C1107493587-C1252635926,ZeroedOriginBalance
tx-148-C1897206044-C398205372,FraudTransaction
tx-148-C1897206044-C398205372,ZeroedOriginBalance
tx-149-C961585962-C420013830,FraudTransaction
tx-149-C961585962-C420013830,HighAmountTransfer
tx-149-C961585962-C420013830,ZeroedOriginBalance
tx-149-C2091267163-C1391718831,FraudTransaction
tx-149-C2091267163-C1391718831,HighAmountTransfer
tx-149-C2091267163-C1391718831,ZeroedOriginBalance
tx-149-C644461702-C1700734681,FraudTransaction
tx-149-C644461702-C1700734681,ZeroedOriginBalance
tx-149-C2133707942-C129318396,FraudTransaction
tx-149-C2133707942-C129318396,ZeroedOriginBalance
tx-149-C1138260378-C944216727,FraudTransaction
tx-149-C1138260378-C944216727,ZeroedOriginBalance
tx-149-C244418902-C1872196255,FraudTransaction
tx-149-C244418902-C1872196255,ZeroedOriginBalance
tx-149-C1706545542-C2068537951,FraudTransaction
tx-149-C1706545542-C2068537951,ZeroedOriginBalance
tx-149-C1961781610-C1530802023,FraudTransaction
tx-149-C1961781610-C1530802023,ZeroedOriginBalance
tx-149-C1962597060-C103010660,FraudTransaction
tx-149-C1962597060-C103010660,HighAmountTransfer
tx-149-C1962597060-C103010660,ZeroedOriginBalance
tx-149-C1982019124-C2025892351,FraudTransaction
tx-149-C1982019124-C2025892351,HighAmountTransfer
tx-149-C1982019124-C2025892351,ZeroedOriginBalance
tx-149-C767812247-C263239858,FraudTransaction
tx-149-C767812247-C263239858,ZeroedOriginBalance
tx-149-C711027580-C1812011934,FraudTransaction
tx-149-C711027580-C1812011934,ZeroedOriginBalance
tx-149-C149923854-C32740114,FraudTransaction
tx-149-C149923854-C32740114,HighAmountTransfer
tx-149-C149923854-C32740114,ZeroedOriginBalance
tx-149-C1729277361-C180584877,FraudTransaction
tx-149-C1729277361-C180584877,HighAmountTransfer
tx-149-C1729277361-C180584877,ZeroedOriginBalance
tx-149-C1433873566-C45573890,FraudTransaction
tx-149-C1433873566-C45573890,ZeroedOriginBalance
tx-149-C1961658311-C430727809,FraudTransaction
tx-149-C1961658311-C430727809,ZeroedOriginBalance
tx-149-C20381324-C948884752,FraudTransaction
tx-149-C20381324-C948884752,ZeroedOriginBalance
tx-149-C1941677118-C1983026804,FraudTransaction
tx-149-C1941677118-C1983026804,ZeroedOriginBalance
tx-149-C1058610480-C532968715,FraudTransaction
tx-149-C1058610480-C532968715,HighAmountTransfer
tx-149-C1058610480-C532968715,ZeroedOriginBalance
tx-149-C478532233-C1188145688,FraudTransaction
tx-149-C478532233-C1188145688,HighAmountTransfer
tx-149-C478532233-C1188145688,ZeroedOriginBalance
tx-149-C32072750-C398888765,FraudTransaction
tx-149-C32072750-C398888765,ZeroedOriginBalance
tx-149-C185736530-C1020879076,FraudTransaction
tx-149-C185736530-C1020879076,ZeroedOriginBalance
tx-150-C1644591810-C2090168733,FraudTransaction
tx-150-C1644591810-C2090168733,HighAmountTransfer
tx-150-C1644591810-C2090168733,ZeroedOriginBalance
tx-150-C863602835-C1595218853,FraudTransaction
tx-150-C863602835-C1595218853,HighAmountTransfer
tx-150-C863602835-C1595218853,ZeroedOriginBalance
tx-150-C1944439526-C525813177,FraudTransaction
tx-150-C1944439526-C525813177,ZeroedOriginBalance
tx-150-C1044668407-C1238137303,FraudTransaction
tx-150-C1044668407-C1238137303,ZeroedOriginBalance
tx-150-C1875243671-C342413746,FraudTransaction
tx-150-C1875243671-C342413746,ZeroedOriginBalance
tx-150-C277332716-C1073000277,FraudTransaction
tx-150-C277332716-C1073000277,ZeroedOriginBalance
tx-150-C1298700512-C1954906518,FraudTransaction
tx-150-C1298700512-C1954906518,ZeroedOriginBalance
tx-150-C1364188509-C1652775924,FraudTransaction
tx-150-C1364188509-C1652775924,ZeroedOriginBalance
tx-150-C299814057-C1248568402,FraudTransaction
tx-150-C299814057-C1248568402,ZeroedOriginBalance
tx-150-C1071705308-C1917732359,FraudTransaction
tx-150-C1071705308-C1917732359,ZeroedOriginBalance
tx-150-C919002200-C1705969285,FraudTransaction
tx-150-C919002200-C1705969285,HighAmountTransfer
tx-150-C919002200-C1705969285,ZeroedOriginBalance
tx-150-C424434408-C524837856,FraudTransaction
tx-150-C424434408-C524837856,HighAmountTransfer
tx-150-C424434408-C524837856,ZeroedOriginBalance
tx-150-C2123396844-C304787673,FraudTransaction
tx-150-C2123396844-C304787673,HighAmountTransfer
tx-150-C2123396844-C304787673,ZeroedOriginBalance
tx-150-C1177478126-C801773447,FraudTransaction
tx-150-C1177478126-C801773447,HighAmountTransfer
tx-150-C1177478126-C801773447,ZeroedOriginBalance
tx-151-C1183499119-C1668573302,FraudTransaction
tx-151-C1183499119-C1668573302,ZeroedOriginBalance
tx-151-C1038764620-C1993931495,FraudTransaction
tx-151-C1038764620-C1993931495,ZeroedOriginBalance
tx-151-C1085303819-C1227606415,FraudTransaction
tx-151-C1085303819-C1227606415,ZeroedOriginBalance
tx-151-C1899026016-C1685224113,FraudTransaction
tx-151-C1899026016-C1685224113,ZeroedOriginBalance
tx-151-C1639051922-C862738497,FraudTransaction
tx-151-C1639051922-C862738497,ZeroedOriginBalance
tx-151-C249982146-C627570303,FraudTransaction
tx-151-C249982146-C627570303,ZeroedOriginBalance
tx-151-C866838575-C1299552545,FraudTransaction
tx-151-C866838575-C1299552545,ZeroedOriginBalance
tx-151-C2058115852-C1350667222,FraudTransaction
tx-151-C2058115852-C1350667222,ZeroedOriginBalance
tx-151-C1983851007-C1777824686,FraudTransaction
tx-151-C1983851007-C1777824686,ZeroedOriginBalance
tx-151-C371450806-C475066287,FraudTransaction
tx-151-C371450806-C475066287,ZeroedOriginBalance
tx-151-C1915521741-C1011899331,FraudTransaction
tx-151-C1915521741-C1011899331,ZeroedOriginBalance
tx-151-C1791019967-C248286792,FraudTransaction
tx-151-C1791019967-C248286792,ZeroedOriginBalance
tx-151-C1707046857-C1057271588,FraudTransaction
tx-151-C1707046857-C1057271588,HighAmountTransfer
tx-151-C1707046857-C1057271588,ZeroedOriginBalance
tx-151-C1812465307-C1438776235,FraudTransaction
tx-151-C1812465307-C1438776235,HighAmountTransfer
tx-151-C1812465307-C1438776235,ZeroedOriginBalance
tx-151-C2053411637-C337996170,FraudTransaction
tx-151-C2053411637-C337996170,HighAmountTransfer
tx-151-C2053411637-C337996170,ZeroedOriginBalance
tx-151-C370488053-C1690006071,FraudTransaction
tx-151-C370488053-C1690006071,HighAmountTransfer
tx-151-C370488053-C1690006071,ZeroedOriginBalance
tx-151-C134880961-C1742051679,FraudTransaction
tx-151-C134880961-C1742051679,ZeroedOriginBalance
tx-151-C605744517-C839259296,FraudTransaction
tx-151-C605744517-C839259296,ZeroedOriginBalance
tx-152-C2058960648-C413773455,FraudTransaction
tx-152-C2058960648-C413773455,HighAmountTransfer
tx-152-C2058960648-C413773455,ZeroedOriginBalance
tx-152-C1157904432-C2053528255,FraudTransaction
tx-152-C1157904432-C2053528255,HighAmountTransfer
tx-152-C1157904432-C2053528255,ZeroedOriginBalance
tx-152-C488688199-C1626596200,FraudTransaction
tx-152-C488688199-C1626596200,ZeroedOriginBalance
tx-152-C1847949987-C1663207814,FraudTransaction
tx-152-C1847949987-C1663207814,ZeroedOriginBalance
tx-152-C1566001424-C421137084,FraudTransaction
tx-152-C1566001424-C421137084,ZeroedOriginBalance
tx-152-C964050738-C997146902,FraudTransaction
tx-152-C964050738-C997146902,ZeroedOriginBalance
tx-153-C1944993034-C2019813234,FraudTransaction
tx-153-C1944993034-C2019813234,ZeroedOriginBalance
tx-153-C713785224-C531994851,FraudTransaction
tx-153-C713785224-C531994851,ZeroedOriginBalance
tx-153-C95607946-C1485064978,FraudTransaction
tx-153-C95607946-C1485064978,HighAmountTransfer
tx-153-C95607946-C1485064978,ZeroedOriginBalance
tx-153-C1543464772-C562220345,FraudTransaction
tx-153-C1543464772-C562220345,HighAmountTransfer
tx-153-C1543464772-C562220345,ZeroedOriginBalance
tx-153-C709433004-C895867127,FraudTransaction
tx-153-C709433004-C895867127,ZeroedOriginBalance
tx-153-C374230144-C209338104,FraudTransaction
tx-153-C374230144-C209338104,ZeroedOriginBalance
tx-153-C742014717-C832072738,FraudTransaction
tx-153-C742014717-C832072738,ZeroedOriginBalance
tx-153-C1575731939-C33412994,FraudTransaction
tx-153-C1575731939-C33412994,ZeroedOriginBalance
tx-153-C1551236270-C1615265325,FraudTransaction
tx-153-C1551236270-C1615265325,ZeroedOriginBalance
tx-153-C1746722810-C724702929,FraudTransaction
tx-153-C1746722810-C724702929,ZeroedOriginBalance
tx-154-C525094295-C1227140527,FraudTransaction
tx-154-C525094295-C1227140527,ZeroedOriginBalance
tx-154-C831752854-C1379173269,FraudTransaction
tx-154-C831752854-C1379173269,ZeroedOriginBalance
tx-154-C1197049962-C1656842502,FraudTransaction
tx-154-C1197049962-C1656842502,ZeroedOriginBalance
tx-154-C1197049962-C1656842502,RepeatedFraudDestination
tx-154-C1825078209-C216559212,FraudTransaction
tx-154-C1825078209-C216559212,ZeroedOriginBalance
tx-154-C1665891733-C1915924384,FraudTransaction
tx-154-C1665891733-C1915924384,HighAmountTransfer
tx-154-C1665891733-C1915924384,ZeroedOriginBalance
tx-154-C1521962059-C1036969884,FraudTransaction
tx-154-C1521962059-C1036969884,HighAmountTransfer
tx-154-C1521962059-C1036969884,ZeroedOriginBalance
tx-154-C1468687617-C387457266,FraudTransaction
tx-154-C1468687617-C387457266,HighAmountTransfer
tx-154-C1468687617-C387457266,ZeroedOriginBalance
tx-154-C1408863129-C412806203,FraudTransaction
tx-154-C1408863129-C412806203,HighAmountTransfer
tx-154-C1408863129-C412806203,ZeroedOriginBalance
tx-154-C1874018403-C1391104856,FraudTransaction
tx-154-C1874018403-C1391104856,ZeroedOriginBalance
tx-154-C221305576-C1119520541,FraudTransaction
tx-154-C221305576-C1119520541,ZeroedOriginBalance
tx-155-C1918133252-C214058020,FraudTransaction
tx-155-C1918133252-C214058020,ZeroedOriginBalance
tx-155-C2020102800-C376747351,FraudTransaction
tx-155-C2020102800-C376747351,ZeroedOriginBalance
tx-155-C954871123-C372683290,FraudTransaction
tx-155-C954871123-C372683290,ZeroedOriginBalance
tx-155-C1430228862-C542787796,FraudTransaction
tx-155-C1430228862-C542787796,ZeroedOriginBalance
tx-155-C1732090063-C688711189,FraudTransaction
tx-155-C1732090063-C688711189,HighAmountTransfer
tx-155-C1732090063-C688711189,ZeroedOriginBalance
tx-155-C1925659680-C373469427,FraudTransaction
tx-155-C1925659680-C373469427,HighAmountTransfer
tx-155-C1925659680-C373469427,ZeroedOriginBalance
tx-155-C1780509155-C393947373,FraudTransaction
tx-155-C1780509155-C393947373,ZeroedOriginBalance
tx-155-C1810820401-C475334317,FraudTransaction
tx-155-C1810820401-C475334317,ZeroedOriginBalance
tx-156-C1561180721-C354861131,FraudTransaction
tx-156-C1561180721-C354861131,ZeroedOriginBalance
tx-156-C1746844617-C385289629,FraudTransaction
tx-156-C1746844617-C385289629,ZeroedOriginBalance
tx-156-C1483115397-C627099029,FraudTransaction
tx-156-C1483115397-C627099029,ZeroedOriginBalance
tx-156-C1597187760-C1975329762,FraudTransaction
tx-156-C1597187760-C1975329762,ZeroedOriginBalance
tx-156-C2131970934-C204911747,FraudTransaction
tx-156-C2131970934-C204911747,ZeroedOriginBalance
tx-156-C1433143249-C2122364089,FraudTransaction
tx-156-C1433143249-C2122364089,ZeroedOriginBalance
tx-156-C514076656-C1340029873,FraudTransaction
tx-156-C514076656-C1340029873,ZeroedOriginBalance
tx-156-C930019406-C1455547757,FraudTransaction
tx-156-C930019406-C1455547757,ZeroedOriginBalance
tx-156-C598184926-C2081880408,FraudTransaction
tx-156-C598184926-C2081880408,ZeroedOriginBalance
tx-156-C599834938-C522259302,FraudTransaction
tx-156-C599834938-C522259302,ZeroedOriginBalance
tx-156-C2086963395-C1551302836,FraudTransaction
tx-156-C2086963395-C1551302836,ZeroedOriginBalance
tx-156-C1678635027-C1857006828,FraudTransaction
tx-156-C1678635027-C1857006828,ZeroedOriginBalance
tx-156-C1471003235-C354295932,FraudTransaction
tx-156-C1471003235-C354295932,ZeroedOriginBalance
tx-156-C1196634718-C1667005815,FraudTransaction
tx-156-C1196634718-C1667005815,ZeroedOriginBalance
tx-156-C1020546526-C727304314,FraudTransaction
tx-156-C1020546526-C727304314,ZeroedOriginBalance
tx-156-C1847194687-C1466605034,FraudTransaction
tx-156-C1847194687-C1466605034,ZeroedOriginBalance
tx-156-C317224032-C2050121907,FraudTransaction
tx-156-C317224032-C2050121907,ZeroedOriginBalance
tx-156-C1897080488-C605981144,FraudTransaction
tx-156-C1897080488-C605981144,ZeroedOriginBalance
tx-157-C315040579-C657935112,FraudTransaction
tx-157-C315040579-C657935112,ZeroedOriginBalance
tx-157-C1084653539-C1027684091,FraudTransaction
tx-157-C1084653539-C1027684091,ZeroedOriginBalance
tx-157-C1839723035-C1602753129,FraudTransaction
tx-157-C1839723035-C1602753129,ZeroedOriginBalance
tx-157-C1540105290-C349350443,FraudTransaction
tx-157-C1540105290-C349350443,ZeroedOriginBalance
tx-157-C1533698204-C1200872138,FraudTransaction
tx-157-C1533698204-C1200872138,HighAmountTransfer
tx-157-C1533698204-C1200872138,ZeroedOriginBalance
tx-157-C751624512-C320991755,FraudTransaction
tx-157-C751624512-C320991755,HighAmountTransfer
tx-157-C751624512-C320991755,ZeroedOriginBalance
tx-157-C1522688362-C1520186695,FraudTransaction
tx-157-C1522688362-C1520186695,HighAmountTransfer
tx-157-C1522688362-C1520186695,ZeroedOriginBalance
tx-157-C1573457195-C22390987,FraudTransaction
tx-157-C1573457195-C22390987,HighAmountTransfer
tx-157-C1573457195-C22390987,ZeroedOriginBalance
tx-157-C1635910106-C556652352,FraudTransaction
tx-157-C1635910106-C556652352,HighAmountTransfer
tx-157-C1635910106-C556652352,ZeroedOriginBalance
tx-157-C788558672-C524532968,FraudTransaction
tx-157-C788558672-C524532968,HighAmountTransfer
tx-157-C788558672-C524532968,ZeroedOriginBalance
tx-157-C717731676-C572895729,FraudTransaction
tx-157-C717731676-C572895729,HighAmountTransfer
tx-157-C717731676-C572895729,ZeroedOriginBalance
tx-157-C1598804430-C904300960,FraudTransaction
tx-157-C1598804430-C904300960,HighAmountTransfer
tx-157-C1598804430-C904300960,ZeroedOriginBalance
tx-157-C1598804430-C904300960,RepeatedFraudDestination
tx-157-C1875095816-C1637949405,FraudTransaction
tx-157-C1875095816-C1637949405,ZeroedOriginBalance
tx-157-C2110710924-C325441489,FraudTransaction
tx-157-C2110710924-C325441489,ZeroedOriginBalance
tx-157-C798159363-C808528635,FraudTransaction
tx-157-C798159363-C808528635,ZeroedOriginBalance
tx-157-C122285117-C1520619561,FraudTransaction
tx-157-C122285117-C1520619561,ZeroedOriginBalance
tx-158-C970953721-C574361249,FraudTransaction
tx-158-C970953721-C574361249,ZeroedOriginBalance
tx-158-C1871574805-C1987416199,FraudTransaction
tx-158-C1871574805-C1987416199,ZeroedOriginBalance
tx-158-C1983738324-C1036857072,FraudTransaction
tx-158-C1983738324-C1036857072,ZeroedOriginBalance
tx-158-C1205222550-C457266787,FraudTransaction
tx-158-C1205222550-C457266787,ZeroedOriginBalance
tx-158-C1868574170-C1851909652,FraudTransaction
tx-158-C1868574170-C1851909652,HighAmountTransfer
tx-158-C1868574170-C1851909652,ZeroedOriginBalance
tx-158-C151947482-C1105913844,FraudTransaction
tx-158-C151947482-C1105913844,HighAmountTransfer
tx-158-C151947482-C1105913844,ZeroedOriginBalance
tx-158-C944291289-C1812394999,FraudTransaction
tx-158-C944291289-C1812394999,HighAmountTransfer
tx-158-C944291289-C1812394999,ZeroedOriginBalance
tx-158-C1384626324-C1328187730,FraudTransaction
tx-158-C1384626324-C1328187730,HighAmountTransfer
tx-158-C1384626324-C1328187730,ZeroedOriginBalance
tx-159-C1395649646-C640393193,FraudTransaction
tx-159-C1395649646-C640393193,ZeroedOriginBalance
tx-159-C650153052-C304864645,FraudTransaction
tx-159-C650153052-C304864645,ZeroedOriginBalance
tx-159-C2089040405-C1669420376,FraudTransaction
tx-159-C2089040405-C1669420376,ZeroedOriginBalance
tx-159-C2042509361-C448102180,FraudTransaction
tx-159-C2042509361-C448102180,ZeroedOriginBalance
tx-159-C570327586-C2065540881,FraudTransaction
tx-159-C570327586-C2065540881,ZeroedOriginBalance
tx-159-C47220479-C1166034143,FraudTransaction
tx-159-C47220479-C1166034143,ZeroedOriginBalance
tx-159-C1060391149-C1835811018,FraudTransaction
tx-159-C1060391149-C1835811018,ZeroedOriginBalance
tx-159-C642633931-C372032326,FraudTransaction
tx-159-C642633931-C372032326,ZeroedOriginBalance
tx-159-C412407665-C158610955,FraudTransaction
tx-159-C412407665-C158610955,ZeroedOriginBalance
tx-159-C1480465445-C1371510633,FraudTransaction
tx-159-C1480465445-C1371510633,ZeroedOriginBalance
tx-160-C313051938-C2055653883,FraudTransaction
tx-160-C313051938-C2055653883,HighAmountTransfer
tx-160-C2068007279-C836488544,FraudTransaction
tx-160-C2068007279-C836488544,HighAmountTransfer
tx-160-C2068007279-C836488544,ZeroedOriginBalance
tx-160-C752627210-C1853789265,FraudTransaction
tx-160-C752627210-C1853789265,HighAmountTransfer
tx-160-C525906402-C43869769,FraudTransaction
tx-160-C525906402-C43869769,HighAmountTransfer
tx-160-C525906402-C43869769,ZeroedOriginBalance
tx-160-C1274910960-C1270029603,FraudTransaction
tx-160-C1274910960-C1270029603,HighAmountTransfer
tx-160-C714385617-C670347095,FraudTransaction
tx-160-C714385617-C670347095,HighAmountTransfer
tx-160-C714385617-C670347095,ZeroedOriginBalance
tx-160-C1744142327-C197131659,FraudTransaction
tx-160-C1744142327-C197131659,HighAmountTransfer
tx-160-C1744142327-C197131659,ZeroedOriginBalance
tx-160-C1039668554-C2113941945,FraudTransaction
tx-160-C1039668554-C2113941945,HighAmountTransfer
tx-160-C1039668554-C2113941945,ZeroedOriginBalance
tx-160-C639037502-C595727199,FraudTransaction
tx-160-C639037502-C595727199,ZeroedOriginBalance
tx-160-C91138273-C2049392320,FraudTransaction
tx-160-C91138273-C2049392320,ZeroedOriginBalance
tx-160-C865731380-C1544602666,FraudTransaction
tx-160-C865731380-C1544602666,ZeroedOriginBalance
tx-160-C2015463710-C1729789302,FraudTransaction
tx-160-C2015463710-C1729789302,ZeroedOriginBalance
tx-160-C881291661-C615238056,FraudTransaction
tx-160-C881291661-C615238056,ZeroedOriginBalance
tx-160-C886662804-C1391856645,FraudTransaction
tx-160-C886662804-C1391856645,ZeroedOriginBalance
tx-160-C814345778-C1464577173,FraudTransaction
tx-160-C814345778-C1464577173,ZeroedOriginBalance
tx-160-C2011336849-C966258334,FraudTransaction
tx-160-C2011336849-C966258334,ZeroedOriginBalance
tx-160-C962450896-C344604572,FraudTransaction
tx-160-C962450896-C344604572,ZeroedOriginBalance
tx-160-C310145134-C1443276157,FraudTransaction
tx-160-C310145134-C1443276157,ZeroedOriginBalance
tx-160-C1764461949-C160976870,FraudTransaction
tx-160-C1764461949-C160976870,HighAmountTransfer
tx-160-C1764461949-C160976870,ZeroedOriginBalance
tx-160-C2093073106-C1196198165,FraudTransaction
tx-160-C2093073106-C1196198165,HighAmountTransfer
tx-160-C2093073106-C1196198165,ZeroedOriginBalance
tx-160-C590755759-C935560343,FraudTransaction
tx-160-C590755759-C935560343,HighAmountTransfer
tx-160-C590755759-C935560343,ZeroedOriginBalance
tx-160-C657858673-C1591408637,FraudTransaction
tx-160-C657858673-C1591408637,HighAmountTransfer
tx-160-C657858673-C1591408637,ZeroedOriginBalance
tx-160-C1616917685-C2003827425,FraudTransaction
tx-160-C1616917685-C2003827425,HighAmountTransfer
tx-160-C1616917685-C2003827425,ZeroedOriginBalance
tx-160-C310661777-C821758097,FraudTransaction
tx-160-C310661777-C821758097,HighAmountTransfer
tx-160-C310661777-C821758097,ZeroedOriginBalance
tx-160-C364430080-C1690780304,FraudTransaction
tx-160-C364430080-C1690780304,ZeroedOriginBalance
tx-160-C1732777090-C366537960,FraudTransaction
tx-160-C1732777090-C366537960,ZeroedOriginBalance
tx-161-C568654206-C1584023529,FraudTransaction
tx-161-C568654206-C1584023529,ZeroedOriginBalance
tx-161-C980121091-C2113246492,FraudTransaction
tx-161-C980121091-C2113246492,ZeroedOriginBalance
tx-161-C1222822414-C482115105,FraudTransaction
tx-161-C1222822414-C482115105,ZeroedOriginBalance
tx-161-C1369254106-C247089725,FraudTransaction
tx-161-C1369254106-C247089725,ZeroedOriginBalance
tx-161-C1167018610-C2064362362,FraudTransaction
tx-161-C1167018610-C2064362362,HighAmountTransfer
tx-161-C1167018610-C2064362362,ZeroedOriginBalance
tx-161-C1966768785-C1610140948,FraudTransaction
tx-161-C1966768785-C1610140948,HighAmountTransfer
tx-161-C1966768785-C1610140948,ZeroedOriginBalance
tx-161-C1074244611-C770300650,FraudTransaction
tx-161-C1074244611-C770300650,ZeroedOriginBalance
tx-161-C1227029335-C1661119285,FraudTransaction
tx-161-C1227029335-C1661119285,ZeroedOriginBalance
tx-161-C582011779-C1801176562,FraudTransaction
tx-161-C582011779-C1801176562,HighAmountTransfer
tx-161-C582011779-C1801176562,ZeroedOriginBalance
tx-161-C34841317-C1571144443,FraudTransaction
tx-161-C34841317-C1571144443,HighAmountTransfer
tx-161-C34841317-C1571144443,ZeroedOriginBalance
tx-161-C831325954-C1166671647,FraudTransaction
tx-161-C831325954-C1166671647,HighAmountTransfer
tx-161-C724193820-C667232119,FraudTransaction
tx-161-C724193820-C667232119,HighAmountTransfer
tx-161-C724193820-C667232119,ZeroedOriginBalance
tx-161-C1039450195-C221111810,FraudTransaction
tx-161-C1039450195-C221111810,HighAmountTransfer
tx-161-C1039450195-C221111810,ZeroedOriginBalance
tx-161-C148001678-C1491478238,FraudTransaction
tx-161-C148001678-C1491478238,HighAmountTransfer
tx-161-C148001678-C1491478238,ZeroedOriginBalance
tx-162-C2121092345-C572426271,FraudTransaction
tx-162-C2121092345-C572426271,HighAmountTransfer
tx-162-C2121092345-C572426271,ZeroedOriginBalance
tx-162-C1014836767-C1247448175,FraudTransaction
tx-162-C1014836767-C1247448175,HighAmountTransfer
tx-162-C1014836767-C1247448175,ZeroedOriginBalance
tx-162-C1906595632-C963512696,FraudTransaction
tx-162-C1906595632-C963512696,HighAmountTransfer
tx-162-C1906595632-C963512696,ZeroedOriginBalance
tx-162-C13539331-C345070872,FraudTransaction
tx-162-C13539331-C345070872,HighAmountTransfer
tx-162-C13539331-C345070872,ZeroedOriginBalance
tx-162-C1270175707-C524442031,FraudTransaction
tx-162-C1270175707-C524442031,ZeroedOriginBalance
tx-162-C1360544029-C687989506,FraudTransaction
tx-162-C1360544029-C687989506,ZeroedOriginBalance
tx-162-C1172437299-C315826176,FraudTransaction
tx-162-C1172437299-C315826176,ZeroedOriginBalance
tx-162-C790340353-C517676411,FraudTransaction
tx-162-C790340353-C517676411,ZeroedOriginBalance
tx-162-C1699496065-C1917022253,FraudTransaction
tx-162-C1699496065-C1917022253,HighAmountTransfer
tx-162-C1699496065-C1917022253,ZeroedOriginBalance
tx-162-C2016728314-C1652527413,FraudTransaction
tx-162-C2016728314-C1652527413,HighAmountTransfer
tx-162-C2016728314-C1652527413,ZeroedOriginBalance
tx-163-C239172527-C237111341,FraudTransaction
tx-163-C239172527-C237111341,HighAmountTransfer
tx-163-C239172527-C237111341,ZeroedOriginBalance
tx-163-C991308011-C503187558,FraudTransaction
tx-163-C991308011-C503187558,HighAmountTransfer
tx-163-C991308011-C503187558,ZeroedOriginBalance
tx-163-C316784641-C1951372697,FraudTransaction
tx-163-C316784641-C1951372697,ZeroedOriginBalance
tx-163-C663221524-C1335637774,FraudTransaction
tx-163-C663221524-C1335637774,ZeroedOriginBalance
tx-163-C1455660898-C364400523,FraudTransaction
tx-163-C1455660898-C364400523,ZeroedOriginBalance
tx-163-C1088995906-C967226405,FraudTransaction
tx-163-C1088995906-C967226405,ZeroedOriginBalance
tx-163-C1088995906-C967226405,RepeatedFraudDestination
tx-163-C1008040846-C1284780903,FraudTransaction
tx-163-C1008040846-C1284780903,ZeroedOriginBalance
tx-163-C1921431894-C1280060028,FraudTransaction
tx-163-C1921431894-C1280060028,ZeroedOriginBalance
tx-164-C1933312509-C864512280,FraudTransaction
tx-164-C1933312509-C864512280,ZeroedOriginBalance
tx-164-C2133722439-C2121024241,FraudTransaction
tx-164-C2133722439-C2121024241,ZeroedOriginBalance
tx-164-C242919633-C1805134264,FraudTransaction
tx-164-C242919633-C1805134264,ZeroedOriginBalance
tx-164-C979923889-C1018310032,FraudTransaction
tx-164-C979923889-C1018310032,ZeroedOriginBalance
tx-164-C743239060-C1443003835,FraudTransaction
tx-164-C743239060-C1443003835,HighAmountTransfer
tx-164-C743239060-C1443003835,ZeroedOriginBalance
tx-164-C2091263161-C1535844228,FraudTransaction
tx-164-C2091263161-C1535844228,HighAmountTransfer
tx-164-C2091263161-C1535844228,ZeroedOriginBalance
tx-164-C138035077-C550830618,FraudTransaction
tx-164-C138035077-C550830618,HighAmountTransfer
tx-164-C138035077-C550830618,ZeroedOriginBalance
tx-164-C146466047-C213105039,FraudTransaction
tx-164-C146466047-C213105039,HighAmountTransfer
tx-164-C146466047-C213105039,ZeroedOriginBalance
tx-164-C1588740494-C827087701,FraudTransaction
tx-164-C1588740494-C827087701,ZeroedOriginBalance
tx-164-C2099623572-C381648011,FraudTransaction
tx-164-C2099623572-C381648011,ZeroedOriginBalance
tx-164-C485323920-C1780714769,FraudTransaction
tx-164-C485323920-C1780714769,ZeroedOriginBalance
tx-164-C485323920-C1780714769,RepeatedFraudDestination
tx-164-C741693784-C1246356701,FraudTransaction
tx-164-C741693784-C1246356701,ZeroedOriginBalance
tx-164-C1371017446-C464009928,FraudTransaction
tx-164-C1371017446-C464009928,HighAmountTransfer
tx-164-C1371017446-C464009928,ZeroedOriginBalance
tx-164-C1916439605-C2060716124,FraudTransaction
tx-164-C1916439605-C2060716124,HighAmountTransfer
tx-164-C1916439605-C2060716124,ZeroedOriginBalance
tx-165-C166998225-C1222965413,FraudTransaction
tx-165-C166998225-C1222965413,ZeroedOriginBalance
tx-165-C1972873881-C202442750,FraudTransaction
tx-165-C1972873881-C202442750,ZeroedOriginBalance
tx-165-C975058065-C1510104619,FraudTransaction
tx-165-C975058065-C1510104619,HighAmountTransfer
tx-165-C975058065-C1510104619,ZeroedOriginBalance
tx-165-C2081856005-C173077042,FraudTransaction
tx-165-C2081856005-C173077042,HighAmountTransfer
tx-165-C2081856005-C173077042,ZeroedOriginBalance
tx-166-C840664227-C1307176064,FraudTransaction
tx-166-C840664227-C1307176064,ZeroedOriginBalance
tx-166-C1966319241-C1976548930,FraudTransaction
tx-166-C1966319241-C1976548930,ZeroedOriginBalance
tx-166-C763158589-C846072778,FraudTransaction
tx-166-C763158589-C846072778,ZeroedOriginBalance
tx-166-C1892844368-C1878476397,FraudTransaction
tx-166-C1892844368-C1878476397,ZeroedOriginBalance
tx-166-C660401037-C1657963478,FraudTransaction
tx-166-C660401037-C1657963478,HighAmountTransfer
tx-166-C660401037-C1657963478,ZeroedOriginBalance
tx-166-C1537775807-C1897800945,FraudTransaction
tx-166-C1537775807-C1897800945,HighAmountTransfer
tx-166-C1537775807-C1897800945,ZeroedOriginBalance
tx-167-C1404051898-C2011208491,FraudTransaction
tx-167-C1404051898-C2011208491,ZeroedOriginBalance
tx-167-C995170133-C8248650,FraudTransaction
tx-167-C995170133-C8248650,ZeroedOriginBalance
tx-167-C742560107-C1438332987,FraudTransaction
tx-167-C742560107-C1438332987,HighAmountTransfer
tx-167-C742560107-C1438332987,ZeroedOriginBalance
tx-167-C281744778-C1877485591,FraudTransaction
tx-167-C281744778-C1877485591,HighAmountTransfer
tx-167-C281744778-C1877485591,ZeroedOriginBalance
tx-167-C2057236817-C2091501904,FraudTransaction
tx-167-C2057236817-C2091501904,ZeroedOriginBalance
tx-167-C1078571218-C2093453750,FraudTransaction
tx-167-C1078571218-C2093453750,ZeroedOriginBalance
tx-168-C1185526711-C342454180,FraudTransaction
tx-168-C1185526711-C342454180,HighAmountTransfer
tx-168-C1185526711-C342454180,ZeroedOriginBalance
tx-168-C1768255591-C610130308,FraudTransaction
tx-168-C1768255591-C610130308,HighAmountTransfer
tx-168-C1768255591-C610130308,ZeroedOriginBalance
tx-169-C287179256-C642298837,FraudTransaction
tx-169-C287179256-C642298837,ZeroedOriginBalance
tx-169-C1052841054-C1814696637,FraudTransaction
tx-169-C1052841054-C1814696637,ZeroedOriginBalance
tx-169-C1454479269-C478742844,FraudTransaction
tx-169-C1454479269-C478742844,ZeroedOriginBalance
tx-169-C963556658-C1776769189,FraudTransaction
tx-169-C963556658-C1776769189,ZeroedOriginBalance
tx-169-C607841205-C253088101,FraudTransaction
tx-169-C607841205-C253088101,HighAmountTransfer
tx-169-C607841205-C253088101,ZeroedOriginBalance
tx-169-C1443300815-C1006926522,FraudTransaction
tx-169-C1443300815-C1006926522,HighAmountTransfer
tx-169-C1443300815-C1006926522,ZeroedOriginBalance
tx-169-C822440427-C58091991,FraudTransaction
tx-169-C822440427-C58091991,ZeroedOriginBalance
tx-169-C1512944654-C1478839564,FraudTransaction
tx-169-C1512944654-C1478839564,ZeroedOriginBalance
tx-169-C1225444134-C999409522,FraudTransaction
tx-169-C1225444134-C999409522,ZeroedOriginBalance
tx-169-C1410307167-C941219258,FraudTransaction
tx-169-C1410307167-C941219258,ZeroedOriginBalance
tx-170-C622490191-C1928486758,FraudTransaction
tx-170-C622490191-C1928486758,HighAmountTransfer
tx-170-C622490191-C1928486758,ZeroedOriginBalance
tx-170-C376746330-C1384358824,FraudTransaction
tx-170-C376746330-C1384358824,HighAmountTransfer
tx-170-C376746330-C1384358824,ZeroedOriginBalance
tx-170-C220889804-C1303263986,FraudTransaction
tx-170-C220889804-C1303263986,ZeroedOriginBalance
tx-170-C41202461-C755223579,FraudTransaction
tx-170-C41202461-C755223579,ZeroedOriginBalance
tx-170-C167000923-C604175667,FraudTransaction
tx-170-C167000923-C604175667,ZeroedOriginBalance
tx-170-C1854024553-C1656789626,FraudTransaction
tx-170-C1854024553-C1656789626,ZeroedOriginBalance
tx-170-C1224347529-C938248377,FraudTransaction
tx-170-C1224347529-C938248377,HighAmountTransfer
tx-170-C1224347529-C938248377,ZeroedOriginBalance
tx-170-C1323638722-C378717851,FraudTransaction
tx-170-C1323638722-C378717851,HighAmountTransfer
tx-170-C1323638722-C378717851,ZeroedOriginBalance
tx-170-C1173597457-C1668522161,FraudTransaction
tx-170-C1173597457-C1668522161,HighAmountTransfer
tx-170-C1173597457-C1668522161,ZeroedOriginBalance
tx-170-C382837005-C386229497,FraudTransaction
tx-170-C382837005-C386229497,HighAmountTransfer
tx-170-C382837005-C386229497,ZeroedOriginBalance
tx-170-C1145874885-C1766823822,FraudTransaction
tx-170-C1145874885-C1766823822,ZeroedOriginBalance
tx-170-C529588126-C383086012,FraudTransaction
tx-170-C529588126-C383086012,ZeroedOriginBalance
tx-170-C139567724-C2000039513,FraudTransaction
tx-170-C139567724-C2000039513,ZeroedOriginBalance
tx-170-C776075442-C505864940,FraudTransaction
tx-170-C776075442-C505864940,ZeroedOriginBalance
tx-170-C1945733096-C2017325306,FraudTransaction
tx-170-C1945733096-C2017325306,ZeroedOriginBalance
tx-170-C1805393654-C2116650207,FraudTransaction
tx-170-C1805393654-C2116650207,ZeroedOriginBalance
tx-171-C612440112-C1415278169,FraudTransaction
tx-171-C612440112-C1415278169,HighAmountTransfer
tx-171-C612440112-C1415278169,ZeroedOriginBalance
tx-171-C1026263737-C45760834,FraudTransaction
tx-171-C1026263737-C45760834,HighAmountTransfer
tx-171-C1026263737-C45760834,ZeroedOriginBalance
tx-171-C499413300-C1789606671,FraudTransaction
tx-171-C499413300-C1789606671,HighAmountTransfer
tx-171-C499413300-C1789606671,ZeroedOriginBalance
tx-171-C518707081-C1347472124,FraudTransaction
tx-171-C518707081-C1347472124,HighAmountTransfer
tx-171-C518707081-C1347472124,ZeroedOriginBalance
tx-171-C847645948-C269162612,FraudTransaction
tx-171-C847645948-C269162612,HighAmountTransfer
tx-171-C847645948-C269162612,ZeroedOriginBalance
tx-171-C1402549847-C354225366,FraudTransaction
tx-171-C1402549847-C354225366,HighAmountTransfer
tx-171-C1402549847-C354225366,ZeroedOriginBalance
tx-171-C1835704513-C260205493,FraudTransaction
tx-171-C1835704513-C260205493,ZeroedOriginBalance
tx-171-C628388986-C943512909,FraudTransaction
tx-171-C628388986-C943512909,ZeroedOriginBalance
tx-171-C664235460-C162417333,FraudTransaction
tx-171-C664235460-C162417333,ZeroedOriginBalance
tx-171-C1025957103-C434428379,FraudTransaction
tx-171-C1025957103-C434428379,ZeroedOriginBalance
tx-171-C99753762-C1760625669,FraudTransaction
tx-171-C99753762-C1760625669,HighAmountTransfer
tx-171-C99753762-C1760625669,ZeroedOriginBalance
tx-171-C52657218-C1861630818,FraudTransaction
tx-171-C52657218-C1861630818,HighAmountTransfer
tx-171-C52657218-C1861630818,ZeroedOriginBalance
tx-171-C533125295-C1217960953,FraudTransaction
tx-171-C533125295-C1217960953,HighAmountTransfer
tx-171-C533125295-C1217960953,ZeroedOriginBalance
tx-171-C336375324-C1430125468,FraudTransaction
tx-171-C336375324-C1430125468,HighAmountTransfer
tx-171-C336375324-C1430125468,ZeroedOriginBalance
tx-172-C662766800-C18004144,FraudTransaction
tx-172-C662766800-C18004144,HighAmountTransfer
tx-172-C662766800-C18004144,ZeroedOriginBalance
tx-172-C45204109-C500640535,FraudTransaction
tx-172-C45204109-C500640535,HighAmountTransfer
tx-172-C45204109-C500640535,ZeroedOriginBalance
tx-172-C739431473-C1097630164,FraudTransaction
tx-172-C739431473-C1097630164,ZeroedOriginBalance
tx-172-C1634834967-C1403933655,FraudTransaction
tx-172-C1634834967-C1403933655,ZeroedOriginBalance
tx-172-C1324987757-C704140771,FraudTransaction
tx-172-C1324987757-C704140771,ZeroedOriginBalance
tx-172-C1112585109-C414783966,FraudTransaction
tx-172-C1112585109-C414783966,ZeroedOriginBalance
tx-172-C2027508914-C1907001338,FraudTransaction
tx-172-C2027508914-C1907001338,ZeroedOriginBalance
tx-172-C362141852-C171474212,FraudTransaction
tx-172-C362141852-C171474212,ZeroedOriginBalance
tx-172-C548545362-C373573022,FraudTransaction
tx-172-C548545362-C373573022,ZeroedOriginBalance
tx-172-C1799581690-C1865178469,FraudTransaction
tx-172-C1799581690-C1865178469,ZeroedOriginBalance
tx-173-C1042347270-C1491818323,FraudTransaction
tx-173-C1042347270-C1491818323,ZeroedOriginBalance
tx-173-C1536726589-C12493912,FraudTransaction
tx-173-C1536726589-C12493912,ZeroedOriginBalance
tx-173-C1786873519-C732697292,FraudTransaction
tx-173-C1786873519-C732697292,HighAmountTransfer
tx-173-C1786873519-C732697292,ZeroedOriginBalance
tx-173-C441260218-C1543135091,FraudTransaction
tx-173-C441260218-C1543135091,HighAmountTransfer
tx-173-C441260218-C1543135091,ZeroedOriginBalance
tx-173-C1302526975-C595351088,FraudTransaction
tx-173-C1302526975-C595351088,HighAmountTransfer
tx-173-C1302526975-C595351088,ZeroedOriginBalance
tx-173-C450561445-C1075348177,FraudTransaction
tx-173-C450561445-C1075348177,HighAmountTransfer
tx-173-C450561445-C1075348177,ZeroedOriginBalance
tx-173-C627887471-C677512181,FraudTransaction
tx-173-C627887471-C677512181,ZeroedOriginBalance
tx-173-C1289446218-C99354775,FraudTransaction
tx-173-C1289446218-C99354775,ZeroedOriginBalance
tx-173-C377226285-C497430875,FraudTransaction
tx-173-C377226285-C497430875,HighAmountTransfer
tx-173-C377226285-C497430875,ZeroedOriginBalance
tx-173-C1414061418-C161212060,FraudTransaction
tx-173-C1414061418-C161212060,HighAmountTransfer
tx-173-C1414061418-C161212060,ZeroedOriginBalance
tx-173-C386692409-C1025742188,FraudTransaction
tx-173-C386692409-C1025742188,ZeroedOriginBalance
tx-173-C14325153-C856044772,FraudTransaction
tx-173-C14325153-C856044772,ZeroedOriginBalance
tx-173-C1987163387-C1935979044,FraudTransaction
tx-173-C1987163387-C1935979044,ZeroedOriginBalance
tx-173-C1681954002-C350037607,FraudTransaction
tx-173-C1681954002-C350037607,ZeroedOriginBalance
tx-174-C269586654-C229186362,FraudTransaction
tx-174-C269586654-C229186362,ZeroedOriginBalance
tx-174-C1144158432-C2034180207,FraudTransaction
tx-174-C1144158432-C2034180207,ZeroedOriginBalance
tx-174-C1059048177-C1277391271,FraudTransaction
tx-174-C1059048177-C1277391271,ZeroedOriginBalance
tx-174-C1595490244-C750943234,FraudTransaction
tx-174-C1595490244-C750943234,ZeroedOriginBalance
tx-174-C381361852-C1125303193,FraudTransaction
tx-174-C381361852-C1125303193,HighAmountTransfer
tx-174-C381361852-C1125303193,ZeroedOriginBalance
tx-174-C1409947310-C1545423847,FraudTransaction
tx-174-C1409947310-C1545423847,HighAmountTransfer
tx-174-C1409947310-C1545423847,ZeroedOriginBalance
tx-174-C788474412-C1128836138,FraudTransaction
tx-174-C788474412-C1128836138,ZeroedOriginBalance
tx-174-C598087095-C900560128,FraudTransaction
tx-174-C598087095-C900560128,ZeroedOriginBalance
tx-174-C1831248257-C525486982,FraudTransaction
tx-174-C1831248257-C525486982,HighAmountTransfer
tx-174-C1831248257-C525486982,ZeroedOriginBalance
tx-174-C1771922925-C1040401356,FraudTransaction
tx-174-C1771922925-C1040401356,HighAmountTransfer
tx-174-C1771922925-C1040401356,ZeroedOriginBalance
tx-175-C1046781112-C556777856,FraudTransaction
tx-175-C1046781112-C556777856,ZeroedOriginBalance
tx-175-C763112814-C1338000505,FraudTransaction
tx-175-C763112814-C1338000505,ZeroedOriginBalance
tx-175-C1972288489-C305797436,FraudTransaction
tx-175-C1972288489-C305797436,ZeroedOriginBalance
tx-175-C2000554680-C90982543,FraudTransaction
tx-175-C2000554680-C90982543,ZeroedOriginBalance
tx-175-C344677665-C1831197115,FraudTransaction
tx-175-C344677665-C1831197115,ZeroedOriginBalance
tx-175-C890173337-C1148930688,FraudTransaction
tx-175-C890173337-C1148930688,ZeroedOriginBalance
tx-175-C1314274977-C650349902,FraudTransaction
tx-175-C1314274977-C650349902,ZeroedOriginBalance
tx-175-C892428215-C1209378395,FraudTransaction
tx-175-C892428215-C1209378395,ZeroedOriginBalance
tx-176-C2073914981-C1753584812,FraudTransaction
tx-176-C2073914981-C1753584812,ZeroedOriginBalance
tx-176-C971898032-C1932810385,FraudTransaction
tx-176-C971898032-C1932810385,ZeroedOriginBalance
tx-176-C1177644570-C1344630204,FraudTransaction
tx-176-C1177644570-C1344630204,ZeroedOriginBalance
tx-176-C2034388364-C949501581,FraudTransaction
tx-176-C2034388364-C949501581,ZeroedOriginBalance
tx-176-C1773992583-C1305245838,FraudTransaction
tx-176-C1773992583-C1305245838,ZeroedOriginBalance
tx-176-C1071813500-C2129197098,FraudTransaction
tx-176-C1071813500-C2129197098,ZeroedOriginBalance
tx-176-C1071813500-C2129197098,RepeatedFraudDestination
tx-176-C1919843108-C69123397,FraudTransaction
tx-176-C1919843108-C69123397,ZeroedOriginBalance
tx-176-C430667464-C2067401577,FraudTransaction
tx-176-C430667464-C2067401577,ZeroedOriginBalance
tx-176-C399364024-C201700405,FraudTransaction
tx-176-C399364024-C201700405,ZeroedOriginBalance
tx-176-C1008719694-C1320083995,FraudTransaction
tx-176-C1008719694-C1320083995,ZeroedOriginBalance
tx-177-C543731101-C1586760736,FraudTransaction
tx-177-C543731101-C1586760736,ZeroedOriginBalance
tx-177-C927253405-C1087985389,FraudTransaction
tx-177-C927253405-C1087985389,ZeroedOriginBalance
tx-177-C1900756070-C1995455020,FraudTransaction
tx-177-C1900756070-C1995455020,HighAmountTransfer
tx-177-C1900756070-C1995455020,ZeroedOriginBalance
tx-177-C2146217272-C411880300,FraudTransaction
tx-177-C2146217272-C411880300,HighAmountTransfer
tx-177-C2146217272-C411880300,ZeroedOriginBalance
tx-177-C759888632-C1568773487,FraudTransaction
tx-177-C759888632-C1568773487,ZeroedOriginBalance
tx-177-C45982560-C1554818720,FraudTransaction
tx-177-C45982560-C1554818720,ZeroedOriginBalance
tx-177-C153745102-C1921197760,FraudTransaction
tx-177-C153745102-C1921197760,ZeroedOriginBalance
tx-177-C1287528366-C1067341557,FraudTransaction
tx-177-C1287528366-C1067341557,ZeroedOriginBalance
tx-177-C389894341-C118998348,FraudTransaction
tx-177-C389894341-C118998348,ZeroedOriginBalance
tx-177-C1361619963-C1265655539,FraudTransaction
tx-177-C1361619963-C1265655539,ZeroedOriginBalance
tx-177-C1139422478-C248138217,FraudTransaction
tx-177-C1139422478-C248138217,ZeroedOriginBalance
tx-177-C449838957-C1165543736,FraudTransaction
tx-177-C449838957-C1165543736,ZeroedOriginBalance
tx-177-C1206970364-C218347710,FraudTransaction
tx-177-C1206970364-C218347710,ZeroedOriginBalance
tx-177-C261442623-C2037489278,FraudTransaction
tx-177-C261442623-C2037489278,ZeroedOriginBalance
tx-177-C47077712-C798319481,FraudTransaction
tx-177-C47077712-C798319481,ZeroedOriginBalance
tx-177-C1542642988-C1751688750,FraudTransaction
tx-177-C1542642988-C1751688750,ZeroedOriginBalance
tx-177-C881672878-C5616107,FraudTransaction
tx-177-C881672878-C5616107,ZeroedOriginBalance
tx-177-C749254504-C715462107,FraudTransaction
tx-177-C749254504-C715462107,ZeroedOriginBalance
tx-178-C95297644-C679714329,FraudTransaction
tx-178-C95297644-C679714329,HighAmountTransfer
tx-178-C95297644-C679714329,ZeroedOriginBalance
tx-178-C459414804-C903962920,FraudTransaction
tx-178-C459414804-C903962920,HighAmountTransfer
tx-178-C459414804-C903962920,ZeroedOriginBalance
tx-178-C1381052482-C1661818844,FraudTransaction
tx-178-C1381052482-C1661818844,ZeroedOriginBalance
tx-178-C69058368-C1921981173,FraudTransaction
tx-178-C69058368-C1921981173,ZeroedOriginBalance
tx-178-C431984224-C492573664,FraudTransaction
tx-178-C431984224-C492573664,ZeroedOriginBalance
tx-178-C1205909462-C1728982613,FraudTransaction
tx-178-C1205909462-C1728982613,ZeroedOriginBalance
tx-178-C1028321067-C1506966861,FraudTransaction
tx-178-C1028321067-C1506966861,ZeroedOriginBalance
tx-178-C1219414151-C1622163185,FraudTransaction
tx-178-C1219414151-C1622163185,ZeroedOriginBalance
tx-178-C604295926-C1097845207,FraudTransaction
tx-178-C604295926-C1097845207,ZeroedOriginBalance
tx-178-C743019474-C508327884,FraudTransaction
tx-178-C743019474-C508327884,ZeroedOriginBalance
tx-178-C913178524-C553554525,FraudTransaction
tx-178-C913178524-C553554525,HighAmountTransfer
tx-178-C913178524-C553554525,ZeroedOriginBalance
tx-178-C997942901-C1057783924,FraudTransaction
tx-178-C997942901-C1057783924,HighAmountTransfer
tx-178-C997942901-C1057783924,ZeroedOriginBalance
tx-178-C286391269-C551483536,FraudTransaction
tx-178-C286391269-C551483536,HighAmountTransfer
tx-178-C286391269-C551483536,ZeroedOriginBalance
tx-178-C462145857-C2101247370,FraudTransaction
tx-178-C462145857-C2101247370,HighAmountTransfer
tx-178-C462145857-C2101247370,ZeroedOriginBalance
tx-179-C33272921-C2048044675,FraudTransaction
tx-179-C33272921-C2048044675,ZeroedOriginBalance
tx-179-C1911704726-C960848277,FraudTransaction
tx-179-C1911704726-C960848277,ZeroedOriginBalance
tx-179-C729254604-C1961352434,FraudTransaction
tx-179-C729254604-C1961352434,ZeroedOriginBalance
tx-179-C1359352679-C842294440,FraudTransaction
tx-179-C1359352679-C842294440,ZeroedOriginBalance
tx-179-C1592823554-C1657758486,FraudTransaction
tx-179-C1592823554-C1657758486,ZeroedOriginBalance
tx-179-C1512289615-C513601589,FraudTransaction
tx-179-C1512289615-C513601589,ZeroedOriginBalance
tx-179-C1705883896-C258215915,FraudTransaction
tx-179-C1705883896-C258215915,HighAmountTransfer
tx-179-C1705883896-C258215915,ZeroedOriginBalance
tx-179-C1709710853-C1758704619,FraudTransaction
tx-179-C1709710853-C1758704619,HighAmountTransfer
tx-179-C1709710853-C1758704619,ZeroedOriginBalance
tx-180-C1060408548-C1602479999,FraudTransaction
tx-180-C1060408548-C1602479999,ZeroedOriginBalance
tx-180-C563001075-C811338954,FraudTransaction
tx-180-C563001075-C811338954,ZeroedOriginBalance
tx-180-C1508594424-C1444631311,FraudTransaction
tx-180-C1508594424-C1444631311,ZeroedOriginBalance
tx-180-C1115286085-C1695441224,FraudTransaction
tx-180-C1115286085-C1695441224,ZeroedOriginBalance
tx-180-C771163854-C88210735,FraudTransaction
tx-180-C771163854-C88210735,HighAmountTransfer
tx-180-C771163854-C88210735,ZeroedOriginBalance
tx-180-C1481088608-C377820093,FraudTransaction
tx-180-C1481088608-C377820093,HighAmountTransfer
tx-180-C1481088608-C377820093,ZeroedOriginBalance
tx-180-C1807376004-C1506576839,FraudTransaction
tx-180-C1807376004-C1506576839,HighAmountTransfer
tx-180-C1807376004-C1506576839,ZeroedOriginBalance
tx-180-C2014067956-C822476275,FraudTransaction
tx-180-C2014067956-C822476275,HighAmountTransfer
tx-180-C2014067956-C822476275,ZeroedOriginBalance
tx-180-C2003297208-C747248533,FraudTransaction
tx-180-C2003297208-C747248533,HighAmountTransfer
tx-180-C2003297208-C747248533,ZeroedOriginBalance
tx-180-C686087807-C1701906322,FraudTransaction
tx-180-C686087807-C1701906322,HighAmountTransfer
tx-180-C686087807-C1701906322,ZeroedOriginBalance
tx-181-C744563060-C300922639,FraudTransaction
tx-181-C744563060-C300922639,HighAmountTransfer
tx-181-C744563060-C300922639,ZeroedOriginBalance
tx-181-C860545419-C1340521967,FraudTransaction
tx-181-C860545419-C1340521967,HighAmountTransfer
tx-181-C860545419-C1340521967,ZeroedOriginBalance
tx-181-C1274609372-C1409623409,FraudTransaction
tx-181-C1274609372-C1409623409,ZeroedOriginBalance
tx-181-C1750457298-C256019432,FraudTransaction
tx-181-C1750457298-C256019432,ZeroedOriginBalance
tx-181-C645124798-C1797918851,FraudTransaction
tx-181-C636129537-C1515281371,FraudTransaction
tx-181-C636129537-C1515281371,ZeroedOriginBalance
tx-181-C1835922143-C705527703,FraudTransaction
tx-181-C1835922143-C705527703,ZeroedOriginBalance
tx-181-C997127653-C1969513501,FraudTransaction
tx-181-C997127653-C1969513501,ZeroedOriginBalance
tx-181-C2094567574-C1388436257,FraudTransaction
tx-181-C2094567574-C1388436257,ZeroedOriginBalance
tx-181-C364474699-C1549220926,FraudTransaction
tx-181-C364474699-C1549220926,ZeroedOriginBalance
tx-181-C726906653-C1672803928,FraudTransaction
tx-181-C726906653-C1672803928,ZeroedOriginBalance
tx-182-C204628834-C1711881431,FraudTransaction
tx-182-C204628834-C1711881431,HighAmountTransfer
tx-182-C204628834-C1711881431,ZeroedOriginBalance
tx-182-C738179255-C867957105,FraudTransaction
tx-182-C738179255-C867957105,HighAmountTransfer
tx-182-C738179255-C867957105,ZeroedOriginBalance
tx-182-C1713328586-C1253692223,FraudTransaction
tx-182-C1713328586-C1253692223,ZeroedOriginBalance
tx-182-C1095268826-C1721762273,FraudTransaction
tx-182-C1095268826-C1721762273,ZeroedOriginBalance
tx-182-C1641162834-C298906210,FraudTransaction
tx-182-C1641162834-C298906210,ZeroedOriginBalance
tx-182-C1095002086-C360215463,FraudTransaction
tx-182-C1095002086-C360215463,ZeroedOriginBalance
tx-182-C304885039-C2068840304,FraudTransaction
tx-182-C304885039-C2068840304,ZeroedOriginBalance
tx-182-C300744654-C513722658,FraudTransaction
tx-182-C300744654-C513722658,ZeroedOriginBalance
tx-183-C1611595121-C739347171,FraudTransaction
tx-183-C1611595121-C739347171,HighAmountTransfer
tx-183-C1611595121-C739347171,ZeroedOriginBalance
tx-183-C841492640-C820061836,FraudTransaction
tx-183-C841492640-C820061836,HighAmountTransfer
tx-183-C841492640-C820061836,ZeroedOriginBalance
tx-183-C1189870907-C1726450502,FraudTransaction
tx-183-C1189870907-C1726450502,ZeroedOriginBalance
tx-183-C1003741197-C1742570828,FraudTransaction
tx-183-C1003741197-C1742570828,ZeroedOriginBalance
tx-183-C1778106585-C144558690,FraudTransaction
tx-183-C1778106585-C144558690,ZeroedOriginBalance
tx-183-C2068848263-C753313241,FraudTransaction
tx-183-C2068848263-C753313241,ZeroedOriginBalance
tx-183-C1296748795-C817583819,FraudTransaction
tx-183-C1296748795-C817583819,HighAmountTransfer
tx-183-C1296748795-C817583819,ZeroedOriginBalance
tx-183-C750241530-C96592525,FraudTransaction
tx-183-C750241530-C96592525,HighAmountTransfer
tx-183-C750241530-C96592525,ZeroedOriginBalance
tx-183-C1015989725-C1865051684,FraudTransaction
tx-183-C1015989725-C1865051684,HighAmountTransfer
tx-183-C1015989725-C1865051684,ZeroedOriginBalance
tx-183-C949325212-C804306879,FraudTransaction
tx-183-C949325212-C804306879,HighAmountTransfer
tx-183-C949325212-C804306879,ZeroedOriginBalance
tx-183-C1246119241-C1893337612,FraudTransaction
tx-183-C1246119241-C1893337612,ZeroedOriginBalance
tx-183-C1234321469-C105660024,FraudTransaction
tx-183-C1234321469-C105660024,ZeroedOriginBalance
tx-183-C1234321469-C105660024,RepeatedFraudDestination
tx-183-C1946400298-C1340648788,FraudTransaction
tx-183-C1946400298-C1340648788,ZeroedOriginBalance
tx-183-C2002728636-C318788140,FraudTransaction
tx-183-C2002728636-C318788140,ZeroedOriginBalance
tx-183-C1386471589-C827527854,FraudTransaction
tx-183-C1386471589-C827527854,ZeroedOriginBalance
tx-183-C1626151381-C567898668,FraudTransaction
tx-183-C1626151381-C567898668,ZeroedOriginBalance
tx-184-C1621868910-C80114105,FraudTransaction
tx-184-C1621868910-C80114105,ZeroedOriginBalance
tx-184-C1886191658-C301912677,FraudTransaction
tx-184-C1886191658-C301912677,ZeroedOriginBalance
tx-184-C1997179270-C1394632446,FraudTransaction
tx-184-C1997179270-C1394632446,ZeroedOriginBalance
tx-184-C1921354292-C397888412,FraudTransaction
tx-184-C1921354292-C397888412,ZeroedOriginBalance
tx-184-C1270223061-C277862929,FraudTransaction
tx-184-C1270223061-C277862929,ZeroedOriginBalance
tx-184-C982551468-C1378644910,FraudTransaction
tx-184-C982551468-C1378644910,ZeroedOriginBalance
tx-184-C1877543118-C248812061,FraudTransaction
tx-184-C1877543118-C248812061,ZeroedOriginBalance
tx-184-C1977671601-C1902927985,FraudTransaction
tx-184-C1977671601-C1902927985,ZeroedOriginBalance
tx-185-C725816726-C347075851,FraudTransaction
tx-185-C725816726-C347075851,ZeroedOriginBalance
tx-185-C13133060-C229005424,FraudTransaction
tx-185-C13133060-C229005424,ZeroedOriginBalance
tx-185-C953989507-C2123949636,FraudTransaction
tx-185-C953989507-C2123949636,ZeroedOriginBalance
tx-185-C532265406-C1857213290,FraudTransaction
tx-185-C532265406-C1857213290,ZeroedOriginBalance
tx-185-C1493693019-C1706673485,FraudTransaction
tx-185-C1493693019-C1706673485,ZeroedOriginBalance
tx-185-C1484249686-C437393063,FraudTransaction
tx-185-C1484249686-C437393063,ZeroedOriginBalance
tx-185-C1700987687-C463702368,FraudTransaction
tx-185-C1700987687-C463702368,ZeroedOriginBalance
tx-185-C953022806-C357527679,FraudTransaction
tx-185-C953022806-C357527679,ZeroedOriginBalance
tx-185-C473435189-C1934689735,FraudTransaction
tx-185-C473435189-C1934689735,ZeroedOriginBalance
tx-185-C968159890-C51754444,FraudTransaction
tx-185-C968159890-C51754444,ZeroedOriginBalance
tx-185-C236258946-C439854722,FraudTransaction
tx-185-C236258946-C439854722,ZeroedOriginBalance
tx-185-C803411135-C1325722809,FraudTransaction
tx-185-C803411135-C1325722809,ZeroedOriginBalance
tx-185-C1588274712-C1261092455,FraudTransaction
tx-185-C1588274712-C1261092455,ZeroedOriginBalance
tx-185-C1269409317-C1312171922,FraudTransaction
tx-185-C1269409317-C1312171922,ZeroedOriginBalance
tx-185-C1562667189-C2129142994,FraudTransaction
tx-185-C1562667189-C2129142994,ZeroedOriginBalance
tx-185-C289965777-C268959010,FraudTransaction
tx-185-C289965777-C268959010,ZeroedOriginBalance
tx-186-C1435733286-C1100493730,FraudTransaction
tx-186-C1435733286-C1100493730,ZeroedOriginBalance
tx-186-C1232941779-C1642986177,FraudTransaction
tx-186-C1232941779-C1642986177,ZeroedOriginBalance
tx-186-C546277701-C680858375,FraudTransaction
tx-186-C546277701-C680858375,HighAmountTransfer
tx-186-C546277701-C680858375,ZeroedOriginBalance
tx-186-C432288416-C333863007,FraudTransaction
tx-186-C432288416-C333863007,HighAmountTransfer
tx-186-C432288416-C333863007,ZeroedOriginBalance
tx-186-C1715235345-C1801554498,FraudTransaction
tx-186-C1715235345-C1801554498,ZeroedOriginBalance
tx-186-C2114498040-C2123361614,FraudTransaction
tx-186-C2114498040-C2123361614,ZeroedOriginBalance
tx-186-C2013471968-C1637615155,FraudTransaction
tx-186-C2013471968-C1637615155,ZeroedOriginBalance
tx-186-C1217101602-C918968605,FraudTransaction
tx-186-C1217101602-C918968605,ZeroedOriginBalance
tx-186-C1210414819-C118885392,FraudTransaction
tx-186-C1210414819-C118885392,HighAmountTransfer
tx-186-C1210414819-C118885392,ZeroedOriginBalance
tx-186-C721676184-C1266336636,FraudTransaction
tx-186-C721676184-C1266336636,HighAmountTransfer
tx-186-C721676184-C1266336636,ZeroedOriginBalance
tx-186-C71755087-C1714094966,FraudTransaction
tx-186-C71755087-C1714094966,ZeroedOriginBalance
tx-186-C1581439980-C89425517,FraudTransaction
tx-186-C1581439980-C89425517,ZeroedOriginBalance
tx-186-C260366436-C1620159110,FraudTransaction
tx-186-C1132083905-C955198432,FraudTransaction
tx-186-C1132083905-C955198432,ZeroedOriginBalance
tx-186-C1705629934-C848134520,FraudTransaction
tx-186-C1705629934-C848134520,ZeroedOriginBalance
tx-186-C1089670756-C747932688,FraudTransaction
tx-186-C1089670756-C747932688,ZeroedOriginBalance
tx-186-C338054971-C119399934,FraudTransaction
tx-186-C338054971-C119399934,ZeroedOriginBalance
tx-187-C1216424178-C988753376,FraudTransaction
tx-187-C1216424178-C988753376,HighAmountTransfer
tx-187-C1216424178-C988753376,ZeroedOriginBalance
tx-187-C1943035260-C1552135476,FraudTransaction
tx-187-C1943035260-C1552135476,HighAmountTransfer
tx-187-C1943035260-C1552135476,ZeroedOriginBalance
tx-187-C1644806560-C1111727092,FraudTransaction
tx-187-C1644806560-C1111727092,ZeroedOriginBalance
tx-187-C1262447125-C461319045,FraudTransaction
tx-187-C1262447125-C461319045,ZeroedOriginBalance
tx-187-C625994500-C2116199681,FraudTransaction
tx-187-C625994500-C2116199681,ZeroedOriginBalance
tx-187-C1887925622-C128909445,FraudTransaction
tx-187-C1887925622-C128909445,ZeroedOriginBalance
tx-187-C1692442952-C1950313114,FraudTransaction
tx-187-C1692442952-C1950313114,HighAmountTransfer
tx-187-C1692442952-C1950313114,ZeroedOriginBalance
tx-187-C527346437-C247785956,FraudTransaction
tx-187-C527346437-C247785956,HighAmountTransfer
tx-187-C527346437-C247785956,ZeroedOriginBalance
tx-187-C2146618198-C1901906276,FraudTransaction
tx-187-C2146618198-C1901906276,HighAmountTransfer
tx-187-C2146618198-C1901906276,ZeroedOriginBalance
tx-187-C1906024708-C252431988,FraudTransaction
tx-187-C1906024708-C252431988,HighAmountTransfer
tx-187-C1906024708-C252431988,ZeroedOriginBalance
tx-188-C1786265629-C427757438,FraudTransaction
tx-188-C1786265629-C427757438,ZeroedOriginBalance
tx-188-C258594657-C1714944517,FraudTransaction
tx-188-C258594657-C1714944517,ZeroedOriginBalance
tx-188-C467245091-C714852776,FraudTransaction
tx-188-C467245091-C714852776,ZeroedOriginBalance
tx-188-C84594080-C855526143,FraudTransaction
tx-188-C84594080-C855526143,ZeroedOriginBalance
tx-188-C1476946789-C1192579273,FraudTransaction
tx-188-C1476946789-C1192579273,HighAmountTransfer
tx-188-C1476946789-C1192579273,ZeroedOriginBalance
tx-188-C329270051-C2110090279,FraudTransaction
tx-188-C329270051-C2110090279,HighAmountTransfer
tx-188-C329270051-C2110090279,ZeroedOriginBalance
tx-188-C1298821369-C476199705,FraudTransaction
tx-188-C1298821369-C476199705,ZeroedOriginBalance
tx-188-C631988661-C2129924670,FraudTransaction
tx-188-C631988661-C2129924670,ZeroedOriginBalance
tx-188-C2089796608-C77532611,FraudTransaction
tx-188-C2089796608-C77532611,HighAmountTransfer
tx-188-C2089796608-C77532611,ZeroedOriginBalance
tx-188-C1812401668-C1367015586,FraudTransaction
tx-188-C1812401668-C1367015586,HighAmountTransfer
tx-188-C1812401668-C1367015586,ZeroedOriginBalance
tx-189-C1949146273-C979925906,FraudTransaction
tx-189-C1949146273-C979925906,ZeroedOriginBalance
tx-189-C155517114-C1160105017,FraudTransaction
tx-189-C155517114-C1160105017,ZeroedOriginBalance
tx-189-C2049488051-C43121788,FraudTransaction
tx-189-C2049488051-C43121788,ZeroedOriginBalance
tx-189-C831067844-C1442540355,FraudTransaction
tx-189-C831067844-C1442540355,ZeroedOriginBalance
tx-189-C450854769-C2101891775,FraudTransaction
tx-189-C450854769-C2101891775,HighAmountTransfer
tx-189-C450854769-C2101891775,ZeroedOriginBalance
tx-189-C1675131101-C550055858,FraudTransaction
tx-189-C1675131101-C550055858,HighAmountTransfer
tx-189-C1675131101-C550055858,ZeroedOriginBalance
tx-189-C1144552495-C1141615758,FraudTransaction
tx-189-C1144552495-C1141615758,ZeroedOriginBalance
tx-189-C419928675-C1441346969,FraudTransaction
tx-189-C419928675-C1441346969,ZeroedOriginBalance
tx-189-C1080269027-C967600004,FraudTransaction
tx-189-C1080269027-C967600004,HighAmountTransfer
tx-189-C1080269027-C967600004,ZeroedOriginBalance
tx-189-C684927703-C1014882378,FraudTransaction
tx-189-C684927703-C1014882378,HighAmountTransfer
tx-189-C684927703-C1014882378,ZeroedOriginBalance
tx-190-C1102554601-C335271811,FraudTransaction
tx-190-C1102554601-C335271811,HighAmountTransfer
tx-190-C950353738-C1401949177,FraudTransaction
tx-190-C950353738-C1401949177,HighAmountTransfer
tx-190-C950353738-C1401949177,ZeroedOriginBalance
tx-190-C818165739-C1105587569,FraudTransaction
tx-190-C818165739-C1105587569,ZeroedOriginBalance
tx-190-C841867558-C1366553935,FraudTransaction
tx-190-C841867558-C1366553935,ZeroedOriginBalance
tx-190-C1027432342-C211740170,FraudTransaction
tx-190-C1027432342-C211740170,ZeroedOriginBalance
tx-190-C2046465313-C1929273714,FraudTransaction
tx-190-C2046465313-C1929273714,ZeroedOriginBalance
tx-190-C1589402029-C93781431,FraudTransaction
tx-190-C1589402029-C93781431,ZeroedOriginBalance
tx-190-C1568238028-C506455454,FraudTransaction
tx-190-C1568238028-C506455454,ZeroedOriginBalance
tx-191-C1208951534-C1975333584,FraudTransaction
tx-191-C1208951534-C1975333584,ZeroedOriginBalance
tx-191-C1985182816-C269782536,FraudTransaction
tx-191-C1985182816-C269782536,ZeroedOriginBalance
tx-191-C1822241630-C1691662362,FraudTransaction
tx-191-C1822241630-C1691662362,ZeroedOriginBalance
tx-191-C1557023354-C532073987,FraudTransaction
tx-191-C1557023354-C532073987,ZeroedOriginBalance
tx-191-C1147794387-C537174691,FraudTransaction
tx-191-C1147794387-C537174691,ZeroedOriginBalance
tx-191-C1729215544-C1583247514,FraudTransaction
tx-191-C1729215544-C1583247514,ZeroedOriginBalance
tx-191-C1222456458-C194390242,FraudTransaction
tx-191-C1222456458-C194390242,ZeroedOriginBalance
tx-191-C1830094235-C178892179,FraudTransaction
tx-191-C1830094235-C178892179,ZeroedOriginBalance
tx-191-C187003586-C825722694,FraudTransaction
tx-191-C187003586-C825722694,HighAmountTransfer
tx-191-C187003586-C825722694,ZeroedOriginBalance
tx-191-C500742498-C467413357,FraudTransaction
tx-191-C500742498-C467413357,HighAmountTransfer
tx-191-C500742498-C467413357,ZeroedOriginBalance
tx-191-C943280321-C1640751970,FraudTransaction
tx-191-C943280321-C1640751970,ZeroedOriginBalance
tx-191-C1635297602-C1695795020,FraudTransaction
tx-191-C1635297602-C1695795020,ZeroedOriginBalance
tx-192-C1519807189-C1809216911,FraudTransaction
tx-192-C1519807189-C1809216911,ZeroedOriginBalance
tx-192-C1331582731-C2141057389,FraudTransaction
tx-192-C1331582731-C2141057389,ZeroedOriginBalance
tx-192-C1959772119-C195893407,FraudTransaction
tx-192-C1959772119-C195893407,HighAmountTransfer
tx-192-C1959772119-C195893407,ZeroedOriginBalance
tx-192-C230612443-C1505742207,FraudTransaction
tx-192-C230612443-C1505742207,HighAmountTransfer
tx-192-C230612443-C1505742207,ZeroedOriginBalance
tx-192-C1260112873-C344287323,FraudTransaction
tx-192-C1260112873-C344287323,ZeroedOriginBalance
tx-192-C1167167977-C1270499710,FraudTransaction
tx-192-C1167167977-C1270499710,ZeroedOriginBalance
tx-192-C552483700-C877622868,FraudTransaction
tx-192-C552483700-C877622868,ZeroedOriginBalance
tx-192-C1170102327-C1450016862,FraudTransaction
tx-192-C1170102327-C1450016862,ZeroedOriginBalance
tx-192-C850343949-C1016060070,FraudTransaction
tx-192-C850343949-C1016060070,HighAmountTransfer
tx-192-C850343949-C1016060070,ZeroedOriginBalance
tx-192-C176928407-C967218202,FraudTransaction
tx-192-C176928407-C967218202,HighAmountTransfer
tx-192-C176928407-C967218202,ZeroedOriginBalance
tx-193-C1587691701-C437134310,FraudTransaction
tx-193-C1587691701-C437134310,ZeroedOriginBalance
tx-193-C1149059890-C777809380,FraudTransaction
tx-193-C1149059890-C777809380,ZeroedOriginBalance
tx-193-C1707545075-C700261838,FraudTransaction
tx-193-C1707545075-C700261838,ZeroedOriginBalance
tx-193-C1323930150-C1005714733,FraudTransaction
tx-193-C1323930150-C1005714733,ZeroedOriginBalance
tx-193-C1773981009-C1173174828,FraudTransaction
tx-193-C1773981009-C1173174828,ZeroedOriginBalance
tx-193-C225886337-C1347548584,FraudTransaction
tx-193-C225886337-C1347548584,ZeroedOriginBalance
tx-193-C1353043821-C681894805,FraudTransaction
tx-193-C1353043821-C681894805,ZeroedOriginBalance
tx-193-C1473906713-C1133952211,FraudTransaction
tx-193-C1473906713-C1133952211,ZeroedOriginBalance
tx-194-C451714826-C437448683,FraudTransaction
tx-194-C451714826-C437448683,ZeroedOriginBalance
tx-194-C1703895485-C1399213893,FraudTransaction
tx-194-C1703895485-C1399213893,ZeroedOriginBalance
tx-194-C1043170433-C768896772,FraudTransaction
tx-194-C1043170433-C768896772,HighAmountTransfer
tx-194-C1043170433-C768896772,ZeroedOriginBalance
tx-194-C1407686469-C1582355721,FraudTransaction
tx-194-C1407686469-C1582355721,HighAmountTransfer
tx-194-C1407686469-C1582355721,ZeroedOriginBalance
tx-194-C522310977-C11945612,FraudTransaction
tx-194-C522310977-C11945612,ZeroedOriginBalance
tx-194-C996937120-C2092944197,FraudTransaction
tx-194-C996937120-C2092944197,ZeroedOriginBalance
tx-194-C1416798021-C1082370517,FraudTransaction
tx-194-C1416798021-C1082370517,HighAmountTransfer
tx-194-C1416798021-C1082370517,ZeroedOriginBalance
tx-194-C806917038-C2093110061,FraudTransaction
tx-194-C806917038-C2093110061,HighAmountTransfer
tx-194-C806917038-C2093110061,ZeroedOriginBalance
tx-194-C927935901-C1992560151,FraudTransaction
tx-194-C927935901-C1992560151,ZeroedOriginBalance
tx-194-C2076837098-C1326387895,FraudTransaction
tx-194-C2076837098-C1326387895,ZeroedOriginBalance
tx-194-C726278083-C1737159019,FraudTransaction
tx-194-C726278083-C1737159019,ZeroedOriginBalance
tx-194-C919667911-C145427921,FraudTransaction
tx-194-C919667911-C145427921,ZeroedOriginBalance
tx-195-C1023699777-C14537324,FraudTransaction
tx-195-C1023699777-C14537324,ZeroedOriginBalance
tx-195-C1756674752-C1497532505,FraudTransaction
tx-195-C1756674752-C1497532505,ZeroedOriginBalance
tx-195-C1756674752-C1497532505,RepeatedFraudDestination
tx-195-C972303876-C1241045648,FraudTransaction
tx-195-C972303876-C1241045648,ZeroedOriginBalance
tx-195-C1822929160-C915515895,FraudTransaction
tx-195-C1822929160-C915515895,ZeroedOriginBalance
tx-195-C2095225701-C879181600,FraudTransaction
tx-195-C2095225701-C879181600,HighAmountTransfer
tx-195-C2095225701-C879181600,ZeroedOriginBalance
tx-195-C957784464-C434640049,FraudTransaction
tx-195-C957784464-C434640049,HighAmountTransfer
tx-195-C957784464-C434640049,ZeroedOriginBalance
tx-195-C1261111835-C340862934,FraudTransaction
tx-195-C1261111835-C340862934,ZeroedOriginBalance
tx-195-C1951866325-C1961052660,FraudTransaction
tx-195-C1951866325-C1961052660,ZeroedOriginBalance
tx-195-C1090956083-C1420397387,FraudTransaction
tx-195-C1090956083-C1420397387,ZeroedOriginBalance
tx-195-C540658137-C517963020,FraudTransaction
tx-195-C540658137-C517963020,ZeroedOriginBalance
tx-196-C842156378-C1029607217,FraudTransaction
tx-196-C842156378-C1029607217,ZeroedOriginBalance
tx-196-C1539629881-C920916112,FraudTransaction
tx-196-C1539629881-C920916112,ZeroedOriginBalance
tx-196-C983611149-C691637954,FraudTransaction
tx-196-C983611149-C691637954,HighAmountTransfer
tx-196-C983611149-C691637954,ZeroedOriginBalance
tx-196-C379155103-C836948657,FraudTransaction
tx-196-C379155103-C836948657,HighAmountTransfer
tx-196-C379155103-C836948657,ZeroedOriginBalance
tx-196-C918655375-C2100877994,FraudTransaction
tx-196-C918655375-C2100877994,ZeroedOriginBalance
tx-196-C1247830341-C44076641,FraudTransaction
tx-196-C1247830341-C44076641,ZeroedOriginBalance
tx-196-C1967632347-C1971557254,FraudTransaction
tx-196-C1967632347-C1971557254,ZeroedOriginBalance
tx-196-C680994406-C221622307,FraudTransaction
tx-196-C680994406-C221622307,ZeroedOriginBalance
tx-197-C311903861-C316708626,FraudTransaction
tx-197-C311903861-C316708626,HighAmountTransfer
tx-197-C311903861-C316708626,ZeroedOriginBalance
tx-197-C1699077947-C1396064859,FraudTransaction
tx-197-C1699077947-C1396064859,HighAmountTransfer
tx-197-C1699077947-C1396064859,ZeroedOriginBalance
tx-197-C813852044-C34034576,FraudTransaction
tx-197-C813852044-C34034576,ZeroedOriginBalance
tx-197-C558066114-C1244940749,FraudTransaction
tx-197-C558066114-C1244940749,ZeroedOriginBalance
tx-198-C156186481-C1456746018,FraudTransaction
tx-198-C156186481-C1456746018,HighAmountTransfer
tx-198-C156186481-C1456746018,ZeroedOriginBalance
tx-198-C1119391076-C1437440684,FraudTransaction
tx-198-C1119391076-C1437440684,HighAmountTransfer
tx-198-C1119391076-C1437440684,ZeroedOriginBalance
tx-198-C742596177-C1639263930,FraudTransaction
tx-198-C742596177-C1639263930,HighAmountTransfer
tx-198-C742596177-C1639263930,ZeroedOriginBalance
tx-198-C901300638-C1646300362,FraudTransaction
tx-198-C901300638-C1646300362,HighAmountTransfer
tx-198-C901300638-C1646300362,ZeroedOriginBalance
tx-198-C1786346447-C768834848,FraudTransaction
tx-198-C1786346447-C768834848,ZeroedOriginBalance
tx-198-C680864117-C2041586842,FraudTransaction
tx-198-C680864117-C2041586842,ZeroedOriginBalance
tx-198-C470813600-C931720815,FraudTransaction
tx-198-C470813600-C931720815,HighAmountTransfer
tx-198-C470813600-C931720815,ZeroedOriginBalance
tx-198-C1876397453-C399465917,FraudTransaction
tx-198-C1876397453-C399465917,HighAmountTransfer
tx-198-C1876397453-C399465917,ZeroedOriginBalance
tx-198-C1313940667-C518686874,FraudTransaction
tx-198-C1313940667-C518686874,ZeroedOriginBalance
tx-198-C1326346885-C2003377069,FraudTransaction
tx-198-C1326346885-C2003377069,ZeroedOriginBalance
tx-198-C1407135183-C1128587638,FraudTransaction
tx-198-C1407135183-C1128587638,HighAmountTransfer
tx-198-C1407135183-C1128587638,ZeroedOriginBalance
tx-198-C12024284-C233514651,FraudTransaction
tx-198-C12024284-C233514651,HighAmountTransfer
tx-198-C12024284-C233514651,ZeroedOriginBalance
tx-199-C1191502221-C1529468994,FraudTransaction
tx-199-C1191502221-C1529468994,ZeroedOriginBalance
tx-199-C2065836466-C582821182,FraudTransaction
tx-199-C2065836466-C582821182,ZeroedOriginBalance
tx-199-C1362743884-C1885652629,FraudTransaction
tx-199-C1362743884-C1885652629,HighAmountTransfer
tx-199-C1362743884-C1885652629,ZeroedOriginBalance
tx-199-C1786460206-C619550945,FraudTransaction
tx-199-C1786460206-C619550945,HighAmountTransfer
tx-199-C1786460206-C619550945,ZeroedOriginBalance
tx-199-C169063525-C1364144454,FraudTransaction
tx-199-C169063525-C1364144454,ZeroedOriginBalance
tx-199-C1620468524-C1820811459,FraudTransaction
tx-199-C1620468524-C1820811459,ZeroedOriginBalance
tx-199-C2141349568-C862273791,FraudTransaction
tx-199-C2141349568-C862273791,ZeroedOriginBalance
tx-199-C1286314834-C333643988,FraudTransaction
tx-199-C1286314834-C333643988,ZeroedOriginBalance
tx-199-C1950985216-C1535946302,FraudTransaction
tx-199-C1950985216-C1535946302,ZeroedOriginBalance
tx-199-C1250562537-C728515752,FraudTransaction
tx-199-C1250562537-C728515752,ZeroedOriginBalance
tx-200-C910554500-C1125661425,FraudTransaction
tx-200-C910554500-C1125661425,ZeroedOriginBalance
tx-200-C1509680221-C457987066,FraudTransaction
tx-200-C1509680221-C457987066,ZeroedOriginBalance
tx-200-C254697935-C1112225994,FraudTransaction
tx-200-C254697935-C1112225994,ZeroedOriginBalance
tx-200-C822900325-C98804816,FraudTransaction
tx-200-C822900325-C98804816,ZeroedOriginBalance
tx-200-C679238677-C2112303163,FraudTransaction
tx-200-C679238677-C2112303163,HighAmountTransfer
tx-200-C679238677-C2112303163,ZeroedOriginBalance
tx-200-C782470219-C13429851,FraudTransaction
tx-200-C782470219-C13429851,HighAmountTransfer
tx-200-C782470219-C13429851,ZeroedOriginBalance
tx-200-C1392488521-C163718633,FraudTransaction
tx-200-C1392488521-C163718633,HighAmountTransfer
tx-200-C1392488521-C163718633,ZeroedOriginBalance
tx-200-C9591597-C686224839,FraudTransaction
tx-200-C9591597-C686224839,HighAmountTransfer
tx-200-C9591597-C686224839,ZeroedOriginBalance
tx-201-C782494245-C699173824,FraudTransaction
tx-201-C782494245-C699173824,ZeroedOriginBalance
tx-201-C1296182118-C1650668671,FraudTransaction
tx-201-C1296182118-C1650668671,ZeroedOriginBalance
tx-201-C1296182118-C1650668671,RepeatedFraudDestination
tx-201-C1795788636-C772286572,FraudTransaction
tx-201-C1795788636-C772286572,ZeroedOriginBalance
tx-201-C63997724-C2141524320,FraudTransaction
tx-201-C63997724-C2141524320,ZeroedOriginBalance
tx-201-C336094122-C382034420,FraudTransaction
tx-201-C336094122-C382034420,HighAmountTransfer
tx-201-C336094122-C382034420,ZeroedOriginBalance
tx-201-C959116993-C2073813717,FraudTransaction
tx-201-C959116993-C2073813717,HighAmountTransfer
tx-201-C959116993-C2073813717,ZeroedOriginBalance
tx-201-C1524082386-C2033959349,FraudTransaction
tx-201-C1524082386-C2033959349,ZeroedOriginBalance
tx-201-C983474187-C1474387671,FraudTransaction
tx-201-C983474187-C1474387671,ZeroedOriginBalance
tx-202-C243052380-C129557647,FraudTransaction
tx-202-C243052380-C129557647,HighAmountTransfer
tx-202-C243052380-C129557647,ZeroedOriginBalance
tx-202-C94525444-C1450888906,FraudTransaction
tx-202-C94525444-C1450888906,HighAmountTransfer
tx-202-C94525444-C1450888906,ZeroedOriginBalance
tx-203-C1631478680-C1835027188,FraudTransaction
tx-203-C1631478680-C1835027188,ZeroedOriginBalance
tx-203-C1820999886-C838394568,FraudTransaction
tx-203-C1820999886-C838394568,ZeroedOriginBalance
tx-203-C774814056-C900711437,FraudTransaction
tx-203-C774814056-C900711437,HighAmountTransfer
tx-203-C774814056-C900711437,ZeroedOriginBalance
tx-203-C1906191746-C580926195,FraudTransaction
tx-203-C1906191746-C580926195,HighAmountTransfer
tx-203-C1906191746-C580926195,ZeroedOriginBalance
tx-203-C481315574-C1346352001,FraudTransaction
tx-203-C481315574-C1346352001,ZeroedOriginBalance
tx-203-C314117712-C677260014,FraudTransaction
tx-203-C314117712-C677260014,ZeroedOriginBalance
tx-203-C1263647967-C1765579007,FraudTransaction
tx-203-C1263647967-C1765579007,HighAmountTransfer
tx-203-C1263647967-C1765579007,ZeroedOriginBalance
tx-203-C2088472224-C1707633180,FraudTransaction
tx-203-C2088472224-C1707633180,HighAmountTransfer
tx-203-C2088472224-C1707633180,ZeroedOriginBalance
tx-204-C421862868-C1976548052,FraudTransaction
tx-204-C421862868-C1976548052,ZeroedOriginBalance
tx-204-C1076544980-C1266885726,FraudTransaction
tx-204-C1076544980-C1266885726,ZeroedOriginBalance
tx-204-C1454763398-C940142148,FraudTransaction
tx-204-C1454763398-C940142148,ZeroedOriginBalance
tx-204-C2103928178-C767985950,FraudTransaction
tx-204-C2103928178-C767985950,ZeroedOriginBalance
tx-204-C1923199503-C1004490006,FraudTransaction
tx-204-C1923199503-C1004490006,HighAmountTransfer
tx-204-C1923199503-C1004490006,ZeroedOriginBalance
tx-204-C1638233799-C268982217,FraudTransaction
tx-204-C1638233799-C268982217,HighAmountTransfer
tx-204-C1638233799-C268982217,ZeroedOriginBalance
tx-205-C1498185758-C1639518321,FraudTransaction
tx-205-C1498185758-C1639518321,ZeroedOriginBalance
tx-205-C1435381938-C499232658,FraudTransaction
tx-205-C1435381938-C499232658,ZeroedOriginBalance
tx-205-C789938480-C1898428967,FraudTransaction
tx-205-C789938480-C1898428967,ZeroedOriginBalance
tx-205-C152517143-C1354035571,FraudTransaction
tx-205-C152517143-C1354035571,ZeroedOriginBalance
tx-205-C1887373253-C1609905558,FraudTransaction
tx-205-C1887373253-C1609905558,ZeroedOriginBalance
tx-205-C1018733794-C802139688,FraudTransaction
tx-205-C1018733794-C802139688,ZeroedOriginBalance
tx-205-C562497743-C812512392,FraudTransaction
tx-205-C562497743-C812512392,ZeroedOriginBalance
tx-205-C917675056-C228772455,FraudTransaction
tx-205-C917675056-C228772455,ZeroedOriginBalance
tx-205-C1863683348-C1011918912,FraudTransaction
tx-205-C1863683348-C1011918912,ZeroedOriginBalance
tx-205-C1482534686-C1784137006,FraudTransaction
tx-205-C1482534686-C1784137006,ZeroedOriginBalance
tx-205-C468833365-C600157960,FraudTransaction
tx-205-C468833365-C600157960,ZeroedOriginBalance
tx-205-C1615152184-C459404146,FraudTransaction
tx-205-C1615152184-C459404146,ZeroedOriginBalance
tx-205-C1018357975-C202489390,FraudTransaction
tx-205-C1018357975-C202489390,ZeroedOriginBalance
tx-205-C1976399024-C1192180200,FraudTransaction
tx-205-C1976399024-C1192180200,ZeroedOriginBalance
tx-205-C1573553725-C74177098,FraudTransaction
tx-205-C1573553725-C74177098,ZeroedOriginBalance
tx-205-C1384674068-C505855307,FraudTransaction
tx-205-C1384674068-C505855307,ZeroedOriginBalance
tx-206-C338408648-C1667746886,FraudTransaction
tx-206-C338408648-C1667746886,HighAmountTransfer
tx-206-C338408648-C1667746886,ZeroedOriginBalance
tx-206-C452885423-C1697903765,FraudTransaction
tx-206-C452885423-C1697903765,HighAmountTransfer
tx-206-C452885423-C1697903765,ZeroedOriginBalance
tx-206-C1489685700-C371244404,FraudTransaction
tx-206-C1489685700-C371244404,ZeroedOriginBalance
tx-206-C308317173-C1710090199,FraudTransaction
tx-206-C308317173-C1710090199,ZeroedOriginBalance
tx-206-C433588108-C1877856948,FraudTransaction
tx-206-C433588108-C1877856948,ZeroedOriginBalance
tx-206-C947925453-C183582904,FraudTransaction
tx-206-C947925453-C183582904,ZeroedOriginBalance
tx-206-C1983440446-C883310788,FraudTransaction
tx-206-C1983440446-C883310788,ZeroedOriginBalance
tx-206-C1013101723-C1068088118,FraudTransaction
tx-206-C1013101723-C1068088118,ZeroedOriginBalance
tx-206-C185633643-C125986945,FraudTransaction
tx-206-C185633643-C125986945,ZeroedOriginBalance
tx-206-C866722579-C1551990809,FraudTransaction
tx-206-C866722579-C1551990809,ZeroedOriginBalance
tx-206-C587951461-C1789153045,FraudTransaction
tx-206-C587951461-C1789153045,ZeroedOriginBalance
tx-206-C1212143381-C605351789,FraudTransaction
tx-206-C1212143381-C605351789,ZeroedOriginBalance
tx-207-C1460251004-C1783331478,FraudTransaction
tx-207-C1460251004-C1783331478,ZeroedOriginBalance
tx-207-C1854965389-C1299909889,FraudTransaction
tx-207-C1854965389-C1299909889,ZeroedOriginBalance
tx-207-C539030556-C448140191,FraudTransaction
tx-207-C539030556-C448140191,ZeroedOriginBalance
tx-207-C546304299-C982969459,FraudTransaction
tx-207-C546304299-C982969459,ZeroedOriginBalance
tx-207-C433911450-C2145994547,FraudTransaction
tx-207-C433911450-C2145994547,ZeroedOriginBalance
tx-207-C1399554611-C988696172,FraudTransaction
tx-207-C1399554611-C988696172,ZeroedOriginBalance
tx-208-C498213361-C1112515195,FraudTransaction
tx-208-C498213361-C1112515195,ZeroedOriginBalance
tx-208-C1927784651-C874576381,FraudTransaction
tx-208-C1927784651-C874576381,ZeroedOriginBalance
tx-208-C1962368245-C715458318,FraudTransaction
tx-208-C1962368245-C715458318,HighAmountTransfer
tx-208-C1962368245-C715458318,ZeroedOriginBalance
tx-208-C116163072-C1467611421,FraudTransaction
tx-208-C116163072-C1467611421,HighAmountTransfer
tx-208-C116163072-C1467611421,ZeroedOriginBalance
tx-208-C637181363-C1414606558,FraudTransaction
tx-208-C637181363-C1414606558,ZeroedOriginBalance
tx-208-C1149539141-C1847588004,FraudTransaction
tx-208-C1149539141-C1847588004,ZeroedOriginBalance
tx-208-C1482849004-C122914320,FraudTransaction
tx-208-C1482849004-C122914320,ZeroedOriginBalance
tx-208-C85662089-C364970868,FraudTransaction
tx-208-C85662089-C364970868,ZeroedOriginBalance
tx-208-C1437293424-C210615466,FraudTransaction
tx-208-C1437293424-C210615466,HighAmountTransfer
tx-208-C1437293424-C210615466,ZeroedOriginBalance
tx-208-C1819780658-C1742930465,FraudTransaction
tx-208-C1819780658-C1742930465,HighAmountTransfer
tx-208-C1819780658-C1742930465,ZeroedOriginBalance
tx-208-C1259630002-C2074890219,FraudTransaction
tx-208-C1259630002-C2074890219,ZeroedOriginBalance
tx-208-C246939575-C1715366511,FraudTransaction
tx-208-C246939575-C1715366511,ZeroedOriginBalance
tx-208-C1462162029-C1464615322,FraudTransaction
tx-208-C1462162029-C1464615322,ZeroedOriginBalance
tx-208-C774406325-C1399106049,FraudTransaction
tx-208-C774406325-C1399106049,ZeroedOriginBalance
tx-208-C1583495831-C1452204063,FraudTransaction
tx-208-C1583495831-C1452204063,ZeroedOriginBalance
tx-208-C1393901977-C265146137,FraudTransaction
tx-208-C1393901977-C265146137,ZeroedOriginBalance
tx-208-C2041567241-C2093303821,FraudTransaction
tx-208-C2041567241-C2093303821,HighAmountTransfer
tx-208-C2041567241-C2093303821,ZeroedOriginBalance
tx-208-C2087122635-C73237279,FraudTransaction
tx-208-C2087122635-C73237279,HighAmountTransfer
tx-208-C2087122635-C73237279,ZeroedOriginBalance
tx-208-C485214392-C1138105020,FraudTransaction
tx-208-C1022427332-C1199824577,FraudTransaction
tx-208-C1022427332-C1199824577,ZeroedOriginBalance
tx-208-C543170433-C967549667,FraudTransaction
tx-208-C543170433-C967549667,ZeroedOriginBalance
tx-209-C1966259064-C477578794,FraudTransaction
tx-209-C1966259064-C477578794,ZeroedOriginBalance
tx-209-C665359708-C1324874027,FraudTransaction
tx-209-C665359708-C1324874027,ZeroedOriginBalance
tx-209-C16402858-C2025262313,FraudTransaction
tx-209-C16402858-C2025262313,HighAmountTransfer
tx-209-C16402858-C2025262313,ZeroedOriginBalance
tx-209-C1419603999-C909312047,FraudTransaction
tx-209-C1419603999-C909312047,HighAmountTransfer
tx-209-C1419603999-C909312047,ZeroedOriginBalance
tx-209-C117228585-C750076858,FraudTransaction
tx-209-C117228585-C750076858,HighAmountTransfer
tx-209-C117228585-C750076858,ZeroedOriginBalance
tx-209-C1090892452-C657813915,FraudTransaction
tx-209-C1090892452-C657813915,HighAmountTransfer
tx-209-C1090892452-C657813915,ZeroedOriginBalance
tx-210-C438581-C1908037718,FraudTransaction
tx-210-C438581-C1908037718,HighAmountTransfer
tx-210-C438581-C1908037718,ZeroedOriginBalance
tx-210-C278631744-C542333894,FraudTransaction
tx-210-C278631744-C542333894,HighAmountTransfer
tx-210-C278631744-C542333894,ZeroedOriginBalance
tx-210-C86775572-C2076547947,FraudTransaction
tx-210-C86775572-C2076547947,ZeroedOriginBalance
tx-210-C625726422-C793233839,FraudTransaction
tx-210-C625726422-C793233839,ZeroedOriginBalance
tx-210-C1438925911-C570315101,FraudTransaction
tx-210-C1438925911-C570315101,ZeroedOriginBalance
tx-210-C1790329459-C409233491,FraudTransaction
tx-210-C1790329459-C409233491,ZeroedOriginBalance
tx-210-C762854717-C1398042532,FraudTransaction
tx-210-C762854717-C1398042532,HighAmountTransfer
tx-210-C762854717-C1398042532,ZeroedOriginBalance
tx-210-C620061851-C2027305052,FraudTransaction
tx-210-C620061851-C2027305052,HighAmountTransfer
tx-210-C620061851-C2027305052,ZeroedOriginBalance
tx-211-C532793923-C5325998,FraudTransaction
tx-211-C532793923-C5325998,HighAmountTransfer
tx-211-C532793923-C5325998,ZeroedOriginBalance
tx-211-C2094963184-C373225070,FraudTransaction
tx-211-C2094963184-C373225070,HighAmountTransfer
tx-211-C2094963184-C373225070,ZeroedOriginBalance
tx-211-C195008073-C390992716,FraudTransaction
tx-211-C195008073-C390992716,ZeroedOriginBalance
tx-211-C860207877-C792885931,FraudTransaction
tx-211-C860207877-C792885931,ZeroedOriginBalance
tx-211-C883452416-C89201535,FraudTransaction
tx-211-C883452416-C89201535,ZeroedOriginBalance
tx-211-C418222166-C690195469,FraudTransaction
tx-211-C418222166-C690195469,ZeroedOriginBalance
tx-211-C171693930-C678151847,FraudTransaction
tx-211-C171693930-C678151847,HighAmountTransfer
tx-211-C171693930-C678151847,ZeroedOriginBalance
tx-211-C1458541760-C1092309864,FraudTransaction
tx-211-C1458541760-C1092309864,HighAmountTransfer
tx-211-C1458541760-C1092309864,ZeroedOriginBalance
tx-211-C1632654111-C716157747,FraudTransaction
tx-211-C1632654111-C716157747,ZeroedOriginBalance
tx-211-C1559180710-C1604656634,FraudTransaction
tx-211-C1559180710-C1604656634,ZeroedOriginBalance
tx-211-C248568064-C280959828,FraudTransaction
tx-211-C248568064-C280959828,HighAmountTransfer
tx-211-C248568064-C280959828,ZeroedOriginBalance
tx-211-C283039284-C451731094,FraudTransaction
tx-211-C283039284-C451731094,HighAmountTransfer
tx-211-C283039284-C451731094,ZeroedOriginBalance
tx-211-C588214650-C1302604885,FraudTransaction
tx-211-C588214650-C1302604885,ZeroedOriginBalance
tx-211-C1899996143-C1567322020,FraudTransaction
tx-211-C1899996143-C1567322020,ZeroedOriginBalance
tx-212-C1651626047-C1496518496,FraudTransaction
tx-212-C1651626047-C1496518496,ZeroedOriginBalance
tx-212-C857225298-C1399829166,FraudTransaction
tx-212-C857225298-C1399829166,ZeroedOriginBalance
tx-212-C857225298-C1399829166,RepeatedFraudDestination
tx-212-C533316597-C762597253,FraudTransaction
tx-212-C533316597-C762597253,ZeroedOriginBalance
tx-212-C36961525-C1313128046,FraudTransaction
tx-212-C36961525-C1313128046,ZeroedOriginBalance
tx-212-C1350141268-C1676513288,FraudTransaction
tx-212-C1350141268-C1676513288,ZeroedOriginBalance
tx-212-C1967440853-C1496631599,FraudTransaction
tx-212-C1967440853-C1496631599,ZeroedOriginBalance
tx-212-C2080183074-C367657984,FraudTransaction
tx-212-C2080183074-C367657984,HighAmountTransfer
tx-212-C2080183074-C367657984,ZeroedOriginBalance
tx-212-C1978111036-C105806122,FraudTransaction
tx-212-C1978111036-C105806122,HighAmountTransfer
tx-212-C1978111036-C105806122,ZeroedOriginBalance
tx-212-C1956751505-C1580974524,FraudTransaction
tx-212-C1956751505-C1580974524,ZeroedOriginBalance
tx-212-C1513967343-C1815135338,FraudTransaction
tx-212-C1513967343-C1815135338,ZeroedOriginBalance
tx-212-C1531278091-C972530514,FraudTransaction
tx-212-C1531278091-C972530514,HighAmountTransfer
tx-212-C1041060645-C1784785490,FraudTransaction
tx-212-C1041060645-C1784785490,HighAmountTransfer
tx-212-C1041060645-C1784785490,ZeroedOriginBalance
tx-212-C217654973-C167868594,FraudTransaction
tx-212-C217654973-C167868594,HighAmountTransfer
tx-212-C1251439451-C290459952,FraudTransaction
tx-212-C1251439451-C290459952,HighAmountTransfer
tx-212-C1251439451-C290459952,ZeroedOriginBalance
tx-212-C976919593-C769483130,FraudTransaction
tx-212-C976919593-C769483130,HighAmountTransfer
tx-212-C1853514800-C591314687,FraudTransaction
tx-212-C1853514800-C591314687,HighAmountTransfer
tx-212-C1853514800-C591314687,ZeroedOriginBalance
tx-212-C728984460-C639921569,FraudTransaction
tx-212-C728984460-C639921569,HighAmountTransfer
tx-212-C1510987794-C1696624817,FraudTransaction
tx-212-C1746633930-C1032143722,FraudTransaction
tx-212-C1746633930-C1032143722,ZeroedOriginBalance
tx-212-C724206684-C1519890432,FraudTransaction
tx-212-C724206684-C1519890432,ZeroedOriginBalance
tx-212-C192629341-C711485958,FraudTransaction
tx-212-C192629341-C711485958,ZeroedOriginBalance
tx-212-C248395903-C154068331,FraudTransaction
tx-212-C248395903-C154068331,ZeroedOriginBalance
tx-212-C1338159838-C18838691,FraudTransaction
tx-212-C1338159838-C18838691,ZeroedOriginBalance
tx-212-C1218258377-C1181119627,FraudTransaction
tx-212-C1218258377-C1181119627,ZeroedOriginBalance
tx-212-C1442171840-C1053252672,FraudTransaction
tx-212-C1442171840-C1053252672,ZeroedOriginBalance
tx-212-C739877872-C1957802478,FraudTransaction
tx-212-C739877872-C1957802478,ZeroedOriginBalance
tx-212-C1722259172-C715201096,FraudTransaction
tx-212-C1722259172-C715201096,HighAmountTransfer
tx-212-C1722259172-C715201096,ZeroedOriginBalance
tx-212-C886007554-C1581407467,FraudTransaction
tx-212-C886007554-C1581407467,HighAmountTransfer
tx-212-C886007554-C1581407467,ZeroedOriginBalance
tx-212-C1501311535-C37561886,FraudTransaction
tx-212-C1501311535-C37561886,HighAmountTransfer
tx-212-C1501311535-C37561886,ZeroedOriginBalance
tx-212-C997675082-C99537162,FraudTransaction
tx-212-C997675082-C99537162,HighAmountTransfer
tx-212-C997675082-C99537162,ZeroedOriginBalance
tx-212-C226207762-C290920701,FraudTransaction
tx-212-C226207762-C290920701,HighAmountTransfer
tx-212-C226207762-C290920701,ZeroedOriginBalance
tx-212-C2124387698-C1009747499,FraudTransaction
tx-212-C2124387698-C1009747499,HighAmountTransfer
tx-212-C2124387698-C1009747499,ZeroedOriginBalance
tx-212-C1647539449-C823304803,FraudTransaction
tx-212-C1647539449-C823304803,ZeroedOriginBalance
tx-212-C692577910-C36794671,FraudTransaction
tx-212-C692577910-C36794671,ZeroedOriginBalance
tx-212-C1183135461-C1446253105,FraudTransaction
tx-212-C1183135461-C1446253105,ZeroedOriginBalance
tx-212-C247084608-C359887652,FraudTransaction
tx-212-C247084608-C359887652,ZeroedOriginBalance
tx-212-C1251759902-C75355732,FraudTransaction
tx-212-C1251759902-C75355732,ZeroedOriginBalance
tx-212-C1776783873-C1114102107,FraudTransaction
tx-212-C1776783873-C1114102107,ZeroedOriginBalance
tx-212-C1093407378-C1069699196,FraudTransaction
tx-212-C1093407378-C1069699196,HighAmountTransfer
tx-212-C1093407378-C1069699196,ZeroedOriginBalance
tx-212-C1817956756-C362023079,FraudTransaction
tx-212-C1817956756-C362023079,HighAmountTransfer
tx-212-C1817956756-C362023079,ZeroedOriginBalance
tx-213-C1117531125-C315033309,FraudTransaction
tx-213-C1117531125-C315033309,ZeroedOriginBalance
tx-213-C1344277836-C78389368,FraudTransaction
tx-213-C1344277836-C78389368,ZeroedOriginBalance
tx-213-C507437434-C1489598243,FraudTransaction
tx-213-C507437434-C1489598243,HighAmountTransfer
tx-213-C507437434-C1489598243,ZeroedOriginBalance
tx-213-C1395729546-C246301673,FraudTransaction
tx-213-C1395729546-C246301673,HighAmountTransfer
tx-213-C1395729546-C246301673,ZeroedOriginBalance
tx-213-C1909573304-C649284727,FraudTransaction
tx-213-C1909573304-C649284727,HighAmountTransfer
tx-213-C1909573304-C649284727,ZeroedOriginBalance
tx-213-C1203548846-C565411980,FraudTransaction
tx-213-C1203548846-C565411980,HighAmountTransfer
tx-213-C1203548846-C565411980,ZeroedOriginBalance
tx-213-C1889530016-C1183190290,FraudTransaction
tx-213-C1889530016-C1183190290,HighAmountTransfer
tx-213-C1889530016-C1183190290,ZeroedOriginBalance
tx-213-C220508726-C1745434943,FraudTransaction
tx-213-C220508726-C1745434943,HighAmountTransfer
tx-213-C220508726-C1745434943,ZeroedOriginBalance
tx-214-C70399641-C490606364,FraudTransaction
tx-214-C70399641-C490606364,ZeroedOriginBalance
tx-214-C1639510217-C1867808615,FraudTransaction
tx-214-C1639510217-C1867808615,ZeroedOriginBalance
tx-214-C1730910853-C2126645098,FraudTransaction
tx-214-C1730910853-C2126645098,ZeroedOriginBalance
tx-214-C1788778854-C1212953381,FraudTransaction
tx-214-C1788778854-C1212953381,ZeroedOriginBalance
tx-214-C511187866-C1282311771,FraudTransaction
tx-214-C511187866-C1282311771,ZeroedOriginBalance
tx-214-C2039845838-C2003081547,FraudTransaction
tx-214-C2039845838-C2003081547,ZeroedOriginBalance
tx-214-C498171092-C1522527202,FraudTransaction
tx-214-C498171092-C1522527202,HighAmountTransfer
tx-214-C498171092-C1522527202,ZeroedOriginBalance
tx-214-C159949095-C2133680119,FraudTransaction
tx-214-C159949095-C2133680119,HighAmountTransfer
tx-214-C159949095-C2133680119,ZeroedOriginBalance
tx-214-C1051284660-C1793602231,FraudTransaction
tx-214-C1051284660-C1793602231,HighAmountTransfer
tx-214-C1051284660-C1793602231,ZeroedOriginBalance
tx-214-C939181063-C1201001488,FraudTransaction
tx-214-C939181063-C1201001488,HighAmountTransfer
tx-214-C939181063-C1201001488,ZeroedOriginBalance
tx-214-C1099567292-C219699784,FraudTransaction
tx-214-C1099567292-C219699784,HighAmountTransfer
tx-214-C1099567292-C219699784,ZeroedOriginBalance
tx-214-C486163456-C385133759,FraudTransaction
tx-214-C486163456-C385133759,HighAmountTransfer
tx-214-C486163456-C385133759,ZeroedOriginBalance
tx-214-C486163456-C385133759,RepeatedFraudDestination
tx-215-C1989363857-C1194956455,FraudTransaction
tx-215-C1989363857-C1194956455,ZeroedOriginBalance
tx-215-C765034168-C523904186,FraudTransaction
tx-215-C765034168-C523904186,ZeroedOriginBalance
tx-215-C1433301955-C929797843,FraudTransaction
tx-215-C1433301955-C929797843,HighAmountTransfer
tx-215-C1433301955-C929797843,ZeroedOriginBalance
tx-215-C1185250980-C970287333,FraudTransaction
tx-215-C1185250980-C970287333,HighAmountTransfer
tx-215-C1185250980-C970287333,ZeroedOriginBalance
tx-215-C109700228-C546843305,FraudTransaction
tx-215-C109700228-C546843305,HighAmountTransfer
tx-215-C109700228-C546843305,ZeroedOriginBalance
tx-215-C1427562720-C911709087,FraudTransaction
tx-215-C1427562720-C911709087,HighAmountTransfer
tx-215-C1427562720-C911709087,ZeroedOriginBalance
tx-215-C1832009183-C1888133010,FraudTransaction
tx-215-C1832009183-C1888133010,ZeroedOriginBalance
tx-215-C108008113-C2015543503,FraudTransaction
tx-215-C108008113-C2015543503,ZeroedOriginBalance
tx-215-C1471998742-C1416577798,FraudTransaction
tx-215-C1471998742-C1416577798,ZeroedOriginBalance
tx-215-C172163835-C758537342,FraudTransaction
tx-215-C172163835-C758537342,ZeroedOriginBalance
tx-216-C304225681-C1268559255,FraudTransaction
tx-216-C304225681-C1268559255,ZeroedOriginBalance
tx-216-C573579214-C1049156281,FraudTransaction
tx-216-C573579214-C1049156281,ZeroedOriginBalance
tx-216-C22557199-C1099497770,FraudTransaction
tx-216-C22557199-C1099497770,ZeroedOriginBalance
tx-216-C2117610925-C1891377178,FraudTransaction
tx-216-C2117610925-C1891377178,ZeroedOriginBalance
tx-216-C1402144865-C1102195380,FraudTransaction
tx-216-C1402144865-C1102195380,HighAmountTransfer
tx-216-C1402144865-C1102195380,ZeroedOriginBalance
tx-216-C578092794-C266383440,FraudTransaction
tx-216-C578092794-C266383440,HighAmountTransfer
tx-216-C578092794-C266383440,ZeroedOriginBalance
tx-217-C652385555-C1385664788,FraudTransaction
tx-217-C652385555-C1385664788,ZeroedOriginBalance
tx-217-C1202836602-C1265498656,FraudTransaction
tx-217-C1202836602-C1265498656,ZeroedOriginBalance
tx-217-C1904718336-C364331020,FraudTransaction
tx-217-C1904718336-C364331020,ZeroedOriginBalance
tx-217-C603998134-C1990779832,FraudTransaction
tx-217-C603998134-C1990779832,ZeroedOriginBalance
tx-217-C640532730-C1898517729,FraudTransaction
tx-217-C640532730-C1898517729,ZeroedOriginBalance
tx-217-C1411459679-C1106299275,FraudTransaction
tx-217-C1411459679-C1106299275,ZeroedOriginBalance
tx-217-C961544544-C1243210934,FraudTransaction
tx-217-C961544544-C1243210934,ZeroedOriginBalance
tx-217-C1953680528-C202555982,FraudTransaction
tx-217-C1953680528-C202555982,ZeroedOriginBalance
tx-217-C937580010-C1096456296,FraudTransaction
tx-217-C937580010-C1096456296,HighAmountTransfer
tx-217-C937580010-C1096456296,ZeroedOriginBalance
tx-217-C747295947-C2039362232,FraudTransaction
tx-217-C747295947-C2039362232,HighAmountTransfer
tx-217-C747295947-C2039362232,ZeroedOriginBalance
tx-217-C829027470-C1294736725,FraudTransaction
tx-217-C829027470-C1294736725,ZeroedOriginBalance
tx-217-C656154265-C1779832819,FraudTransaction
tx-217-C656154265-C1779832819,ZeroedOriginBalance
tx-217-C706587857-C1000855680,FraudTransaction
tx-217-C706587857-C1000855680,ZeroedOriginBalance
tx-217-C152636559-C1009036787,FraudTransaction
tx-217-C152636559-C1009036787,ZeroedOriginBalance
tx-217-C737805330-C95497676,FraudTransaction
tx-217-C737805330-C95497676,HighAmountTransfer
tx-217-C737805330-C95497676,ZeroedOriginBalance
tx-217-C1919638900-C493424930,FraudTransaction
tx-217-C1919638900-C493424930,HighAmountTransfer
tx-217-C1919638900-C493424930,ZeroedOriginBalance
tx-218-C58219748-C792397679,FraudTransaction
tx-218-C58219748-C792397679,HighAmountTransfer
tx-218-C58219748-C792397679,ZeroedOriginBalance
tx-218-C1199373292-C440599856,FraudTransaction
tx-218-C1199373292-C440599856,HighAmountTransfer
tx-218-C1199373292-C440599856,ZeroedOriginBalance
tx-218-C1928586113-C2024262984,FraudTransaction
tx-218-C1928586113-C2024262984,ZeroedOriginBalance
tx-218-C1521065276-C1756737753,FraudTransaction
tx-218-C1521065276-C1756737753,ZeroedOriginBalance
tx-218-C460813809-C1079863947,FraudTransaction
tx-218-C460813809-C1079863947,ZeroedOriginBalance
tx-218-C1005866728-C677701060,FraudTransaction
tx-218-C1005866728-C677701060,ZeroedOriginBalance
tx-218-C1458982396-C534254918,FraudTransaction
tx-218-C1458982396-C534254918,HighAmountTransfer
tx-218-C1458982396-C534254918,ZeroedOriginBalance
tx-218-C1084254819-C895432716,FraudTransaction
tx-218-C1084254819-C895432716,HighAmountTransfer
tx-218-C1084254819-C895432716,ZeroedOriginBalance
tx-218-C2003844329-C1624790907,FraudTransaction
tx-218-C2003844329-C1624790907,ZeroedOriginBalance
tx-218-C743091050-C2058049748,FraudTransaction
tx-218-C743091050-C2058049748,ZeroedOriginBalance
tx-218-C1415925120-C1578069849,FraudTransaction
tx-218-C1415925120-C1578069849,ZeroedOriginBalance
tx-218-C261371522-C941458024,FraudTransaction
tx-218-C261371522-C941458024,ZeroedOriginBalance
tx-219-C2046149869-C1910853781,FraudTransaction
tx-219-C2046149869-C1910853781,ZeroedOriginBalance
tx-219-C10297666-C412996348,FraudTransaction
tx-219-C10297666-C412996348,ZeroedOriginBalance
tx-219-C1091954556-C2120902044,FraudTransaction
tx-219-C1091954556-C2120902044,HighAmountTransfer
tx-219-C1091954556-C2120902044,ZeroedOriginBalance
tx-219-C740474912-C1148944236,FraudTransaction
tx-219-C740474912-C1148944236,HighAmountTransfer
tx-219-C740474912-C1148944236,ZeroedOriginBalance
tx-219-C446483369-C1847574055,FraudTransaction
tx-219-C446483369-C1847574055,HighAmountTransfer
tx-219-C446483369-C1847574055,ZeroedOriginBalance
tx-219-C1399376501-C114022304,FraudTransaction
tx-219-C1399376501-C114022304,HighAmountTransfer
tx-219-C1399376501-C114022304,ZeroedOriginBalance
tx-219-C1026095459-C1060066770,FraudTransaction
tx-219-C1026095459-C1060066770,ZeroedOriginBalance
tx-219-C120655142-C670432443,FraudTransaction
tx-219-C120655142-C670432443,ZeroedOriginBalance
tx-219-C2064408554-C1562975084,FraudTransaction
tx-219-C2064408554-C1562975084,ZeroedOriginBalance
tx-219-C1856113052-C1590703895,FraudTransaction
tx-219-C1856113052-C1590703895,ZeroedOriginBalance
tx-220-C347805386-C1668428176,FraudTransaction
tx-220-C347805386-C1668428176,HighAmountTransfer
tx-220-C347805386-C1668428176,ZeroedOriginBalance
tx-220-C468480326-C1670584857,FraudTransaction
tx-220-C468480326-C1670584857,HighAmountTransfer
tx-220-C468480326-C1670584857,ZeroedOriginBalance
tx-220-C33984222-C330559160,FraudTransaction
tx-220-C33984222-C330559160,HighAmountTransfer
tx-220-C33984222-C330559160,ZeroedOriginBalance
tx-220-C2081851883-C1400878121,FraudTransaction
tx-220-C2081851883-C1400878121,HighAmountTransfer
tx-220-C2081851883-C1400878121,ZeroedOriginBalance
tx-220-C819453413-C1547058587,FraudTransaction
tx-220-C819453413-C1547058587,ZeroedOriginBalance
tx-220-C1221197048-C171730324,FraudTransaction
tx-220-C1221197048-C171730324,ZeroedOriginBalance
tx-221-C1057075880-C2123365185,FraudTransaction
tx-221-C1057075880-C2123365185,ZeroedOriginBalance
tx-221-C1045758970-C1519708858,FraudTransaction
tx-221-C1045758970-C1519708858,ZeroedOriginBalance
tx-221-C546087307-C2079015862,FraudTransaction
tx-221-C546087307-C2079015862,ZeroedOriginBalance
tx-221-C758390812-C1232692327,FraudTransaction
tx-221-C758390812-C1232692327,ZeroedOriginBalance
tx-221-C1234309969-C587188586,FraudTransaction
tx-221-C1234309969-C587188586,HighAmountTransfer
tx-221-C1234309969-C587188586,ZeroedOriginBalance
tx-221-C1033117475-C538661860,FraudTransaction
tx-221-C1033117475-C538661860,HighAmountTransfer
tx-221-C1033117475-C538661860,ZeroedOriginBalance
tx-221-C2026988003-C37447993,FraudTransaction
tx-221-C2026988003-C37447993,ZeroedOriginBalance
tx-221-C1961462309-C450794008,FraudTransaction
tx-221-C1961462309-C450794008,ZeroedOriginBalance
tx-221-C767035250-C870958103,FraudTransaction
tx-221-C767035250-C870958103,ZeroedOriginBalance
tx-221-C810055905-C1167066573,FraudTransaction
tx-221-C810055905-C1167066573,ZeroedOriginBalance
tx-222-C1139136882-C1587529790,FraudTransaction
tx-222-C1139136882-C1587529790,ZeroedOriginBalance
tx-222-C2078657417-C242153254,FraudTransaction
tx-222-C2078657417-C242153254,ZeroedOriginBalance
tx-222-C369868816-C2037736375,FraudTransaction
tx-222-C369868816-C2037736375,ZeroedOriginBalance
tx-222-C1710697792-C408442101,FraudTransaction
tx-222-C1710697792-C408442101,ZeroedOriginBalance
tx-222-C146036421-C423402109,FraudTransaction
tx-222-C146036421-C423402109,HighAmountTransfer
tx-222-C146036421-C423402109,ZeroedOriginBalance
tx-222-C1574469081-C528477947,FraudTransaction
tx-222-C1574469081-C528477947,HighAmountTransfer
tx-222-C1574469081-C528477947,ZeroedOriginBalance
tx-222-C354106674-C221253798,FraudTransaction
tx-222-C354106674-C221253798,HighAmountTransfer
tx-222-C354106674-C221253798,ZeroedOriginBalance
tx-222-C1239064572-C634051834,FraudTransaction
tx-222-C1239064572-C634051834,HighAmountTransfer
tx-222-C1239064572-C634051834,ZeroedOriginBalance
tx-223-C1711836423-C1676868220,FraudTransaction
tx-223-C1711836423-C1676868220,ZeroedOriginBalance
tx-223-C693388130-C603393840,FraudTransaction
tx-223-C693388130-C603393840,ZeroedOriginBalance
tx-223-C997712071-C752642533,FraudTransaction
tx-223-C997712071-C752642533,HighAmountTransfer
tx-223-C997712071-C752642533,ZeroedOriginBalance
tx-223-C2091244147-C1649766027,FraudTransaction
tx-223-C2091244147-C1649766027,HighAmountTransfer
tx-223-C2091244147-C1649766027,ZeroedOriginBalance
tx-223-C1278233953-C1583808597,FraudTransaction
tx-223-C1278233953-C1583808597,ZeroedOriginBalance
tx-223-C1527065781-C1620993935,FraudTransaction
tx-223-C1527065781-C1620993935,ZeroedOriginBalance
tx-223-C883385681-C57838104,FraudTransaction
tx-223-C883385681-C57838104,ZeroedOriginBalance
tx-223-C145691981-C965571904,FraudTransaction
tx-223-C145691981-C965571904,ZeroedOriginBalance
tx-224-C1707526700-C1178212988,FraudTransaction
tx-224-C1707526700-C1178212988,ZeroedOriginBalance
tx-224-C506132962-C590920487,FraudTransaction
tx-224-C506132962-C590920487,ZeroedOriginBalance
tx-224-C936282249-C1272971238,FraudTransaction
tx-224-C936282249-C1272971238,ZeroedOriginBalance
tx-224-C151901104-C797070356,FraudTransaction
tx-224-C151901104-C797070356,ZeroedOriginBalance
tx-224-C1514794775-C1091532529,FraudTransaction
tx-224-C1514794775-C1091532529,HighAmountTransfer
tx-224-C1514794775-C1091532529,ZeroedOriginBalance
tx-224-C333838421-C977281429,FraudTransaction
tx-224-C333838421-C977281429,HighAmountTransfer
tx-224-C333838421-C977281429,ZeroedOriginBalance
tx-224-C1345101920-C2138212554,FraudTransaction
tx-224-C1345101920-C2138212554,ZeroedOriginBalance
tx-224-C937130374-C1822662997,FraudTransaction
tx-224-C937130374-C1822662997,ZeroedOriginBalance
tx-224-C578750781-C179427738,FraudTransaction
tx-224-C578750781-C179427738,HighAmountTransfer
tx-224-C578750781-C179427738,ZeroedOriginBalance
tx-224-C518290039-C1280843273,FraudTransaction
tx-224-C518290039-C1280843273,HighAmountTransfer
tx-224-C518290039-C1280843273,ZeroedOriginBalance
tx-225-C1132693600-C1185292292,FraudTransaction
tx-225-C1132693600-C1185292292,ZeroedOriginBalance
tx-225-C1132693600-C1185292292,RepeatedFraudDestination
tx-225-C1047280731-C37115325,FraudTransaction
tx-225-C1047280731-C37115325,ZeroedOriginBalance
tx-225-C755720806-C1423370545,FraudTransaction
tx-225-C755720806-C1423370545,ZeroedOriginBalance
tx-225-C535424820-C1979812684,FraudTransaction
tx-225-C535424820-C1979812684,ZeroedOriginBalance
tx-225-C1821651825-C587388242,FraudTransaction
tx-225-C1821651825-C587388242,ZeroedOriginBalance
tx-225-C1976888667-C239391971,FraudTransaction
tx-225-C1976888667-C239391971,ZeroedOriginBalance
tx-225-C1605260231-C1749800529,FraudTransaction
tx-225-C1605260231-C1749800529,HighAmountTransfer
tx-225-C1605260231-C1749800529,ZeroedOriginBalance
tx-225-C945312738-C526780230,FraudTransaction
tx-225-C945312738-C526780230,HighAmountTransfer
tx-225-C945312738-C526780230,ZeroedOriginBalance
tx-225-C562970310-C152339852,FraudTransaction
tx-225-C562970310-C152339852,ZeroedOriginBalance
tx-225-C563555461-C1283170862,FraudTransaction
tx-225-C563555461-C1283170862,ZeroedOriginBalance
tx-225-C1287857685-C99638718,FraudTransaction
tx-225-C1287857685-C99638718,ZeroedOriginBalance
tx-225-C1453762991-C1258404685,FraudTransaction
tx-225-C1453762991-C1258404685,ZeroedOriginBalance
tx-226-C712970415-C590051909,FraudTransaction
tx-226-C712970415-C590051909,ZeroedOriginBalance
tx-226-C1143635966-C275663782,FraudTransaction
tx-226-C1143635966-C275663782,ZeroedOriginBalance
tx-226-C427148786-C1532977706,FraudTransaction
tx-226-C427148786-C1532977706,HighAmountTransfer
tx-226-C427148786-C1532977706,ZeroedOriginBalance
tx-226-C1041938819-C1108421533,FraudTransaction
tx-226-C1041938819-C1108421533,HighAmountTransfer
tx-226-C1041938819-C1108421533,ZeroedOriginBalance
tx-226-C2120061745-C287066549,FraudTransaction
tx-226-C2120061745-C287066549,HighAmountTransfer
tx-226-C2120061745-C287066549,ZeroedOriginBalance
tx-226-C488263608-C168611895,FraudTransaction
tx-226-C488263608-C168611895,HighAmountTransfer
tx-226-C488263608-C168611895,ZeroedOriginBalance
tx-226-C856130608-C1715093680,FraudTransaction
tx-226-C856130608-C1715093680,ZeroedOriginBalance
tx-226-C556303887-C1248449720,FraudTransaction
tx-226-C556303887-C1248449720,ZeroedOriginBalance
tx-226-C1881699309-C1419251036,FraudTransaction
tx-226-C1881699309-C1419251036,ZeroedOriginBalance
tx-226-C625876553-C480476541,FraudTransaction
tx-226-C625876553-C480476541,ZeroedOriginBalance
tx-226-C416195911-C1244681423,FraudTransaction
tx-226-C416195911-C1244681423,ZeroedOriginBalance
tx-226-C526626217-C477310004,FraudTransaction
tx-226-C526626217-C477310004,ZeroedOriginBalance
tx-227-C1085506900-C804873072,FraudTransaction
tx-227-C1085506900-C804873072,ZeroedOriginBalance
tx-227-C646283702-C546104112,FraudTransaction
tx-227-C646283702-C546104112,ZeroedOriginBalance
tx-227-C1086380273-C1708357030,FraudTransaction
tx-227-C1086380273-C1708357030,ZeroedOriginBalance
tx-227-C1761527843-C172711572,FraudTransaction
tx-227-C1761527843-C172711572,ZeroedOriginBalance
tx-227-C799393307-C251525429,FraudTransaction
tx-227-C799393307-C251525429,HighAmountTransfer
tx-227-C799393307-C251525429,ZeroedOriginBalance
tx-227-C1194310018-C299514580,FraudTransaction
tx-227-C1194310018-C299514580,HighAmountTransfer
tx-227-C1194310018-C299514580,ZeroedOriginBalance
tx-227-C1537630073-C153438259,FraudTransaction
tx-227-C1537630073-C153438259,HighAmountTransfer
tx-227-C1537630073-C153438259,ZeroedOriginBalance
tx-227-C2135061184-C576020247,FraudTransaction
tx-227-C2135061184-C576020247,HighAmountTransfer
tx-227-C2135061184-C576020247,ZeroedOriginBalance
tx-227-C1016626170-C2092694129,FraudTransaction
tx-227-C1016626170-C2092694129,ZeroedOriginBalance
tx-227-C332921972-C814473635,FraudTransaction
tx-227-C332921972-C814473635,ZeroedOriginBalance
tx-227-C206181066-C316118193,FraudTransaction
tx-227-C206181066-C316118193,ZeroedOriginBalance
tx-227-C1740697509-C1592896845,FraudTransaction
tx-227-C1740697509-C1592896845,ZeroedOriginBalance
tx-227-C1109437404-C1303378449,FraudTransaction
tx-227-C1109437404-C1303378449,HighAmountTransfer
tx-227-C1109437404-C1303378449,ZeroedOriginBalance
tx-227-C716780385-C2047944461,FraudTransaction
tx-227-C716780385-C2047944461,HighAmountTransfer
tx-227-C716780385-C2047944461,ZeroedOriginBalance
tx-228-C1895390666-C406885847,FraudTransaction
tx-228-C1895390666-C406885847,ZeroedOriginBalance
tx-228-C943049260-C591114183,FraudTransaction
tx-228-C943049260-C591114183,ZeroedOriginBalance
tx-228-C1613313609-C1727044714,FraudTransaction
tx-228-C1613313609-C1727044714,ZeroedOriginBalance
tx-228-C619309761-C80160566,FraudTransaction
tx-228-C619309761-C80160566,ZeroedOriginBalance
tx-228-C2060513697-C2105369432,FraudTransaction
tx-228-C2060513697-C2105369432,ZeroedOriginBalance
tx-228-C1419831454-C1938098816,FraudTransaction
tx-228-C1419831454-C1938098816,ZeroedOriginBalance
tx-228-C1721880478-C521374455,FraudTransaction
tx-228-C1721880478-C521374455,HighAmountTransfer
tx-228-C2022162818-C1201081149,FraudTransaction
tx-228-C2022162818-C1201081149,HighAmountTransfer
tx-228-C2022162818-C1201081149,ZeroedOriginBalance
tx-228-C1294188821-C1799178468,FraudTransaction
tx-228-C1294188821-C1799178468,ZeroedOriginBalance
tx-228-C818466696-C2025446764,FraudTransaction
tx-228-C818466696-C2025446764,ZeroedOriginBalance
tx-228-C174356762-C1545375198,FraudTransaction
tx-228-C174356762-C1545375198,HighAmountTransfer
tx-228-C174356762-C1545375198,ZeroedOriginBalance
tx-228-C1370685766-C1312657483,FraudTransaction
tx-228-C1370685766-C1312657483,HighAmountTransfer
tx-228-C1370685766-C1312657483,ZeroedOriginBalance
tx-228-C1926697362-C443920202,FraudTransaction
tx-228-C1926697362-C443920202,HighAmountTransfer
tx-228-C1926697362-C443920202,ZeroedOriginBalance
tx-228-C369516790-C1646942207,FraudTransaction
tx-228-C369516790-C1646942207,HighAmountTransfer
tx-228-C369516790-C1646942207,ZeroedOriginBalance
tx-228-C81587291-C360497591,FraudTransaction
tx-228-C81587291-C360497591,HighAmountTransfer
tx-228-C81587291-C360497591,ZeroedOriginBalance
tx-228-C565197810-C725918022,FraudTransaction
tx-228-C565197810-C725918022,HighAmountTransfer
tx-228-C565197810-C725918022,ZeroedOriginBalance
tx-229-C715571167-C650699445,FraudTransaction
tx-229-C715571167-C650699445,ZeroedOriginBalance
tx-229-C715571167-C650699445,RepeatedFraudDestination
tx-229-C282585664-C2031301497,FraudTransaction
tx-229-C282585664-C2031301497,ZeroedOriginBalance
tx-229-C238846590-C163992807,FraudTransaction
tx-229-C238846590-C163992807,ZeroedOriginBalance
tx-229-C159990458-C1025108799,FraudTransaction
tx-229-C159990458-C1025108799,ZeroedOriginBalance
tx-229-C613775492-C1417943880,FraudTransaction
tx-229-C613775492-C1417943880,ZeroedOriginBalance
tx-229-C1859137330-C2086119,FraudTransaction
tx-229-C1859137330-C2086119,ZeroedOriginBalance
tx-229-C103076793-C1629045388,FraudTransaction
tx-229-C103076793-C1629045388,ZeroedOriginBalance
tx-229-C1855196717-C264278084,FraudTransaction
tx-229-C1855196717-C264278084,ZeroedOriginBalance
tx-230-C284996828-C1044221964,FraudTransaction
tx-230-C284996828-C1044221964,ZeroedOriginBalance
tx-230-C61378648-C1571003117,FraudTransaction
tx-230-C61378648-C1571003117,ZeroedOriginBalance
tx-230-C862388637-C685365077,FraudTransaction
tx-230-C862388637-C685365077,ZeroedOriginBalance
tx-230-C1069101318-C894811944,FraudTransaction
tx-230-C1069101318-C894811944,ZeroedOriginBalance
tx-230-C80387919-C1965664830,FraudTransaction
tx-230-C80387919-C1965664830,ZeroedOriginBalance
tx-230-C468213080-C1734777637,FraudTransaction
tx-230-C468213080-C1734777637,ZeroedOriginBalance
tx-230-C1617773163-C478307499,FraudTransaction
tx-230-C150617765-C1641778666,FraudTransaction
tx-230-C150617765-C1641778666,HighAmountTransfer
tx-230-C1790027985-C243227440,FraudTransaction
tx-230-C1790027985-C243227440,HighAmountTransfer
tx-230-C1790027985-C243227440,ZeroedOriginBalance
tx-230-C721399587-C811425759,FraudTransaction
tx-230-C721399587-C811425759,HighAmountTransfer
tx-230-C721399587-C811425759,ZeroedOriginBalance
tx-230-C1668999438-C1220527232,FraudTransaction
tx-230-C1668999438-C1220527232,HighAmountTransfer
tx-230-C1668999438-C1220527232,ZeroedOriginBalance
tx-230-C444571961-C1409527805,FraudTransaction
tx-230-C444571961-C1409527805,HighAmountTransfer
tx-230-C444571961-C1409527805,ZeroedOriginBalance
tx-230-C2114695453-C1134558606,FraudTransaction
tx-230-C2114695453-C1134558606,HighAmountTransfer
tx-230-C2114695453-C1134558606,ZeroedOriginBalance
tx-230-C1788761832-C149376327,FraudTransaction
tx-230-C1788761832-C149376327,HighAmountTransfer
tx-230-C1788761832-C149376327,ZeroedOriginBalance
tx-230-C2114453314-C2024824316,FraudTransaction
tx-230-C2114453314-C2024824316,HighAmountTransfer
tx-230-C2114453314-C2024824316,ZeroedOriginBalance
tx-230-C428683989-C1156605990,FraudTransaction
tx-230-C428683989-C1156605990,HighAmountTransfer
tx-230-C428683989-C1156605990,ZeroedOriginBalance
tx-230-C671668065-C835636847,FraudTransaction
tx-230-C671668065-C835636847,HighAmountTransfer
tx-230-C671668065-C835636847,ZeroedOriginBalance
tx-231-C1603667010-C70652634,FraudTransaction
tx-231-C1603667010-C70652634,ZeroedOriginBalance
tx-231-C1606701810-C671140271,FraudTransaction
tx-231-C1606701810-C671140271,ZeroedOriginBalance
tx-231-C778909639-C1475228606,FraudTransaction
tx-231-C778909639-C1475228606,ZeroedOriginBalance
tx-231-C1577946828-C924652155,FraudTransaction
tx-231-C1577946828-C924652155,ZeroedOriginBalance
tx-231-C1131542233-C1376992525,FraudTransaction
tx-231-C1131542233-C1376992525,HighAmountTransfer
tx-231-C1131542233-C1376992525,ZeroedOriginBalance
tx-231-C325595838-C742357003,FraudTransaction
tx-231-C325595838-C742357003,HighAmountTransfer
tx-231-C325595838-C742357003,ZeroedOriginBalance
tx-231-C121294173-C815544341,FraudTransaction
tx-231-C121294173-C815544341,ZeroedOriginBalance
tx-231-C212390173-C1049250816,FraudTransaction
tx-231-C212390173-C1049250816,ZeroedOriginBalance
tx-231-C1356517693-C284348292,FraudTransaction
tx-231-C1356517693-C284348292,ZeroedOriginBalance
tx-231-C621941841-C1560860493,FraudTransaction
tx-231-C621941841-C1560860493,ZeroedOriginBalance
tx-231-C829550304-C1922723403,FraudTransaction
tx-231-C829550304-C1922723403,ZeroedOriginBalance
tx-231-C1036650085-C510704093,FraudTransaction
tx-231-C1036650085-C510704093,ZeroedOriginBalance
tx-231-C1451318490-C421443093,FraudTransaction
tx-231-C1881462722-C418637698,FraudTransaction
tx-231-C1881462722-C418637698,ZeroedOriginBalance
tx-231-C1350723099-C835842447,FraudTransaction
tx-231-C1350723099-C835842447,ZeroedOriginBalance
tx-231-C172131034-C844027977,FraudTransaction
tx-231-C172131034-C844027977,HighAmountTransfer
tx-231-C172131034-C844027977,ZeroedOriginBalance
tx-231-C63391267-C785987087,FraudTransaction
tx-231-C63391267-C785987087,HighAmountTransfer
tx-231-C63391267-C785987087,ZeroedOriginBalance
tx-232-C1862192948-C1146085253,FraudTransaction
tx-232-C1862192948-C1146085253,ZeroedOriginBalance
tx-232-C601045727-C2098386124,FraudTransaction
tx-232-C601045727-C2098386124,ZeroedOriginBalance
tx-232-C522008423-C2072999446,FraudTransaction
tx-232-C522008423-C2072999446,HighAmountTransfer
tx-232-C522008423-C2072999446,ZeroedOriginBalance
tx-232-C1822149837-C382918282,FraudTransaction
tx-232-C1822149837-C382918282,HighAmountTransfer
tx-232-C1822149837-C382918282,ZeroedOriginBalance
tx-232-C700411853-C91566300,FraudTransaction
tx-232-C700411853-C91566300,ZeroedOriginBalance
tx-232-C944357940-C1103826794,FraudTransaction
tx-232-C944357940-C1103826794,ZeroedOriginBalance
tx-232-C1797062826-C1005190137,FraudTransaction
tx-232-C1797062826-C1005190137,ZeroedOriginBalance
tx-232-C1042329949-C1463347457,FraudTransaction
tx-232-C1042329949-C1463347457,ZeroedOriginBalance
tx-232-C680373527-C2071393401,FraudTransaction
tx-232-C680373527-C2071393401,HighAmountTransfer
tx-232-C680373527-C2071393401,ZeroedOriginBalance
tx-232-C2105090352-C250246729,FraudTransaction
tx-232-C2105090352-C250246729,HighAmountTransfer
tx-232-C2105090352-C250246729,ZeroedOriginBalance
tx-233-C893034321-C704220128,FraudTransaction
tx-233-C893034321-C704220128,ZeroedOriginBalance
tx-233-C832741739-C418719967,FraudTransaction
tx-233-C832741739-C418719967,ZeroedOriginBalance
tx-233-C1908599999-C232254728,FraudTransaction
tx-233-C1908599999-C232254728,ZeroedOriginBalance
tx-233-C784559856-C763260175,FraudTransaction
tx-233-C784559856-C763260175,ZeroedOriginBalance
tx-233-C2113853115-C338573575,FraudTransaction
tx-233-C2113853115-C338573575,ZeroedOriginBalance
tx-233-C1160844097-C1114235292,FraudTransaction
tx-233-C1160844097-C1114235292,ZeroedOriginBalance
tx-233-C2044046492-C1686942753,FraudTransaction
tx-233-C2044046492-C1686942753,ZeroedOriginBalance
tx-233-C1285235130-C160460815,FraudTransaction
tx-233-C1285235130-C160460815,ZeroedOriginBalance
tx-233-C1531940496-C1898572552,FraudTransaction
tx-233-C1531940496-C1898572552,ZeroedOriginBalance
tx-233-C1011665365-C1882225131,FraudTransaction
tx-233-C1011665365-C1882225131,ZeroedOriginBalance
tx-233-C891276919-C1845646246,FraudTransaction
tx-233-C891276919-C1845646246,ZeroedOriginBalance
tx-233-C1291245872-C497126314,FraudTransaction
tx-233-C1291245872-C497126314,ZeroedOriginBalance
tx-234-C193216124-C753706264,FraudTransaction
tx-234-C193216124-C753706264,ZeroedOriginBalance
tx-234-C353864059-C1614002378,FraudTransaction
tx-234-C353864059-C1614002378,ZeroedOriginBalance
tx-234-C1439734437-C119989441,FraudTransaction
tx-234-C1439734437-C119989441,ZeroedOriginBalance
tx-234-C42674436-C491430071,FraudTransaction
tx-234-C42674436-C491430071,ZeroedOriginBalance
tx-234-C1649474651-C31115617,FraudTransaction
tx-234-C1649474651-C31115617,ZeroedOriginBalance
tx-234-C499322618-C1596015733,FraudTransaction
tx-234-C499322618-C1596015733,ZeroedOriginBalance
tx-234-C836135331-C2142575639,FraudTransaction
tx-234-C836135331-C2142575639,ZeroedOriginBalance
tx-234-C200762864-C2092558737,FraudTransaction
tx-234-C200762864-C2092558737,ZeroedOriginBalance
tx-234-C386926753-C527524225,FraudTransaction
tx-234-C386926753-C527524225,ZeroedOriginBalance
tx-234-C985759209-C1610762623,FraudTransaction
tx-234-C985759209-C1610762623,ZeroedOriginBalance
tx-234-C1996228335-C1717483604,FraudTransaction
tx-234-C1996228335-C1717483604,ZeroedOriginBalance
tx-234-C745977891-C1398681592,FraudTransaction
tx-234-C745977891-C1398681592,ZeroedOriginBalance
tx-234-C1912538788-C455997820,FraudTransaction
tx-234-C1912538788-C455997820,ZeroedOriginBalance
tx-234-C1571743599-C2115938599,FraudTransaction
tx-234-C1571743599-C2115938599,ZeroedOriginBalance
tx-235-C2102651625-C1551811070,FraudTransaction
tx-235-C2102651625-C1551811070,ZeroedOriginBalance
tx-235-C810576421-C393990898,FraudTransaction
tx-235-C810576421-C393990898,ZeroedOriginBalance
tx-235-C1730345649-C1466122025,FraudTransaction
tx-235-C1730345649-C1466122025,HighAmountTransfer
tx-235-C1730345649-C1466122025,ZeroedOriginBalance
tx-235-C66383607-C2145122969,FraudTransaction
tx-235-C66383607-C2145122969,HighAmountTransfer
tx-235-C66383607-C2145122969,ZeroedOriginBalance
tx-235-C964573395-C665851220,FraudTransaction
tx-235-C964573395-C665851220,ZeroedOriginBalance
tx-235-C752353094-C1794146784,FraudTransaction
tx-235-C752353094-C1794146784,ZeroedOriginBalance
tx-235-C1943739339-C1225002524,FraudTransaction
tx-235-C1943739339-C1225002524,ZeroedOriginBalance
tx-235-C587256083-C104306099,FraudTransaction
tx-235-C587256083-C104306099,ZeroedOriginBalance
tx-235-C1336273672-C1534512884,FraudTransaction
tx-235-C1336273672-C1534512884,HighAmountTransfer
tx-235-C1336273672-C1534512884,ZeroedOriginBalance
tx-235-C407416654-C1267828367,FraudTransaction
tx-235-C407416654-C1267828367,HighAmountTransfer
tx-235-C407416654-C1267828367,ZeroedOriginBalance
tx-236-C1650479654-C625044678,FraudTransaction
tx-236-C1650479654-C625044678,ZeroedOriginBalance
tx-236-C1343549154-C133181668,FraudTransaction
tx-236-C1343549154-C133181668,ZeroedOriginBalance
tx-236-C1926006259-C1585189604,FraudTransaction
tx-236-C1926006259-C1585189604,ZeroedOriginBalance
tx-236-C1843014674-C137145524,FraudTransaction
tx-236-C1843014674-C137145524,ZeroedOriginBalance
tx-236-C1215045618-C797703296,FraudTransaction
tx-236-C1215045618-C797703296,HighAmountTransfer
tx-236-C1215045618-C797703296,ZeroedOriginBalance
tx-236-C1959028014-C1768881872,FraudTransaction
tx-236-C1959028014-C1768881872,HighAmountTransfer
tx-236-C1959028014-C1768881872,ZeroedOriginBalance
tx-236-C407555849-C757180860,FraudTransaction
tx-236-C407555849-C757180860,ZeroedOriginBalance
tx-236-C2107705166-C1387152188,FraudTransaction
tx-236-C2107705166-C1387152188,ZeroedOriginBalance
tx-236-C155774205-C719125515,FraudTransaction
tx-236-C155774205-C719125515,HighAmountTransfer
tx-236-C155774205-C719125515,ZeroedOriginBalance
tx-236-C915028332-C2135931580,FraudTransaction
tx-236-C915028332-C2135931580,HighAmountTransfer
tx-236-C915028332-C2135931580,ZeroedOriginBalance
tx-237-C1867725412-C1721123113,FraudTransaction
tx-237-C1867725412-C1721123113,ZeroedOriginBalance
tx-237-C219983545-C1298333161,FraudTransaction
tx-237-C219983545-C1298333161,ZeroedOriginBalance
tx-237-C1190914474-C984823123,FraudTransaction
tx-237-C1190914474-C984823123,HighAmountTransfer
tx-237-C1190914474-C984823123,ZeroedOriginBalance
tx-237-C1021806883-C1523189277,FraudTransaction
tx-237-C1021806883-C1523189277,HighAmountTransfer
tx-237-C1021806883-C1523189277,ZeroedOriginBalance
tx-237-C1552999118-C1921706460,FraudTransaction
tx-237-C1552999118-C1921706460,ZeroedOriginBalance
tx-237-C1559351249-C1319265495,FraudTransaction
tx-237-C1559351249-C1319265495,ZeroedOriginBalance
tx-237-C1849235881-C1877706055,FraudTransaction
tx-237-C1849235881-C1877706055,HighAmountTransfer
tx-237-C487836667-C1825256816,FraudTransaction
tx-237-C487836667-C1825256816,HighAmountTransfer
tx-237-C487836667-C1825256816,ZeroedOriginBalance
tx-237-C180127057-C2029456603,FraudTransaction
tx-237-C180127057-C2029456603,HighAmountTransfer
tx-237-C844374854-C141316671,FraudTransaction
tx-237-C844374854-C141316671,HighAmountTransfer
tx-237-C844374854-C141316671,ZeroedOriginBalance
tx-237-C344359156-C1708707330,FraudTransaction
tx-237-C344359156-C1708707330,HighAmountTransfer
tx-237-C344359156-C1708707330,ZeroedOriginBalance
tx-237-C390716812-C1387545582,FraudTransaction
tx-237-C390716812-C1387545582,HighAmountTransfer
tx-237-C390716812-C1387545582,ZeroedOriginBalance
tx-238-C1422056911-C1667849082,FraudTransaction
tx-238-C1422056911-C1667849082,ZeroedOriginBalance
tx-238-C1854275574-C1828878126,FraudTransaction
tx-238-C1854275574-C1828878126,ZeroedOriginBalance
tx-238-C2098656408-C1831118200,FraudTransaction
tx-238-C2098656408-C1831118200,ZeroedOriginBalance
tx-238-C1940127707-C114245978,FraudTransaction
tx-238-C1940127707-C114245978,ZeroedOriginBalance
tx-238-C1028530067-C1390461904,FraudTransaction
tx-238-C1028530067-C1390461904,HighAmountTransfer
tx-238-C1723333662-C1093911640,FraudTransaction
tx-238-C1723333662-C1093911640,HighAmountTransfer
tx-238-C1723333662-C1093911640,ZeroedOriginBalance
tx-238-C31838536-C36485609,FraudTransaction
tx-238-C31838536-C36485609,HighAmountTransfer
tx-238-C31838536-C36485609,ZeroedOriginBalance
tx-238-C1067759526-C222456417,FraudTransaction
tx-238-C1067759526-C222456417,HighAmountTransfer
tx-238-C1067759526-C222456417,ZeroedOriginBalance
tx-238-C39176629-C228666315,FraudTransaction
tx-238-C39176629-C228666315,ZeroedOriginBalance
tx-238-C521538595-C1990446259,FraudTransaction
tx-238-C521538595-C1990446259,ZeroedOriginBalance
tx-238-C781397101-C273071988,FraudTransaction
tx-238-C781397101-C273071988,ZeroedOriginBalance
tx-238-C1169467262-C855760183,FraudTransaction
tx-238-C1169467262-C855760183,ZeroedOriginBalance
tx-238-C1164568984-C940250916,FraudTransaction
tx-238-C1164568984-C940250916,ZeroedOriginBalance
tx-238-C1164496580-C1179031316,FraudTransaction
tx-238-C1164496580-C1179031316,ZeroedOriginBalance
tx-239-C1269721100-C2118952625,FraudTransaction
tx-239-C1269721100-C2118952625,ZeroedOriginBalance
tx-239-C196823251-C1538319522,FraudTransaction
tx-239-C196823251-C1538319522,ZeroedOriginBalance
tx-239-C339788148-C912209557,FraudTransaction
tx-239-C339788148-C912209557,ZeroedOriginBalance
tx-239-C963749685-C816242963,FraudTransaction
tx-239-C963749685-C816242963,ZeroedOriginBalance
tx-239-C1544214940-C1148585610,FraudTransaction
tx-239-C1544214940-C1148585610,ZeroedOriginBalance
tx-239-C628578638-C847386551,FraudTransaction
tx-239-C628578638-C847386551,ZeroedOriginBalance
tx-239-C1501009751-C1337988556,FraudTransaction
tx-239-C1501009751-C1337988556,ZeroedOriginBalance
tx-239-C656165499-C1879363674,FraudTransaction
tx-239-C656165499-C1879363674,ZeroedOriginBalance
tx-239-C1628056782-C913892512,FraudTransaction
tx-239-C1628056782-C913892512,ZeroedOriginBalance
tx-239-C1566359738-C634632814,FraudTransaction
tx-239-C1566359738-C634632814,ZeroedOriginBalance
tx-240-C1106941921-C130285450,FraudTransaction
tx-240-C1106941921-C130285450,ZeroedOriginBalance
tx-240-C1529205180-C1010068445,FraudTransaction
tx-240-C1529205180-C1010068445,ZeroedOriginBalance
tx-240-C1906906636-C1142044922,FraudTransaction
tx-240-C1906906636-C1142044922,HighAmountTransfer
tx-240-C1906906636-C1142044922,ZeroedOriginBalance
tx-240-C570725373-C44991297,FraudTransaction
tx-240-C570725373-C44991297,HighAmountTransfer
tx-240-C570725373-C44991297,ZeroedOriginBalance
tx-240-C769822179-C6004942,FraudTransaction
tx-240-C769822179-C6004942,HighAmountTransfer
tx-240-C769822179-C6004942,ZeroedOriginBalance
tx-240-C1890666727-C2034377028,FraudTransaction
tx-240-C1890666727-C2034377028,HighAmountTransfer
tx-240-C1890666727-C2034377028,ZeroedOriginBalance
tx-240-C82400750-C1711150495,FraudTransaction
tx-240-C82400750-C1711150495,ZeroedOriginBalance
tx-240-C259198981-C837253504,FraudTransaction
tx-240-C259198981-C837253504,ZeroedOriginBalance
tx-240-C1589254614-C1147163702,FraudTransaction
tx-240-C1589254614-C1147163702,ZeroedOriginBalance
tx-240-C2046853066-C755568300,FraudTransaction
tx-240-C2046853066-C755568300,ZeroedOriginBalance
tx-240-C321712696-C1645115422,FraudTransaction
tx-240-C321712696-C1645115422,ZeroedOriginBalance
tx-240-C59004862-C97275892,FraudTransaction
tx-240-C59004862-C97275892,ZeroedOriginBalance
tx-240-C732436109-C2053743705,FraudTransaction
tx-240-C732436109-C2053743705,ZeroedOriginBalance
tx-240-C1321333910-C9067919,FraudTransaction
tx-240-C1321333910-C9067919,ZeroedOriginBalance
tx-241-C1780378261-C339002050,FraudTransaction
tx-241-C1780378261-C339002050,HighAmountTransfer
tx-241-C1780378261-C339002050,ZeroedOriginBalance
tx-241-C1732153199-C662070365,FraudTransaction
tx-241-C1732153199-C662070365,HighAmountTransfer
tx-241-C1732153199-C662070365,ZeroedOriginBalance
tx-241-C1410879349-C1386809119,FraudTransaction
tx-241-C1410879349-C1386809119,ZeroedOriginBalance
tx-241-C1279562736-C952933933,FraudTransaction
tx-241-C1279562736-C952933933,ZeroedOriginBalance
tx-241-C437560191-C1185532212,FraudTransaction
tx-241-C437560191-C1185532212,HighAmountTransfer
tx-241-C437560191-C1185532212,ZeroedOriginBalance
tx-241-C605364658-C925896842,FraudTransaction
tx-241-C605364658-C925896842,HighAmountTransfer
tx-241-C605364658-C925896842,ZeroedOriginBalance
tx-241-C1585385873-C1701481925,FraudTransaction
tx-241-C1585385873-C1701481925,ZeroedOriginBalance
tx-241-C1792382836-C1834120741,FraudTransaction
tx-241-C1792382836-C1834120741,ZeroedOriginBalance
tx-241-C1148562150-C1745091361,FraudTransaction
tx-241-C1148562150-C1745091361,ZeroedOriginBalance
tx-241-C1843566745-C742045843,FraudTransaction
tx-241-C1843566745-C742045843,ZeroedOriginBalance
tx-241-C351713185-C775439776,FraudTransaction
tx-241-C351713185-C775439776,ZeroedOriginBalance
tx-241-C58682758-C1485453615,FraudTransaction
tx-241-C58682758-C1485453615,ZeroedOriginBalance
tx-241-C980546604-C1230677699,FraudTransaction
tx-241-C980546604-C1230677699,ZeroedOriginBalance
tx-241-C570536992-C437423112,FraudTransaction
tx-241-C570536992-C437423112,ZeroedOriginBalance
tx-241-C753670111-C814296672,FraudTransaction
tx-241-C753670111-C814296672,ZeroedOriginBalance
tx-241-C1641368956-C329210788,FraudTransaction
tx-241-C1641368956-C329210788,ZeroedOriginBalance
tx-241-C1281057632-C594018186,FraudTransaction
tx-241-C1281057632-C594018186,ZeroedOriginBalance
tx-241-C2120940829-C1425266611,FraudTransaction
tx-241-C2120940829-C1425266611,ZeroedOriginBalance
tx-242-C1226178731-C1507357028,FraudTransaction
tx-242-C1226178731-C1507357028,ZeroedOriginBalance
tx-242-C992121519-C1759643830,FraudTransaction
tx-242-C992121519-C1759643830,ZeroedOriginBalance
tx-242-C386673709-C1956024073,FraudTransaction
tx-242-C386673709-C1956024073,HighAmountTransfer
tx-242-C386673709-C1956024073,ZeroedOriginBalance
tx-242-C1663597987-C1844870771,FraudTransaction
tx-242-C1663597987-C1844870771,HighAmountTransfer
tx-242-C1663597987-C1844870771,ZeroedOriginBalance
tx-242-C1851386700-C659106449,FraudTransaction
tx-242-C1851386700-C659106449,HighAmountTransfer
tx-242-C1851386700-C659106449,ZeroedOriginBalance
tx-242-C1627766514-C1840253816,FraudTransaction
tx-242-C1627766514-C1840253816,HighAmountTransfer
tx-242-C1627766514-C1840253816,ZeroedOriginBalance
tx-242-C973074458-C1408872887,FraudTransaction
tx-242-C973074458-C1408872887,ZeroedOriginBalance
tx-242-C1144385106-C2013070624,FraudTransaction
tx-242-C1144385106-C2013070624,ZeroedOriginBalance
tx-243-C2117512947-C1053414206,FraudTransaction
tx-243-C2117512947-C1053414206,HighAmountTransfer
tx-243-C2117512947-C1053414206,ZeroedOriginBalance
tx-243-C876181265-C24324787,FraudTransaction
tx-243-C876181265-C24324787,HighAmountTransfer
tx-243-C876181265-C24324787,ZeroedOriginBalance
tx-243-C57496674-C317811789,FraudTransaction
tx-243-C57496674-C317811789,ZeroedOriginBalance
tx-243-C840188997-C1959131299,FraudTransaction
tx-243-C840188997-C1959131299,ZeroedOriginBalance
tx-243-C1739527181-C1704299654,FraudTransaction
tx-243-C1739527181-C1704299654,HighAmountTransfer
tx-243-C1739527181-C1704299654,ZeroedOriginBalance
tx-243-C747186981-C1566713324,FraudTransaction
tx-243-C747186981-C1566713324,HighAmountTransfer
tx-243-C747186981-C1566713324,ZeroedOriginBalance
tx-243-C1160684690-C1692585098,FraudTransaction
tx-243-C1160684690-C1692585098,ZeroedOriginBalance
tx-243-C1426650654-C1955464150,FraudTransaction
tx-243-C1426650654-C1955464150,ZeroedOriginBalance
tx-244-C1243123662-C590057207,FraudTransaction
tx-244-C1243123662-C590057207,HighAmountTransfer
tx-244-C1243123662-C590057207,ZeroedOriginBalance
tx-244-C799888811-C1104137869,FraudTransaction
tx-244-C799888811-C1104137869,HighAmountTransfer
tx-244-C799888811-C1104137869,ZeroedOriginBalance
tx-244-C530018040-C1401702546,FraudTransaction
tx-244-C530018040-C1401702546,HighAmountTransfer
tx-244-C530018040-C1401702546,ZeroedOriginBalance
tx-244-C222155538-C377165949,FraudTransaction
tx-244-C222155538-C377165949,HighAmountTransfer
tx-244-C222155538-C377165949,ZeroedOriginBalance
tx-244-C775900945-C64310148,FraudTransaction
tx-244-C775900945-C64310148,HighAmountTransfer
tx-244-C775900945-C64310148,ZeroedOriginBalance
tx-244-C467492380-C576226769,FraudTransaction
tx-244-C467492380-C576226769,HighAmountTransfer
tx-244-C467492380-C576226769,ZeroedOriginBalance
tx-244-C1248176014-C26405591,FraudTransaction
tx-244-C1248176014-C26405591,ZeroedOriginBalance
tx-244-C671943963-C1516151145,FraudTransaction
tx-244-C671943963-C1516151145,ZeroedOriginBalance
tx-244-C2090764492-C776246900,FraudTransaction
tx-244-C2090764492-C776246900,ZeroedOriginBalance
tx-244-C222430461-C1512170124,FraudTransaction
tx-244-C222430461-C1512170124,ZeroedOriginBalance
tx-244-C1794935564-C1234144009,FraudTransaction
tx-244-C1794935564-C1234144009,HighAmountTransfer
tx-244-C1794935564-C1234144009,ZeroedOriginBalance
tx-244-C718874269-C230952140,FraudTransaction
tx-244-C718874269-C230952140,HighAmountTransfer
tx-244-C718874269-C230952140,ZeroedOriginBalance
tx-245-C318078280-C571016162,FraudTransaction
tx-245-C318078280-C571016162,ZeroedOriginBalance
tx-245-C1704192820-C1482135742,FraudTransaction
tx-245-C1704192820-C1482135742,ZeroedOriginBalance
tx-245-C939293281-C1381364691,FraudTransaction
tx-245-C939293281-C1381364691,ZeroedOriginBalance
tx-245-C1899112763-C362018196,FraudTransaction
tx-245-C1899112763-C362018196,ZeroedOriginBalance
tx-246-C1209271656-C1688178695,FraudTransaction
tx-246-C1209271656-C1688178695,ZeroedOriginBalance
tx-246-C849644821-C1587418917,FraudTransaction
tx-246-C849644821-C1587418917,ZeroedOriginBalance
tx-246-C1717556818-C377236919,FraudTransaction
tx-246-C1717556818-C377236919,ZeroedOriginBalance
tx-246-C113524819-C1613034326,FraudTransaction
tx-246-C113524819-C1613034326,ZeroedOriginBalance
tx-247-C1768918738-C1846753958,FraudTransaction
tx-247-C1768918738-C1846753958,ZeroedOriginBalance
tx-247-C369107118-C463164064,FraudTransaction
tx-247-C369107118-C463164064,ZeroedOriginBalance
tx-247-C542081155-C1155430613,FraudTransaction
tx-247-C542081155-C1155430613,HighAmountTransfer
tx-247-C542081155-C1155430613,ZeroedOriginBalance
tx-247-C1840157167-C760531323,FraudTransaction
tx-247-C1840157167-C760531323,HighAmountTransfer
tx-247-C1840157167-C760531323,ZeroedOriginBalance
tx-247-C2015533974-C110048242,FraudTransaction
tx-247-C2015533974-C110048242,ZeroedOriginBalance
tx-247-C1873858924-C587506100,FraudTransaction
tx-247-C1873858924-C587506100,ZeroedOriginBalance
tx-247-C1332702654-C858197889,FraudTransaction
tx-247-C1332702654-C858197889,ZeroedOriginBalance
tx-247-C1816884932-C2028261196,FraudTransaction
tx-247-C1816884932-C2028261196,ZeroedOriginBalance
tx-248-C356177155-C803181313,FraudTransaction
tx-248-C356177155-C803181313,HighAmountTransfer
tx-248-C494814442-C242619213,FraudTransaction
tx-248-C494814442-C242619213,HighAmountTransfer
tx-248-C494814442-C242619213,ZeroedOriginBalance
tx-248-C692635750-C1583412522,FraudTransaction
tx-248-C692635750-C1583412522,HighAmountTransfer
tx-248-C692635750-C1583412522,ZeroedOriginBalance
tx-248-C511866589-C485003808,FraudTransaction
tx-248-C511866589-C485003808,HighAmountTransfer
tx-248-C511866589-C485003808,ZeroedOriginBalance
tx-248-C1565735619-C2066417026,FraudTransaction
tx-248-C1565735619-C2066417026,ZeroedOriginBalance
tx-248-C845507735-C1288737458,FraudTransaction
tx-248-C845507735-C1288737458,ZeroedOriginBalance
tx-248-C742508903-C1568770373,FraudTransaction
tx-248-C742508903-C1568770373,ZeroedOriginBalance
tx-248-C1218999932-C463930958,FraudTransaction
tx-248-C1218999932-C463930958,ZeroedOriginBalance
tx-248-C1235100433-C224481932,FraudTransaction
tx-248-C1235100433-C224481932,ZeroedOriginBalance
tx-248-C2049622163-C1134158850,FraudTransaction
tx-248-C2049622163-C1134158850,ZeroedOriginBalance
tx-249-C754455797-C2131616208,FraudTransaction
tx-249-C754455797-C2131616208,HighAmountTransfer
tx-249-C754455797-C2131616208,ZeroedOriginBalance
tx-249-C1737566692-C54612631,FraudTransaction
tx-249-C1737566692-C54612631,HighAmountTransfer
tx-249-C1737566692-C54612631,ZeroedOriginBalance
tx-249-C681064264-C1608941213,FraudTransaction
tx-249-C681064264-C1608941213,ZeroedOriginBalance
tx-249-C1621078729-C313871490,FraudTransaction
tx-249-C1621078729-C313871490,ZeroedOriginBalance
tx-249-C1536825643-C892318279,FraudTransaction
tx-249-C1536825643-C892318279,ZeroedOriginBalance
tx-249-C1171108615-C1039948957,FraudTransaction
tx-249-C1171108615-C1039948957,ZeroedOriginBalance
tx-249-C1794988731-C1111485677,FraudTransaction
tx-249-C1794988731-C1111485677,ZeroedOriginBalance
tx-249-C1651029918-C467148053,FraudTransaction
tx-249-C1651029918-C467148053,ZeroedOriginBalance
tx-249-C1305598780-C1860004180,FraudTransaction
tx-249-C1305598780-C1860004180,HighAmountTransfer
tx-249-C1305598780-C1860004180,ZeroedOriginBalance
tx-249-C842658651-C318179364,FraudTransaction
tx-249-C842658651-C318179364,HighAmountTransfer
tx-249-C842658651-C318179364,ZeroedOriginBalance
tx-249-C1027828118-C506519759,FraudTransaction
tx-249-C1027828118-C506519759,ZeroedOriginBalance
tx-249-C550487166-C156487696,FraudTransaction
tx-249-C550487166-C156487696,ZeroedOriginBalance
tx-249-C1854457875-C683162403,FraudTransaction
tx-249-C1854457875-C683162403,ZeroedOriginBalance
tx-249-C529456580-C1686770786,FraudTransaction
tx-249-C529456580-C1686770786,ZeroedOriginBalance
tx-249-C688548413-C1596175198,FraudTransaction
tx-249-C688548413-C1596175198,ZeroedOriginBalance
tx-249-C2020495090-C650699445,FraudTransaction
tx-249-C2020495090-C650699445,ZeroedOriginBalance
tx-249-C2020495090-C650699445,RepeatedFraudDestination
tx-249-C960265779-C283472734,FraudTransaction
tx-249-C960265779-C283472734,ZeroedOriginBalance
tx-249-C352513989-C1452040424,FraudTransaction
tx-249-C352513989-C1452040424,ZeroedOriginBalance
tx-249-C1100390301-C989495920,FraudTransaction
tx-249-C1100390301-C989495920,HighAmountTransfer
tx-249-C1100390301-C989495920,ZeroedOriginBalance
tx-249-C1108045976-C50003674,FraudTransaction
tx-249-C1108045976-C50003674,HighAmountTransfer
tx-249-C1108045976-C50003674,ZeroedOriginBalance
tx-249-C1739469396-C774459296,FraudTransaction
tx-249-C1739469396-C774459296,ZeroedOriginBalance
tx-249-C1549789075-C255083799,FraudTransaction
tx-249-C1549789075-C255083799,ZeroedOriginBalance
tx-249-C1621453124-C1530549308,FraudTransaction
tx-249-C1621453124-C1530549308,ZeroedOriginBalance
tx-249-C1376413283-C1914468844,FraudTransaction
tx-249-C1376413283-C1914468844,ZeroedOriginBalance
tx-249-C2071602509-C39886288,FraudTransaction
tx-249-C2071602509-C39886288,HighAmountTransfer
tx-249-C1919400809-C1527429194,FraudTransaction
tx-249-C1919400809-C1527429194,HighAmountTransfer
tx-249-C1919400809-C1527429194,ZeroedOriginBalance
tx-249-C1078417563-C861191162,FraudTransaction
tx-249-C1078417563-C861191162,HighAmountTransfer
tx-249-C1078417563-C861191162,ZeroedOriginBalance
tx-249-C112330244-C1382644592,FraudTransaction
tx-249-C112330244-C1382644592,HighAmountTransfer
tx-249-C112330244-C1382644592,ZeroedOriginBalance
tx-250-C279104930-C1291302412,FraudTransaction
tx-250-C279104930-C1291302412,ZeroedOriginBalance
tx-250-C1207384939-C1335051776,FraudTransaction
tx-250-C1207384939-C1335051776,ZeroedOriginBalance
tx-250-C848070944-C29887493,FraudTransaction
tx-250-C848070944-C29887493,ZeroedOriginBalance
tx-250-C1263272342-C744918576,FraudTransaction
tx-250-C1263272342-C744918576,ZeroedOriginBalance
tx-250-C875158937-C1362630916,FraudTransaction
tx-250-C875158937-C1362630916,ZeroedOriginBalance
tx-250-C37928805-C377777926,FraudTransaction
tx-250-C37928805-C377777926,ZeroedOriginBalance
tx-250-C942132935-C90395861,FraudTransaction
tx-250-C942132935-C90395861,ZeroedOriginBalance
tx-250-C1228128908-C250338207,FraudTransaction
tx-250-C1228128908-C250338207,ZeroedOriginBalance
tx-250-C895602410-C701578249,FraudTransaction
tx-250-C895602410-C701578249,HighAmountTransfer
tx-250-C895602410-C701578249,ZeroedOriginBalance
tx-250-C1113922193-C643624257,FraudTransaction
tx-250-C1113922193-C643624257,HighAmountTransfer
tx-250-C1113922193-C643624257,ZeroedOriginBalance
tx-250-C1113922193-C643624257,RepeatedFraudDestination
tx-250-C1034306839-C1979293202,FraudTransaction
tx-250-C1034306839-C1979293202,ZeroedOriginBalance
tx-250-C605707294-C869819387,FraudTransaction
tx-250-C605707294-C869819387,ZeroedOriginBalance
tx-250-C1442710040-C1844625482,FraudTransaction
tx-250-C1442710040-C1844625482,ZeroedOriginBalance
tx-250-C1507330764-C51866354,FraudTransaction
tx-250-C1507330764-C51866354,ZeroedOriginBalance
tx-250-C395312314-C554878096,FraudTransaction
tx-250-C395312314-C554878096,HighAmountTransfer
tx-250-C619552920-C1630566944,FraudTransaction
tx-250-C619552920-C1630566944,HighAmountTransfer
tx-250-C619552920-C1630566944,ZeroedOriginBalance
tx-250-C2099141021-C1733297456,FraudTransaction
tx-250-C2099141021-C1733297456,HighAmountTransfer
tx-250-C1877358148-C709815552,FraudTransaction
tx-250-C1877358148-C709815552,HighAmountTransfer
tx-250-C1877358148-C709815552,ZeroedOriginBalance
tx-250-C124022062-C2049633025,FraudTransaction
tx-250-C124022062-C2049633025,HighAmountTransfer
tx-250-C1321526330-C120368346,FraudTransaction
tx-250-C1321526330-C120368346,HighAmountTransfer
tx-250-C1321526330-C120368346,ZeroedOriginBalance
tx-250-C1100582606-C1147517658,FraudTransaction
tx-250-C1100582606-C1147517658,HighAmountTransfer
tx-250-C521393327-C480398193,FraudTransaction
tx-251-C1112360108-C1241281307,FraudTransaction
tx-251-C1112360108-C1241281307,HighAmountTransfer
tx-251-C1112360108-C1241281307,ZeroedOriginBalance
tx-251-C1880773458-C2102473649,FraudTransaction
tx-251-C1880773458-C2102473649,HighAmountTransfer
tx-251-C1880773458-C2102473649,ZeroedOriginBalance
tx-251-C1397090856-C2119085039,FraudTransaction
tx-251-C1397090856-C2119085039,ZeroedOriginBalance
tx-251-C1514359401-C648222182,FraudTransaction
tx-251-C1514359401-C648222182,ZeroedOriginBalance
tx-251-C106888185-C299512906,FraudTransaction
tx-251-C106888185-C299512906,ZeroedOriginBalance
tx-251-C1458675534-C1324801555,FraudTransaction
tx-251-C1458675534-C1324801555,ZeroedOriginBalance
tx-251-C145364-C312230940,FraudTransaction
tx-251-C145364-C312230940,ZeroedOriginBalance
tx-251-C859655738-C901559615,FraudTransaction
tx-251-C859655738-C901559615,ZeroedOriginBalance
tx-251-C2141912199-C598875397,FraudTransaction
tx-251-C2141912199-C598875397,HighAmountTransfer
tx-251-C2141912199-C598875397,ZeroedOriginBalance
tx-251-C1734542824-C1750548903,FraudTransaction
tx-251-C1734542824-C1750548903,HighAmountTransfer
tx-251-C1734542824-C1750548903,ZeroedOriginBalance
tx-252-C376760344-C1713255424,FraudTransaction
tx-252-C376760344-C1713255424,ZeroedOriginBalance
tx-252-C225711699-C1787012776,FraudTransaction
tx-252-C225711699-C1787012776,ZeroedOriginBalance
tx-253-C1283193575-C1577097476,FraudTransaction
tx-253-C1283193575-C1577097476,ZeroedOriginBalance
tx-253-C1587643191-C1346914355,FraudTransaction
tx-253-C1587643191-C1346914355,ZeroedOriginBalance
tx-253-C787232450-C257156867,FraudTransaction
tx-253-C787232450-C257156867,ZeroedOriginBalance
tx-253-C418787765-C492603644,FraudTransaction
tx-253-C418787765-C492603644,ZeroedOriginBalance
tx-253-C1044222858-C2146789865,FraudTransaction
tx-253-C1044222858-C2146789865,ZeroedOriginBalance
tx-253-C294300042-C1850704979,FraudTransaction
tx-253-C294300042-C1850704979,ZeroedOriginBalance
tx-253-C1968388309-C752698440,FraudTransaction
tx-253-C1968388309-C752698440,ZeroedOriginBalance
tx-253-C1163700291-C1766231137,FraudTransaction
tx-253-C1163700291-C1766231137,ZeroedOriginBalance
tx-253-C549084804-C47190955,FraudTransaction
tx-253-C549084804-C47190955,HighAmountTransfer
tx-253-C549084804-C47190955,ZeroedOriginBalance
tx-253-C445430208-C267089577,FraudTransaction
tx-253-C445430208-C267089577,HighAmountTransfer
tx-253-C445430208-C267089577,ZeroedOriginBalance
tx-254-C1521707504-C1498366839,FraudTransaction
tx-254-C1521707504-C1498366839,ZeroedOriginBalance
tx-254-C1726606589-C1644592239,FraudTransaction
tx-254-C1726606589-C1644592239,ZeroedOriginBalance
tx-254-C1654923779-C931026278,FraudTransaction
tx-254-C1654923779-C931026278,ZeroedOriginBalance
tx-254-C1231160667-C1547240563,FraudTransaction
tx-254-C1231160667-C1547240563,ZeroedOriginBalance
tx-254-C747760381-C2069990042,FraudTransaction
tx-254-C747760381-C2069990042,ZeroedOriginBalance
tx-254-C1985193615-C967226405,FraudTransaction
tx-254-C1985193615-C967226405,ZeroedOriginBalance
tx-254-C1985193615-C967226405,RepeatedFraudDestination
tx-254-C552626823-C119810144,FraudTransaction
tx-254-C552626823-C119810144,ZeroedOriginBalance
tx-254-C72000056-C261355078,FraudTransaction
tx-254-C72000056-C261355078,ZeroedOriginBalance
tx-254-C305749305-C1981629622,FraudTransaction
tx-254-C305749305-C1981629622,ZeroedOriginBalance
tx-254-C1424387-C2022734417,FraudTransaction
tx-254-C1424387-C2022734417,ZeroedOriginBalance
tx-255-C519675576-C1580883487,FraudTransaction
tx-255-C519675576-C1580883487,ZeroedOriginBalance
tx-255-C687551881-C1460854172,FraudTransaction
tx-255-C687551881-C1460854172,ZeroedOriginBalance
tx-255-C687551881-C1460854172,RepeatedFraudDestination
tx-255-C275419621-C771768546,FraudTransaction
tx-255-C275419621-C771768546,ZeroedOriginBalance
tx-255-C603417156-C1530198582,FraudTransaction
tx-255-C603417156-C1530198582,ZeroedOriginBalance
tx-255-C1993122780-C1852949479,FraudTransaction
tx-255-C1993122780-C1852949479,ZeroedOriginBalance
tx-255-C1713593836-C1707908238,FraudTransaction
tx-255-C1713593836-C1707908238,ZeroedOriginBalance
tx-255-C570339054-C1608997043,FraudTransaction
tx-255-C570339054-C1608997043,ZeroedOriginBalance
tx-255-C1394122484-C1271826581,FraudTransaction
tx-255-C1394122484-C1271826581,ZeroedOriginBalance
tx-256-C1983750370-C381637925,FraudTransaction
tx-256-C1983750370-C381637925,HighAmountTransfer
tx-256-C1983750370-C381637925,ZeroedOriginBalance
tx-256-C887693253-C1459698370,FraudTransaction
tx-256-C887693253-C1459698370,HighAmountTransfer
tx-256-C887693253-C1459698370,ZeroedOriginBalance
tx-256-C727542577-C2002670560,FraudTransaction
tx-256-C727542577-C2002670560,ZeroedOriginBalance
tx-256-C1214281287-C1355955638,FraudTransaction
tx-256-C1214281287-C1355955638,ZeroedOriginBalance
tx-256-C1965921392-C180655933,FraudTransaction
tx-256-C1965921392-C180655933,ZeroedOriginBalance
tx-256-C891040808-C1410026148,FraudTransaction
tx-256-C891040808-C1410026148,ZeroedOriginBalance
tx-256-C947315292-C1485351052,FraudTransaction
tx-256-C947315292-C1485351052,ZeroedOriginBalance
tx-256-C40915366-C1875866923,FraudTransaction
tx-256-C40915366-C1875866923,ZeroedOriginBalance
tx-257-C1782191241-C1635501277,FraudTransaction
tx-257-C1782191241-C1635501277,ZeroedOriginBalance
tx-257-C783357937-C2142384602,FraudTransaction
tx-257-C783357937-C2142384602,ZeroedOriginBalance
tx-257-C981450305-C1358922022,FraudTransaction
tx-257-C981450305-C1358922022,ZeroedOriginBalance
tx-257-C1587006115-C1968237012,FraudTransaction
tx-257-C1587006115-C1968237012,ZeroedOriginBalance
tx-257-C1632129790-C1449704632,FraudTransaction
tx-257-C1632129790-C1449704632,HighAmountTransfer
tx-257-C1632129790-C1449704632,ZeroedOriginBalance
tx-257-C103717157-C909346905,FraudTransaction
tx-257-C103717157-C909346905,HighAmountTransfer
tx-257-C103717157-C909346905,ZeroedOriginBalance
tx-258-C1778045793-C525875414,FraudTransaction
tx-258-C1778045793-C525875414,ZeroedOriginBalance
tx-258-C1328801948-C1815131206,FraudTransaction
tx-258-C1328801948-C1815131206,ZeroedOriginBalance
tx-258-C236282948-C489338831,FraudTransaction
tx-258-C236282948-C489338831,ZeroedOriginBalance
tx-258-C1053462469-C1795508920,FraudTransaction
tx-258-C1053462469-C1795508920,ZeroedOriginBalance
tx-258-C1988413338-C627945196,FraudTransaction
tx-258-C1988413338-C627945196,HighAmountTransfer
tx-258-C1988413338-C627945196,ZeroedOriginBalance
tx-258-C1423321917-C1442224179,FraudTransaction
tx-258-C1423321917-C1442224179,HighAmountTransfer
tx-258-C1423321917-C1442224179,ZeroedOriginBalance
tx-258-C1716255280-C79653418,FraudTransaction
tx-258-C1716255280-C79653418,ZeroedOriginBalance
tx-258-C1842567543-C211836732,FraudTransaction
tx-258-C1842567543-C211836732,ZeroedOriginBalance
tx-259-C1584301839-C1727119878,FraudTransaction
tx-259-C1584301839-C1727119878,HighAmountTransfer
tx-259-C1584301839-C1727119878,ZeroedOriginBalance
tx-259-C1812490889-C1544763161,FraudTransaction
tx-259-C1812490889-C1544763161,HighAmountTransfer
tx-259-C1812490889-C1544763161,ZeroedOriginBalance
tx-259-C1428068885-C883314013,FraudTransaction
tx-259-C1428068885-C883314013,ZeroedOriginBalance
tx-259-C1541771460-C1704088171,FraudTransaction
tx-259-C1541771460-C1704088171,ZeroedOriginBalance
tx-259-C1431303574-C141288086,FraudTransaction
tx-259-C1431303574-C141288086,ZeroedOriginBalance
tx-259-C500674930-C1607889620,FraudTransaction
tx-259-C500674930-C1607889620,ZeroedOriginBalance
tx-259-C1429503291-C1044014885,FraudTransaction
tx-259-C1429503291-C1044014885,ZeroedOriginBalance
tx-259-C1968752639-C2133429010,FraudTransaction
tx-259-C1968752639-C2133429010,ZeroedOriginBalance
tx-259-C840630111-C825235440,FraudTransaction
tx-259-C840630111-C825235440,HighAmountTransfer
tx-259-C840630111-C825235440,ZeroedOriginBalance
tx-259-C1990417727-C1223937106,FraudTransaction
tx-259-C1990417727-C1223937106,HighAmountTransfer
tx-259-C1990417727-C1223937106,ZeroedOriginBalance
tx-260-C415054779-C20386359,FraudTransaction
tx-260-C415054779-C20386359,ZeroedOriginBalance
tx-260-C1894714904-C1090918715,FraudTransaction
tx-260-C1894714904-C1090918715,ZeroedOriginBalance
tx-260-C1799904347-C1817199105,FraudTransaction
tx-260-C1799904347-C1817199105,HighAmountTransfer
tx-260-C1278796725-C417213297,FraudTransaction
tx-260-C1278796725-C417213297,HighAmountTransfer
tx-260-C1278796725-C417213297,ZeroedOriginBalance
tx-260-C851065850-C1996124584,FraudTransaction
tx-260-C851065850-C1996124584,ZeroedOriginBalance
tx-260-C581522793-C1670620852,FraudTransaction
tx-260-C581522793-C1670620852,ZeroedOriginBalance
tx-260-C358038381-C1806358592,FraudTransaction
tx-260-C358038381-C1806358592,ZeroedOriginBalance
tx-260-C148215459-C169598416,FraudTransaction
tx-260-C148215459-C169598416,ZeroedOriginBalance
tx-260-C211401092-C81585635,FraudTransaction
tx-260-C211401092-C81585635,ZeroedOriginBalance
tx-260-C1809361448-C1711814991,FraudTransaction
tx-260-C1809361448-C1711814991,ZeroedOriginBalance
tx-260-C1485613101-C397739299,FraudTransaction
tx-260-C1485613101-C397739299,HighAmountTransfer
tx-260-C1485613101-C397739299,ZeroedOriginBalance
tx-260-C17870584-C705444596,FraudTransaction
tx-260-C17870584-C705444596,HighAmountTransfer
tx-260-C17870584-C705444596,ZeroedOriginBalance
tx-261-C1374344025-C717552851,FraudTransaction
tx-261-C1374344025-C717552851,ZeroedOriginBalance
tx-261-C959540138-C388401160,FraudTransaction
tx-261-C959540138-C388401160,ZeroedOriginBalance
tx-261-C1607707310-C1422177291,FraudTransaction
tx-261-C1607707310-C1422177291,HighAmountTransfer
tx-261-C1607707310-C1422177291,ZeroedOriginBalance
tx-261-C1088706462-C717389444,FraudTransaction
tx-261-C1088706462-C717389444,HighAmountTransfer
tx-261-C1088706462-C717389444,ZeroedOriginBalance
tx-261-C1808233473-C333956896,FraudTransaction
tx-261-C1808233473-C333956896,ZeroedOriginBalance
tx-261-C1238222970-C1897803882,FraudTransaction
tx-261-C1238222970-C1897803882,ZeroedOriginBalance
tx-261-C972876081-C950017248,FraudTransaction
tx-261-C972876081-C950017248,HighAmountTransfer
tx-261-C972876081-C950017248,ZeroedOriginBalance
tx-261-C2036950441-C1421192075,FraudTransaction
tx-261-C2036950441-C1421192075,HighAmountTransfer
tx-261-C2036950441-C1421192075,ZeroedOriginBalance
tx-261-C306323012-C1137288275,FraudTransaction
tx-261-C306323012-C1137288275,ZeroedOriginBalance
tx-261-C1415552520-C1498741927,FraudTransaction
tx-261-C1415552520-C1498741927,ZeroedOriginBalance
tx-261-C998015371-C1009679725,FraudTransaction
tx-261-C998015371-C1009679725,HighAmountTransfer
tx-261-C998015371-C1009679725,ZeroedOriginBalance
tx-261-C1696166614-C1922343800,FraudTransaction
tx-261-C1696166614-C1922343800,HighAmountTransfer
tx-261-C1696166614-C1922343800,ZeroedOriginBalance
tx-261-C60530886-C1454703841,FraudTransaction
tx-261-C60530886-C1454703841,HighAmountTransfer
tx-261-C60530886-C1454703841,ZeroedOriginBalance
tx-261-C125995436-C256790,FraudTransaction
tx-261-C125995436-C256790,HighAmountTransfer
tx-261-C125995436-C256790,ZeroedOriginBalance
tx-261-C160052939-C671509828,FraudTransaction
tx-261-C160052939-C671509828,ZeroedOriginBalance
tx-261-C1770613514-C177359070,FraudTransaction
tx-261-C1770613514-C177359070,ZeroedOriginBalance
tx-261-C1420583441-C1377219388,FraudTransaction
tx-261-C1420583441-C1377219388,ZeroedOriginBalance
tx-261-C535182399-C1176693072,FraudTransaction
tx-261-C535182399-C1176693072,ZeroedOriginBalance
tx-261-C23700491-C2007086276,FraudTransaction
tx-261-C23700491-C2007086276,ZeroedOriginBalance
tx-261-C1549709638-C450452025,FraudTransaction
tx-261-C1549709638-C450452025,ZeroedOriginBalance
tx-262-C1271087457-C1017401472,FraudTransaction
tx-262-C1271087457-C1017401472,ZeroedOriginBalance
tx-262-C91830551-C1577387180,FraudTransaction
tx-262-C91830551-C1577387180,ZeroedOriginBalance
tx-262-C2075471030-C2138615216,FraudTransaction
tx-262-C2075471030-C2138615216,HighAmountTransfer
tx-262-C2075471030-C2138615216,ZeroedOriginBalance
tx-262-C2138906763-C717398565,FraudTransaction
tx-262-C2138906763-C717398565,HighAmountTransfer
tx-262-C2138906763-C717398565,ZeroedOriginBalance
tx-262-C1000331499-C1778895918,FraudTransaction
tx-262-C1000331499-C1778895918,HighAmountTransfer
tx-262-C1000331499-C1778895918,ZeroedOriginBalance
tx-262-C1267813082-C1805553546,FraudTransaction
tx-262-C1267813082-C1805553546,HighAmountTransfer
tx-262-C1267813082-C1805553546,ZeroedOriginBalance
tx-262-C456316207-C1903974200,FraudTransaction
tx-262-C456316207-C1903974200,HighAmountTransfer
tx-262-C456316207-C1903974200,ZeroedOriginBalance
tx-262-C625254221-C933591789,FraudTransaction
tx-262-C625254221-C933591789,HighAmountTransfer
tx-262-C625254221-C933591789,ZeroedOriginBalance
tx-262-C1956897867-C716184837,FraudTransaction
tx-262-C1956897867-C716184837,ZeroedOriginBalance
tx-262-C1592579801-C1306965361,FraudTransaction
tx-262-C1592579801-C1306965361,ZeroedOriginBalance
tx-262-C366677925-C1433310823,FraudTransaction
tx-262-C366677925-C1433310823,ZeroedOriginBalance
tx-262-C363777689-C1766850055,FraudTransaction
tx-262-C363777689-C1766850055,ZeroedOriginBalance
tx-262-C1211163896-C1493086567,FraudTransaction
tx-262-C1211163896-C1493086567,ZeroedOriginBalance
tx-262-C90566607-C584575879,FraudTransaction
tx-262-C90566607-C584575879,ZeroedOriginBalance
tx-262-C1908083976-C433026096,FraudTransaction
tx-262-C1908083976-C433026096,ZeroedOriginBalance
tx-262-C1513903676-C903739271,FraudTransaction
tx-262-C1513903676-C903739271,ZeroedOriginBalance
tx-262-C1449539752-C1011349802,FraudTransaction
tx-262-C1449539752-C1011349802,ZeroedOriginBalance
tx-262-C272763259-C2129197098,FraudTransaction
tx-262-C272763259-C2129197098,ZeroedOriginBalance
tx-262-C272763259-C2129197098,RepeatedFraudDestination
tx-262-C1355922572-C1385531545,FraudTransaction
tx-262-C1355922572-C1385531545,ZeroedOriginBalance
tx-262-C56193098-C119224307,FraudTransaction
tx-262-C56193098-C119224307,ZeroedOriginBalance
tx-262-C767295910-C258732542,FraudTransaction
tx-262-C767295910-C258732542,HighAmountTransfer
tx-262-C767295910-C258732542,ZeroedOriginBalance
tx-262-C551410627-C1503946435,FraudTransaction
tx-262-C551410627-C1503946435,HighAmountTransfer
tx-262-C551410627-C1503946435,ZeroedOriginBalance
tx-263-C777990468-C1409823757,FraudTransaction
tx-263-C777990468-C1409823757,ZeroedOriginBalance
tx-263-C2134600514-C2074097393,FraudTransaction
tx-263-C2134600514-C2074097393,ZeroedOriginBalance
tx-263-C991455479-C1874866148,FraudTransaction
tx-263-C991455479-C1874866148,ZeroedOriginBalance
tx-263-C243815922-C227208955,FraudTransaction
tx-263-C243815922-C227208955,ZeroedOriginBalance
tx-263-C674575230-C515016195,FraudTransaction
tx-263-C674575230-C515016195,ZeroedOriginBalance
tx-263-C2036267010-C1427546569,FraudTransaction
tx-263-C2036267010-C1427546569,ZeroedOriginBalance
tx-264-C1271945104-C622968772,FraudTransaction
tx-264-C1271945104-C622968772,ZeroedOriginBalance
tx-264-C1694088723-C299259350,FraudTransaction
tx-264-C1694088723-C299259350,ZeroedOriginBalance
tx-264-C1202568375-C1928207921,FraudTransaction
tx-264-C1202568375-C1928207921,ZeroedOriginBalance
tx-264-C1801283933-C833344626,FraudTransaction
tx-264-C1801283933-C833344626,ZeroedOriginBalance
tx-264-C1550599239-C993958869,FraudTransaction
tx-264-C1550599239-C993958869,ZeroedOriginBalance
tx-264-C1939262024-C239252386,FraudTransaction
tx-264-C1939262024-C239252386,ZeroedOriginBalance
tx-264-C1985672054-C1670823514,FraudTransaction
tx-264-C1985672054-C1670823514,HighAmountTransfer
tx-264-C1985672054-C1670823514,ZeroedOriginBalance
tx-264-C1163253466-C1720852348,FraudTransaction
tx-264-C1163253466-C1720852348,HighAmountTransfer
tx-264-C1163253466-C1720852348,ZeroedOriginBalance
tx-265-C1772129702-C42065364,FraudTransaction
tx-265-C1772129702-C42065364,ZeroedOriginBalance
tx-265-C1764187305-C21991437,FraudTransaction
tx-265-C1764187305-C21991437,ZeroedOriginBalance
tx-265-C1684685440-C98246115,FraudTransaction
tx-265-C1684685440-C98246115,ZeroedOriginBalance
tx-265-C442707835-C473607124,FraudTransaction
tx-265-C442707835-C473607124,ZeroedOriginBalance
tx-265-C1151204098-C1798298818,FraudTransaction
tx-265-C1151204098-C1798298818,ZeroedOriginBalance
tx-265-C2064752360-C879593477,FraudTransaction
tx-265-C2064752360-C879593477,ZeroedOriginBalance
tx-265-C985192953-C291644544,FraudTransaction
tx-265-C985192953-C291644544,ZeroedOriginBalance
tx-265-C1389553281-C372435481,FraudTransaction
tx-265-C1389553281-C372435481,ZeroedOriginBalance
tx-265-C111386253-C833883362,FraudTransaction
tx-265-C111386253-C833883362,HighAmountTransfer
tx-265-C111386253-C833883362,ZeroedOriginBalance
tx-265-C663685231-C1288873537,FraudTransaction
tx-265-C663685231-C1288873537,HighAmountTransfer
tx-265-C663685231-C1288873537,ZeroedOriginBalance
tx-265-C1616758519-C96929934,FraudTransaction
tx-265-C1616758519-C96929934,HighAmountTransfer
tx-265-C1616758519-C96929934,ZeroedOriginBalance
tx-265-C533511520-C226077337,FraudTransaction
tx-265-C533511520-C226077337,HighAmountTransfer
tx-265-C533511520-C226077337,ZeroedOriginBalance
tx-266-C543601110-C271369979,FraudTransaction
tx-266-C543601110-C271369979,HighAmountTransfer
tx-266-C543601110-C271369979,ZeroedOriginBalance
tx-266-C951381310-C1006459134,FraudTransaction
tx-266-C951381310-C1006459134,HighAmountTransfer
tx-266-C951381310-C1006459134,ZeroedOriginBalance
tx-266-C1749184895-C1827220106,FraudTransaction
tx-266-C1749184895-C1827220106,HighAmountTransfer
tx-266-C122340101-C1220405366,FraudTransaction
tx-266-C122340101-C1220405366,HighAmountTransfer
tx-266-C122340101-C1220405366,ZeroedOriginBalance
tx-266-C2070647495-C1808278362,FraudTransaction
tx-266-C2070647495-C1808278362,HighAmountTransfer
tx-266-C1096385925-C1423246212,FraudTransaction
tx-266-C1096385925-C1423246212,HighAmountTransfer
tx-266-C1096385925-C1423246212,ZeroedOriginBalance
tx-266-C988536152-C2025332798,FraudTransaction
tx-266-C988536152-C2025332798,HighAmountTransfer
tx-266-C988536152-C2025332798,ZeroedOriginBalance
tx-266-C1802007531-C1174309480,FraudTransaction
tx-266-C1802007531-C1174309480,HighAmountTransfer
tx-266-C1802007531-C1174309480,ZeroedOriginBalance
tx-266-C1582000733-C1395248561,FraudTransaction
tx-266-C1582000733-C1395248561,HighAmountTransfer
tx-266-C1582000733-C1395248561,ZeroedOriginBalance
tx-266-C1300574911-C952807483,FraudTransaction
tx-266-C1300574911-C952807483,HighAmountTransfer
tx-266-C1300574911-C952807483,ZeroedOriginBalance
tx-267-C656737839-C679697619,FraudTransaction
tx-267-C656737839-C679697619,HighAmountTransfer
tx-267-C656737839-C679697619,ZeroedOriginBalance
tx-267-C1415942962-C1560476015,FraudTransaction
tx-267-C1415942962-C1560476015,HighAmountTransfer
tx-267-C1415942962-C1560476015,ZeroedOriginBalance
tx-267-C894928448-C759753598,FraudTransaction
tx-267-C894928448-C759753598,ZeroedOriginBalance
tx-267-C689652584-C1429618952,FraudTransaction
tx-267-C689652584-C1429618952,ZeroedOriginBalance
tx-267-C1376942715-C2065571407,FraudTransaction
tx-267-C1376942715-C2065571407,HighAmountTransfer
tx-267-C1376942715-C2065571407,ZeroedOriginBalance
tx-267-C34669329-C1107140692,FraudTransaction
tx-267-C34669329-C1107140692,HighAmountTransfer
tx-267-C34669329-C1107140692,ZeroedOriginBalance
tx-267-C1370085660-C1118723895,FraudTransaction
tx-267-C1370085660-C1118723895,HighAmountTransfer
tx-267-C1370085660-C1118723895,ZeroedOriginBalance
tx-267-C2122806908-C1546411648,FraudTransaction
tx-267-C2122806908-C1546411648,HighAmountTransfer
tx-267-C2122806908-C1546411648,ZeroedOriginBalance
tx-268-C1998076777-C1122874566,FraudTransaction
tx-268-C1998076777-C1122874566,HighAmountTransfer
tx-268-C1998076777-C1122874566,ZeroedOriginBalance
tx-268-C10511157-C830333385,FraudTransaction
tx-268-C10511157-C830333385,HighAmountTransfer
tx-268-C10511157-C830333385,ZeroedOriginBalance
tx-268-C526265092-C217951439,FraudTransaction
tx-268-C526265092-C217951439,HighAmountTransfer
tx-268-C526265092-C217951439,ZeroedOriginBalance
tx-268-C1513064965-C1686203571,FraudTransaction
tx-268-C1513064965-C1686203571,HighAmountTransfer
tx-268-C1513064965-C1686203571,ZeroedOriginBalance
tx-268-C390809517-C1817850202,FraudTransaction
tx-268-C390809517-C1817850202,ZeroedOriginBalance
tx-268-C1233845935-C899674207,FraudTransaction
tx-268-C1233845935-C899674207,ZeroedOriginBalance
tx-269-C1014298205-C668046170,FraudTransaction
tx-269-C1014298205-C668046170,HighAmountTransfer
tx-269-C1014298205-C668046170,RepeatedFraudDestination
tx-269-C697650903-C2108353776,FraudTransaction
tx-269-C697650903-C2108353776,HighAmountTransfer
tx-269-C697650903-C2108353776,ZeroedOriginBalance
tx-269-C1680736871-C880626783,FraudTransaction
tx-269-C1680736871-C880626783,HighAmountTransfer
tx-269-C1680736871-C880626783,ZeroedOriginBalance
tx-269-C2052061131-C1761711704,FraudTransaction
tx-269-C2052061131-C1761711704,HighAmountTransfer
tx-269-C2052061131-C1761711704,ZeroedOriginBalance
tx-269-C1627918307-C1636966593,FraudTransaction
tx-269-C1627918307-C1636966593,ZeroedOriginBalance
tx-269-C99220125-C1618535858,FraudTransaction
tx-269-C99220125-C1618535858,ZeroedOriginBalance
tx-269-C1804135110-C1940873838,FraudTransaction
tx-269-C1804135110-C1940873838,ZeroedOriginBalance
tx-269-C1388837580-C685030137,FraudTransaction
tx-269-C1388837580-C685030137,ZeroedOriginBalance
tx-269-C1930526816-C1608920091,FraudTransaction
tx-269-C1930526816-C1608920091,ZeroedOriginBalance
tx-269-C963027341-C1041024093,FraudTransaction
tx-269-C963027341-C1041024093,ZeroedOriginBalance
tx-269-C353673917-C1556017214,FraudTransaction
tx-269-C353673917-C1556017214,HighAmountTransfer
tx-269-C353673917-C1556017214,ZeroedOriginBalance
tx-269-C2028485449-C1970513105,FraudTransaction
tx-269-C2028485449-C1970513105,HighAmountTransfer
tx-269-C2028485449-C1970513105,ZeroedOriginBalance
tx-269-C117810868-C1738568883,FraudTransaction
tx-269-C117810868-C1738568883,ZeroedOriginBalance
tx-269-C191042832-C302294633,FraudTransaction
tx-269-C191042832-C302294633,ZeroedOriginBalance
tx-270-C318040241-C995250059,FraudTransaction
tx-270-C318040241-C995250059,ZeroedOriginBalance
tx-270-C521408654-C1512688061,FraudTransaction
tx-270-C521408654-C1512688061,ZeroedOriginBalance
tx-270-C1664606481-C1000039615,FraudTransaction
tx-270-C1664606481-C1000039615,ZeroedOriginBalance
tx-270-C887694892-C159277723,FraudTransaction
tx-270-C887694892-C159277723,ZeroedOriginBalance
tx-270-C23978336-C1766457372,FraudTransaction
tx-270-C23978336-C1766457372,ZeroedOriginBalance
tx-270-C1044513187-C389065516,FraudTransaction
tx-270-C1044513187-C389065516,ZeroedOriginBalance
tx-270-C1646350355-C701219396,FraudTransaction
tx-270-C1646350355-C701219396,ZeroedOriginBalance
tx-270-C520405565-C290202639,FraudTransaction
tx-270-C520405565-C290202639,ZeroedOriginBalance
tx-270-C1905022556-C279654004,FraudTransaction
tx-270-C1905022556-C279654004,HighAmountTransfer
tx-270-C1905022556-C279654004,ZeroedOriginBalance
tx-270-C1609371351-C617888697,FraudTransaction
tx-270-C1609371351-C617888697,HighAmountTransfer
tx-270-C1609371351-C617888697,ZeroedOriginBalance
tx-270-C925134065-C1757598776,FraudTransaction
tx-270-C925134065-C1757598776,ZeroedOriginBalance
tx-270-C243815682-C1575356440,FraudTransaction
tx-270-C243815682-C1575356440,ZeroedOriginBalance
tx-270-C497404985-C1272345661,FraudTransaction
tx-270-C497404985-C1272345661,ZeroedOriginBalance
tx-270-C705295084-C657474312,FraudTransaction
tx-270-C705295084-C657474312,ZeroedOriginBalance
tx-270-C1046364344-C1582493595,FraudTransaction
tx-270-C1046364344-C1582493595,ZeroedOriginBalance
tx-270-C1924280884-C1283027953,FraudTransaction
tx-270-C1924280884-C1283027953,ZeroedOriginBalance
tx-271-C1103494239-C416462822,FraudTransaction
tx-271-C1103494239-C416462822,HighAmountTransfer
tx-271-C1103494239-C416462822,ZeroedOriginBalance
tx-271-C616491033-C324653076,FraudTransaction
tx-271-C616491033-C324653076,HighAmountTransfer
tx-271-C616491033-C324653076,ZeroedOriginBalance
tx-271-C1813153162-C1755920310,FraudTransaction
tx-271-C1813153162-C1755920310,ZeroedOriginBalance
tx-271-C790384924-C348795905,FraudTransaction
tx-271-C790384924-C348795905,ZeroedOriginBalance
tx-271-C444350674-C915237822,FraudTransaction
tx-271-C444350674-C915237822,ZeroedOriginBalance
tx-271-C1525181002-C2001058304,FraudTransaction
tx-271-C1525181002-C2001058304,ZeroedOriginBalance
tx-271-C573479496-C809970708,FraudTransaction
tx-271-C573479496-C809970708,ZeroedOriginBalance
tx-271-C1870117792-C225616697,FraudTransaction
tx-271-C1870117792-C225616697,ZeroedOriginBalance
tx-271-C393546828-C516790131,FraudTransaction
tx-271-C393546828-C516790131,HighAmountTransfer
tx-271-C393546828-C516790131,ZeroedOriginBalance
tx-271-C240557778-C340123117,FraudTransaction
tx-271-C240557778-C340123117,HighAmountTransfer
tx-271-C240557778-C340123117,ZeroedOriginBalance
tx-271-C1492957578-C296774789,FraudTransaction
tx-271-C1492957578-C296774789,HighAmountTransfer
tx-271-C1492957578-C296774789,ZeroedOriginBalance
tx-271-C168076174-C735369165,FraudTransaction
tx-271-C168076174-C735369165,HighAmountTransfer
tx-271-C168076174-C735369165,ZeroedOriginBalance
tx-272-C892131822-C844865785,FraudTransaction
tx-272-C892131822-C844865785,ZeroedOriginBalance
tx-272-C255226263-C670534331,FraudTransaction
tx-272-C255226263-C670534331,ZeroedOriginBalance
tx-272-C851163410-C266966144,FraudTransaction
tx-272-C851163410-C266966144,ZeroedOriginBalance
tx-272-C495744024-C142420286,FraudTransaction
tx-272-C495744024-C142420286,ZeroedOriginBalance
tx-272-C41354044-C1312570862,FraudTransaction
tx-272-C41354044-C1312570862,HighAmountTransfer
tx-272-C41354044-C1312570862,ZeroedOriginBalance
tx-272-C404738794-C1742374536,FraudTransaction
tx-272-C404738794-C1742374536,HighAmountTransfer
tx-272-C404738794-C1742374536,ZeroedOriginBalance
tx-272-C1443107751-C1668585491,FraudTransaction
tx-272-C1443107751-C1668585491,ZeroedOriginBalance
tx-272-C1723448657-C413656586,FraudTransaction
tx-272-C1723448657-C413656586,ZeroedOriginBalance
tx-272-C1550662745-C1094321538,FraudTransaction
tx-272-C1550662745-C1094321538,HighAmountTransfer
tx-272-C1550662745-C1094321538,ZeroedOriginBalance
tx-272-C981675452-C679318933,FraudTransaction
tx-272-C981675452-C679318933,HighAmountTransfer
tx-272-C981675452-C679318933,ZeroedOriginBalance
tx-272-C1290569824-C771431962,FraudTransaction
tx-272-C1290569824-C771431962,ZeroedOriginBalance
tx-272-C1729423257-C1949981498,FraudTransaction
tx-272-C1729423257-C1949981498,ZeroedOriginBalance
tx-273-C1424958936-C1471537489,FraudTransaction
tx-273-C1424958936-C1471537489,ZeroedOriginBalance
tx-273-C136426142-C323730843,FraudTransaction
tx-273-C136426142-C323730843,ZeroedOriginBalance
tx-273-C727037964-C2000632199,FraudTransaction
tx-273-C727037964-C2000632199,ZeroedOriginBalance
tx-273-C1020268899-C924123297,FraudTransaction
tx-273-C1020268899-C924123297,ZeroedOriginBalance
tx-273-C1199647031-C2036177747,FraudTransaction
tx-273-C1199647031-C2036177747,ZeroedOriginBalance
tx-273-C1404020862-C1564124354,FraudTransaction
tx-273-C1404020862-C1564124354,ZeroedOriginBalance
tx-273-C1811872528-C546465873,FraudTransaction
tx-273-C1811872528-C546465873,HighAmountTransfer
tx-273-C1811872528-C546465873,ZeroedOriginBalance
tx-273-C1873441718-C1052470250,FraudTransaction
tx-273-C1873441718-C1052470250,HighAmountTransfer
tx-273-C1873441718-C1052470250,ZeroedOriginBalance
tx-273-C1724879922-C728668261,FraudTransaction
tx-273-C1724879922-C728668261,ZeroedOriginBalance
tx-273-C1792169870-C858355764,FraudTransaction
tx-273-C1792169870-C858355764,ZeroedOriginBalance
tx-273-C933352682-C796842245,FraudTransaction
tx-273-C933352682-C796842245,ZeroedOriginBalance
tx-273-C1654886923-C1932157350,FraudTransaction
tx-273-C1654886923-C1932157350,ZeroedOriginBalance
tx-273-C1947336797-C418157803,FraudTransaction
tx-273-C1947336797-C418157803,HighAmountTransfer
tx-273-C1947336797-C418157803,ZeroedOriginBalance
tx-273-C441939747-C217088344,FraudTransaction
tx-273-C441939747-C217088344,HighAmountTransfer
tx-273-C441939747-C217088344,ZeroedOriginBalance
tx-273-C847336008-C1251618677,FraudTransaction
tx-273-C847336008-C1251618677,ZeroedOriginBalance
tx-273-C1113436018-C1251576610,FraudTransaction
tx-273-C1113436018-C1251576610,ZeroedOriginBalance
tx-273-C49877168-C1235148349,FraudTransaction
tx-273-C49877168-C1235148349,HighAmountTransfer
tx-273-C49877168-C1235148349,ZeroedOriginBalance
tx-273-C227395466-C1510391871,FraudTransaction
tx-273-C227395466-C1510391871,HighAmountTransfer
tx-273-C227395466-C1510391871,ZeroedOriginBalance
tx-273-C744161547-C720253622,FraudTransaction
tx-273-C744161547-C720253622,ZeroedOriginBalance
tx-273-C1750640057-C139184111,FraudTransaction
tx-273-C1750640057-C139184111,ZeroedOriginBalance
tx-274-C1259154516-C605861761,FraudTransaction
tx-274-C1259154516-C605861761,ZeroedOriginBalance
tx-274-C1025414577-C2113218952,FraudTransaction
tx-274-C1025414577-C2113218952,ZeroedOriginBalance
tx-274-C1183327640-C290062990,FraudTransaction
tx-274-C1183327640-C290062990,ZeroedOriginBalance
tx-274-C1421336308-C1662149928,FraudTransaction
tx-274-C1421336308-C1662149928,ZeroedOriginBalance
tx-274-C1058371730-C1045155067,FraudTransaction
tx-274-C1058371730-C1045155067,ZeroedOriginBalance
tx-274-C554382574-C1058336842,FraudTransaction
tx-274-C554382574-C1058336842,ZeroedOriginBalance
tx-274-C965792626-C896468474,FraudTransaction
tx-274-C965792626-C896468474,ZeroedOriginBalance
tx-274-C1492492778-C570708188,FraudTransaction
tx-274-C1492492778-C570708188,ZeroedOriginBalance
tx-274-C194292949-C182280764,FraudTransaction
tx-274-C194292949-C182280764,ZeroedOriginBalance
tx-274-C715880605-C1214261150,FraudTransaction
tx-274-C715880605-C1214261150,ZeroedOriginBalance
tx-274-C1462703827-C961774996,FraudTransaction
tx-274-C1462703827-C961774996,HighAmountTransfer
tx-274-C1462703827-C961774996,ZeroedOriginBalance
tx-274-C362452126-C1985999765,FraudTransaction
tx-274-C362452126-C1985999765,HighAmountTransfer
tx-274-C362452126-C1985999765,ZeroedOriginBalance
tx-274-C39195818-C717479366,FraudTransaction
tx-274-C39195818-C717479366,HighAmountTransfer
tx-274-C39195818-C717479366,ZeroedOriginBalance
tx-274-C253761308-C232278551,FraudTransaction
tx-274-C253761308-C232278551,HighAmountTransfer
tx-274-C253761308-C232278551,ZeroedOriginBalance
tx-274-C1174268918-C1953342406,FraudTransaction
tx-274-C1174268918-C1953342406,ZeroedOriginBalance
tx-274-C227922005-C21837280,FraudTransaction
tx-274-C227922005-C21837280,ZeroedOriginBalance
tx-274-C10982843-C803239144,FraudTransaction
tx-274-C10982843-C803239144,ZeroedOriginBalance
tx-274-C1587381716-C228027702,FraudTransaction
tx-274-C1587381716-C228027702,ZeroedOriginBalance
tx-274-C837087174-C2003416160,FraudTransaction
tx-274-C837087174-C2003416160,ZeroedOriginBalance
tx-274-C281479258-C1702975,FraudTransaction
tx-274-C281479258-C1702975,ZeroedOriginBalance
tx-275-C498498940-C490070900,FraudTransaction
tx-275-C498498940-C490070900,ZeroedOriginBalance
tx-275-C2064037751-C1616552255,FraudTransaction
tx-275-C2064037751-C1616552255,ZeroedOriginBalance
tx-275-C1462369015-C204541509,FraudTransaction
tx-275-C1462369015-C204541509,ZeroedOriginBalance
tx-275-C765019511-C1267603990,FraudTransaction
tx-275-C765019511-C1267603990,ZeroedOriginBalance
tx-275-C1314353010-C1426875642,FraudTransaction
tx-275-C1314353010-C1426875642,ZeroedOriginBalance
tx-275-C1294288160-C1140210219,FraudTransaction
tx-275-C1294288160-C1140210219,ZeroedOriginBalance
tx-275-C1124374325-C460771007,FraudTransaction
tx-275-C1124374325-C460771007,HighAmountTransfer
tx-275-C1124374325-C460771007,ZeroedOriginBalance
tx-275-C877487404-C1753867292,FraudTransaction
tx-275-C877487404-C1753867292,HighAmountTransfer
tx-275-C877487404-C1753867292,ZeroedOriginBalance
tx-275-C1448180572-C669935594,FraudTransaction
tx-275-C1448180572-C669935594,HighAmountTransfer
tx-275-C1448180572-C669935594,ZeroedOriginBalance
tx-275-C234957990-C1475995578,FraudTransaction
tx-275-C234957990-C1475995578,HighAmountTransfer
tx-275-C234957990-C1475995578,ZeroedOriginBalance
tx-276-C1384810347-C1897996177,FraudTransaction
tx-276-C1384810347-C1897996177,ZeroedOriginBalance
tx-276-C34452419-C390493642,FraudTransaction
tx-276-C34452419-C390493642,ZeroedOriginBalance
tx-276-C1389870393-C745454492,FraudTransaction
tx-276-C1389870393-C745454492,HighAmountTransfer
tx-276-C1389870393-C745454492,ZeroedOriginBalance
tx-276-C1825605932-C822066250,FraudTransaction
tx-276-C1825605932-C822066250,HighAmountTransfer
tx-276-C1825605932-C822066250,ZeroedOriginBalance
tx-276-C1323434456-C934748143,FraudTransaction
tx-276-C1323434456-C934748143,HighAmountTransfer
tx-276-C1323434456-C934748143,ZeroedOriginBalance
tx-276-C805776817-C52020613,FraudTransaction
tx-276-C805776817-C52020613,HighAmountTransfer
tx-276-C805776817-C52020613,ZeroedOriginBalance
tx-276-C1409640196-C351250404,FraudTransaction
tx-276-C1409640196-C351250404,ZeroedOriginBalance
tx-276-C671609278-C1088272882,FraudTransaction
tx-276-C671609278-C1088272882,ZeroedOriginBalance
tx-276-C1295443216-C1682101725,FraudTransaction
tx-276-C1295443216-C1682101725,HighAmountTransfer
tx-276-C1295443216-C1682101725,ZeroedOriginBalance
tx-276-C808430979-C1601875596,FraudTransaction
tx-276-C808430979-C1601875596,HighAmountTransfer
tx-276-C808430979-C1601875596,ZeroedOriginBalance
tx-277-C1522760202-C509783164,FraudTransaction
tx-277-C1522760202-C509783164,ZeroedOriginBalance
tx-277-C671195185-C534450882,FraudTransaction
tx-277-C671195185-C534450882,ZeroedOriginBalance
tx-277-C1004336210-C2087942542,FraudTransaction
tx-277-C1004336210-C2087942542,ZeroedOriginBalance
tx-277-C1689100758-C689972990,FraudTransaction
tx-277-C1689100758-C689972990,ZeroedOriginBalance
tx-277-C2072045528-C519434104,FraudTransaction
tx-277-C2072045528-C519434104,ZeroedOriginBalance
tx-277-C1489954712-C1401311936,FraudTransaction
tx-277-C1489954712-C1401311936,ZeroedOriginBalance
tx-277-C395023156-C1879166409,FraudTransaction
tx-277-C395023156-C1879166409,ZeroedOriginBalance
tx-277-C353769887-C131129476,FraudTransaction
tx-277-C353769887-C131129476,ZeroedOriginBalance
tx-277-C1015599837-C1814093957,FraudTransaction
tx-277-C1015599837-C1814093957,HighAmountTransfer
tx-277-C1015599837-C1814093957,ZeroedOriginBalance
tx-277-C1970217984-C1229385284,FraudTransaction
tx-277-C1970217984-C1229385284,HighAmountTransfer
tx-277-C1970217984-C1229385284,ZeroedOriginBalance
tx-277-C688368548-C31250082,FraudTransaction
tx-277-C688368548-C31250082,ZeroedOriginBalance
tx-277-C874866527-C1141476786,FraudTransaction
tx-277-C874866527-C1141476786,ZeroedOriginBalance
tx-277-C1520262404-C622056239,FraudTransaction
tx-277-C1520262404-C622056239,ZeroedOriginBalance
tx-277-C1236437797-C1300584821,FraudTransaction
tx-277-C1236437797-C1300584821,ZeroedOriginBalance
tx-278-C1484193833-C91936186,FraudTransaction
tx-278-C1484193833-C91936186,ZeroedOriginBalance
tx-278-C1076967657-C1033435572,FraudTransaction
tx-278-C1076967657-C1033435572,ZeroedOriginBalance
tx-278-C338881900-C738144053,FraudTransaction
tx-278-C338881900-C738144053,ZeroedOriginBalance
tx-278-C412010733-C265543802,FraudTransaction
tx-278-C412010733-C265543802,ZeroedOriginBalance
tx-279-C1700633166-C1334915379,FraudTransaction
tx-279-C1700633166-C1334915379,ZeroedOriginBalance
tx-279-C158423386-C1536033650,FraudTransaction
tx-279-C158423386-C1536033650,ZeroedOriginBalance
tx-279-C500782163-C1678225992,FraudTransaction
tx-279-C500782163-C1678225992,ZeroedOriginBalance
tx-279-C362205540-C1641586450,FraudTransaction
tx-279-C362205540-C1641586450,ZeroedOriginBalance
tx-279-C2098770464-C563164631,FraudTransaction
tx-279-C2098770464-C563164631,ZeroedOriginBalance
tx-279-C1416902922-C103115426,FraudTransaction
tx-279-C1416902922-C103115426,ZeroedOriginBalance
tx-279-C1819955276-C1376329806,FraudTransaction
tx-279-C1819955276-C1376329806,ZeroedOriginBalance
tx-279-C1955555137-C1535626226,FraudTransaction
tx-279-C1955555137-C1535626226,ZeroedOriginBalance
tx-279-C548836195-C219662261,FraudTransaction
tx-279-C548836195-C219662261,ZeroedOriginBalance
tx-279-C370789557-C148096714,FraudTransaction
tx-279-C370789557-C148096714,ZeroedOriginBalance
tx-279-C1538706817-C1455294114,FraudTransaction
tx-279-C1538706817-C1455294114,ZeroedOriginBalance
tx-279-C1179343687-C517557051,FraudTransaction
tx-279-C1179343687-C517557051,ZeroedOriginBalance
tx-279-C2062481561-C935919630,FraudTransaction
tx-279-C2062481561-C935919630,HighAmountTransfer
tx-279-C1214015158-C2110157840,FraudTransaction
tx-279-C1214015158-C2110157840,HighAmountTransfer
tx-279-C1214015158-C2110157840,ZeroedOriginBalance
tx-279-C339144629-C447852930,FraudTransaction
tx-279-C339144629-C447852930,HighAmountTransfer
tx-279-C951363139-C241707602,FraudTransaction
tx-279-C951363139-C241707602,HighAmountTransfer
tx-279-C951363139-C241707602,ZeroedOriginBalance
tx-279-C898870268-C1236804041,FraudTransaction
tx-279-C898870268-C1236804041,HighAmountTransfer
tx-279-C517014062-C473496930,FraudTransaction
tx-279-C517014062-C473496930,HighAmountTransfer
tx-279-C517014062-C473496930,ZeroedOriginBalance
tx-279-C1035541766-C1100697970,FraudTransaction
tx-279-C539112012-C1106468520,FraudTransaction
tx-279-C647787340-C1915139029,FraudTransaction
tx-279-C647787340-C1915139029,ZeroedOriginBalance
tx-279-C853309342-C643624257,FraudTransaction
tx-279-C853309342-C643624257,ZeroedOriginBalance
tx-279-C853309342-C643624257,RepeatedFraudDestination
tx-280-C881015352-C1335953654,FraudTransaction
tx-280-C881015352-C1335953654,ZeroedOriginBalance
tx-280-C660472493-C1603157769,FraudTransaction
tx-280-C660472493-C1603157769,ZeroedOriginBalance
tx-280-C2005257689-C1802416227,FraudTransaction
tx-280-C2005257689-C1802416227,ZeroedOriginBalance
tx-280-C213790449-C911599712,FraudTransaction
tx-280-C213790449-C911599712,ZeroedOriginBalance
tx-281-C725405279-C2020386791,FraudTransaction
tx-281-C725405279-C2020386791,ZeroedOriginBalance
tx-281-C898552679-C1969225780,FraudTransaction
tx-281-C898552679-C1969225780,ZeroedOriginBalance
tx-281-C124602239-C1687616355,FraudTransaction
tx-281-C124602239-C1687616355,ZeroedOriginBalance
tx-281-C1378620368-C1541299335,FraudTransaction
tx-281-C1378620368-C1541299335,ZeroedOriginBalance
tx-281-C157969279-C1713731029,FraudTransaction
tx-281-C157969279-C1713731029,ZeroedOriginBalance
tx-281-C1197449290-C1092639004,FraudTransaction
tx-281-C1197449290-C1092639004,ZeroedOriginBalance
tx-281-C454501295-C1258227821,FraudTransaction
tx-281-C454501295-C1258227821,HighAmountTransfer
tx-281-C454501295-C1258227821,ZeroedOriginBalance
tx-281-C651730161-C882871292,FraudTransaction
tx-281-C651730161-C882871292,HighAmountTransfer
tx-281-C651730161-C882871292,ZeroedOriginBalance
tx-281-C1060613319-C1653587362,FraudTransaction
tx-281-C1060613319-C1653587362,HighAmountTransfer
tx-281-C1060613319-C1653587362,ZeroedOriginBalance
tx-281-C1060613319-C1653587362,RepeatedFraudDestination
tx-281-C1500009160-C1683886957,FraudTransaction
tx-281-C1500009160-C1683886957,HighAmountTransfer
tx-281-C1500009160-C1683886957,ZeroedOriginBalance
tx-281-C1660730946-C1069601920,FraudTransaction
tx-281-C1660730946-C1069601920,ZeroedOriginBalance
tx-281-C229723473-C605036987,FraudTransaction
tx-281-C229723473-C605036987,ZeroedOriginBalance
tx-281-C325102191-C1742243055,FraudTransaction
tx-281-C325102191-C1742243055,HighAmountTransfer
tx-281-C325102191-C1742243055,ZeroedOriginBalance
tx-281-C606408866-C1601170327,FraudTransaction
tx-281-C606408866-C1601170327,HighAmountTransfer
tx-281-C606408866-C1601170327,ZeroedOriginBalance
tx-281-C606408866-C1601170327,RepeatedFraudDestination
tx-281-C1352632732-C1169865879,FraudTransaction
tx-281-C1352632732-C1169865879,ZeroedOriginBalance
tx-281-C1521556505-C1224252499,FraudTransaction
tx-281-C1521556505-C1224252499,ZeroedOriginBalance
tx-281-C844803674-C958694427,FraudTransaction
tx-281-C844803674-C958694427,ZeroedOriginBalance
tx-281-C268648521-C2101174402,FraudTransaction
tx-281-C268648521-C2101174402,ZeroedOriginBalance
tx-282-C686471933-C173311273,FraudTransaction
tx-282-C686471933-C173311273,ZeroedOriginBalance
tx-282-C1778038801-C1836007959,FraudTransaction
tx-282-C1778038801-C1836007959,ZeroedOriginBalance
tx-282-C1472963046-C269798129,FraudTransaction
tx-282-C1472963046-C269798129,ZeroedOriginBalance
tx-282-C1544110341-C1942661971,FraudTransaction
tx-282-C1544110341-C1942661971,ZeroedOriginBalance
tx-282-C2008721842-C1886648323,FraudTransaction
tx-282-C2008721842-C1886648323,ZeroedOriginBalance
tx-282-C1550404479-C1582825770,FraudTransaction
tx-282-C1550404479-C1582825770,ZeroedOriginBalance
tx-282-C680495878-C958080037,FraudTransaction
tx-282-C680495878-C958080037,ZeroedOriginBalance
tx-282-C1510812683-C637384510,FraudTransaction
tx-282-C1510812683-C637384510,ZeroedOriginBalance
tx-282-C826788482-C260162600,FraudTransaction
tx-282-C826788482-C260162600,ZeroedOriginBalance
tx-282-C1171189055-C1751518274,FraudTransaction
tx-282-C1171189055-C1751518274,ZeroedOriginBalance
tx-282-C730675323-C160013718,FraudTransaction
tx-282-C730675323-C160013718,ZeroedOriginBalance
tx-282-C463234181-C1418628619,FraudTransaction
tx-282-C463234181-C1418628619,ZeroedOriginBalance
tx-282-C629586313-C1455441371,FraudTransaction
tx-282-C629586313-C1455441371,HighAmountTransfer
tx-282-C629586313-C1455441371,ZeroedOriginBalance
tx-282-C1236734783-C2102471265,FraudTransaction
tx-282-C1236734783-C2102471265,HighAmountTransfer
tx-282-C1236734783-C2102471265,ZeroedOriginBalance
tx-282-C1652182043-C1794027928,FraudTransaction
tx-282-C1652182043-C1794027928,HighAmountTransfer
tx-282-C1652182043-C1794027928,ZeroedOriginBalance
tx-282-C1858035274-C915489737,FraudTransaction
tx-282-C1858035274-C915489737,HighAmountTransfer
tx-282-C1858035274-C915489737,ZeroedOriginBalance
tx-282-C54761777-C1435233045,FraudTransaction
tx-282-C54761777-C1435233045,ZeroedOriginBalance
tx-282-C456239358-C444447676,FraudTransaction
tx-282-C456239358-C444447676,ZeroedOriginBalance
tx-283-C295983306-C581841724,FraudTransaction
tx-283-C295983306-C581841724,ZeroedOriginBalance
tx-283-C1732619853-C113661013,FraudTransaction
tx-283-C1732619853-C113661013,ZeroedOriginBalance
tx-283-C231514009-C1037718749,FraudTransaction
tx-283-C231514009-C1037718749,ZeroedOriginBalance
tx-283-C135534894-C594998336,FraudTransaction
tx-283-C135534894-C594998336,ZeroedOriginBalance
tx-283-C626512080-C559962002,FraudTransaction
tx-283-C626512080-C559962002,ZeroedOriginBalance
tx-283-C1495769147-C453749910,FraudTransaction
tx-283-C1495769147-C453749910,ZeroedOriginBalance
tx-283-C468244226-C410972619,FraudTransaction
tx-283-C468244226-C410972619,ZeroedOriginBalance
tx-283-C1586678377-C752204591,FraudTransaction
tx-283-C1586678377-C752204591,ZeroedOriginBalance
tx-284-C74627202-C452552725,FraudTransaction
tx-284-C74627202-C452552725,ZeroedOriginBalance
tx-284-C1523298482-C1232537312,FraudTransaction
tx-284-C1523298482-C1232537312,ZeroedOriginBalance
tx-284-C1574461768-C16659988,FraudTransaction
tx-284-C1574461768-C16659988,ZeroedOriginBalance
tx-284-C1679458417-C730500505,FraudTransaction
tx-284-C1679458417-C730500505,ZeroedOriginBalance
tx-284-C1890719438-C933704571,FraudTransaction
tx-284-C1890719438-C933704571,ZeroedOriginBalance
tx-284-C665302161-C274241270,FraudTransaction
tx-284-C665302161-C274241270,ZeroedOriginBalance
tx-284-C669992732-C1306515045,FraudTransaction
tx-284-C669992732-C1306515045,ZeroedOriginBalance
tx-284-C98533918-C1726841955,FraudTransaction
tx-284-C98533918-C1726841955,ZeroedOriginBalance
tx-284-C1521362379-C951883743,FraudTransaction
tx-284-C1521362379-C951883743,ZeroedOriginBalance
tx-284-C776645949-C1837471455,FraudTransaction
tx-284-C776645949-C1837471455,ZeroedOriginBalance
tx-284-C1190521661-C1567764028,FraudTransaction
tx-284-C1190521661-C1567764028,ZeroedOriginBalance
tx-284-C157484257-C2055772170,FraudTransaction
tx-284-C157484257-C2055772170,ZeroedOriginBalance
tx-284-C1340873625-C743070440,FraudTransaction
tx-284-C1340873625-C743070440,ZeroedOriginBalance
tx-284-C1513149955-C531342661,FraudTransaction
tx-284-C1513149955-C531342661,ZeroedOriginBalance
tx-284-C1358700061-C705797275,FraudTransaction
tx-284-C1358700061-C705797275,ZeroedOriginBalance
tx-284-C1268687725-C1524935695,FraudTransaction
tx-284-C1268687725-C1524935695,ZeroedOriginBalance
tx-285-C1140883229-C428749233,FraudTransaction
tx-285-C1140883229-C428749233,HighAmountTransfer
tx-285-C1140883229-C428749233,ZeroedOriginBalance
tx-285-C1510732148-C988553635,FraudTransaction
tx-285-C1510732148-C988553635,HighAmountTransfer
tx-285-C1510732148-C988553635,ZeroedOriginBalance
tx-285-C1934555881-C13171795,FraudTransaction
tx-285-C1934555881-C13171795,ZeroedOriginBalance
tx-285-C1541138179-C810413951,FraudTransaction
tx-285-C1541138179-C810413951,ZeroedOriginBalance
tx-285-C855788158-C1260877050,FraudTransaction
tx-285-C855788158-C1260877050,HighAmountTransfer
tx-285-C855788158-C1260877050,ZeroedOriginBalance
tx-285-C435417424-C1577595866,FraudTransaction
tx-285-C435417424-C1577595866,HighAmountTransfer
tx-285-C435417424-C1577595866,ZeroedOriginBalance
tx-285-C1926292993-C1181920109,FraudTransaction
tx-285-C1926292993-C1181920109,ZeroedOriginBalance
tx-285-C1972055697-C796298418,FraudTransaction
tx-285-C1972055697-C796298418,ZeroedOriginBalance
tx-285-C24910757-C1647415714,FraudTransaction
tx-285-C24910757-C1647415714,ZeroedOriginBalance
tx-285-C1569480629-C2034688327,FraudTransaction
tx-285-C1569480629-C2034688327,ZeroedOriginBalance
tx-285-C1217403648-C483706610,FraudTransaction
tx-285-C1217403648-C483706610,HighAmountTransfer
tx-285-C1217403648-C483706610,ZeroedOriginBalance
tx-285-C467140343-C1583441435,FraudTransaction
tx-285-C467140343-C1583441435,HighAmountTransfer
tx-285-C467140343-C1583441435,ZeroedOriginBalance
tx-285-C836610580-C219723061,FraudTransaction
tx-285-C836610580-C219723061,ZeroedOriginBalance
tx-285-C1032151084-C297867369,FraudTransaction
tx-285-C1032151084-C297867369,ZeroedOriginBalance
tx-285-C1502819144-C451429333,FraudTransaction
tx-285-C1502819144-C451429333,ZeroedOriginBalance
tx-285-C1845243200-C1343714931,FraudTransaction
tx-285-C1845243200-C1343714931,ZeroedOriginBalance
tx-286-C1284973829-C1795673999,FraudTransaction
tx-286-C1284973829-C1795673999,ZeroedOriginBalance
tx-286-C1442918145-C911664273,FraudTransaction
tx-286-C1442918145-C911664273,ZeroedOriginBalance
tx-286-C1839586690-C1860988881,FraudTransaction
tx-286-C1839586690-C1860988881,HighAmountTransfer
tx-286-C1839586690-C1860988881,ZeroedOriginBalance
tx-286-C372999326-C2116300479,FraudTransaction
tx-286-C372999326-C2116300479,HighAmountTransfer
tx-286-C372999326-C2116300479,ZeroedOriginBalance
tx-286-C1093499326-C1531800097,FraudTransaction
tx-286-C1093499326-C1531800097,ZeroedOriginBalance
tx-286-C1645390284-C1108748738,FraudTransaction
tx-286-C1645390284-C1108748738,ZeroedOriginBalance
tx-286-C1623240836-C410264371,FraudTransaction
tx-286-C1623240836-C410264371,ZeroedOriginBalance
tx-286-C36219059-C1248865150,FraudTransaction
tx-286-C36219059-C1248865150,ZeroedOriginBalance
tx-287-C1042812790-C610496257,FraudTransaction
tx-287-C1042812790-C610496257,ZeroedOriginBalance
tx-287-C1237928863-C571550397,FraudTransaction
tx-287-C1237928863-C571550397,ZeroedOriginBalance
tx-287-C1926307448-C143244543,FraudTransaction
tx-287-C1926307448-C143244543,ZeroedOriginBalance
tx-287-C564491886-C141365964,FraudTransaction
tx-287-C564491886-C141365964,ZeroedOriginBalance
tx-287-C895738872-C1872912414,FraudTransaction
tx-287-C895738872-C1872912414,HighAmountTransfer
tx-287-C895738872-C1872912414,ZeroedOriginBalance
tx-287-C1828168671-C133275555,FraudTransaction
tx-287-C1828168671-C133275555,HighAmountTransfer
tx-287-C1828168671-C133275555,ZeroedOriginBalance
tx-287-C734008057-C1763626980,FraudTransaction
tx-287-C734008057-C1763626980,ZeroedOriginBalance
tx-287-C2056953445-C685901539,FraudTransaction
tx-287-C2056953445-C685901539,ZeroedOriginBalance
tx-287-C1425726290-C1670108631,FraudTransaction
tx-287-C1425726290-C1670108631,HighAmountTransfer
tx-287-C1425726290-C1670108631,ZeroedOriginBalance
tx-287-C34310706-C615611865,FraudTransaction
tx-287-C34310706-C615611865,HighAmountTransfer
tx-287-C34310706-C615611865,ZeroedOriginBalance
tx-288-C642784724-C1952007189,FraudTransaction
tx-288-C642784724-C1952007189,ZeroedOriginBalance
tx-288-C820569216-C1301835304,FraudTransaction
tx-288-C820569216-C1301835304,ZeroedOriginBalance
tx-288-C1582748935-C1311170446,FraudTransaction
tx-288-C1582748935-C1311170446,ZeroedOriginBalance
tx-288-C600840707-C1047213176,FraudTransaction
tx-288-C600840707-C1047213176,ZeroedOriginBalance
tx-288-C263250153-C117997526,FraudTransaction
tx-288-C263250153-C117997526,ZeroedOriginBalance
tx-288-C1938848302-C1653587362,FraudTransaction
tx-288-C1938848302-C1653587362,ZeroedOriginBalance
tx-288-C1938848302-C1653587362,RepeatedFraudDestination
tx-288-C693914149-C392618235,FraudTransaction
tx-288-C693914149-C392618235,HighAmountTransfer
tx-288-C693914149-C392618235,ZeroedOriginBalance
tx-288-C959100931-C377873806,FraudTransaction
tx-288-C959100931-C377873806,HighAmountTransfer
tx-288-C959100931-C377873806,ZeroedOriginBalance
tx-288-C385531487-C674306325,FraudTransaction
tx-288-C385531487-C674306325,ZeroedOriginBalance
tx-288-C707039983-C100431989,FraudTransaction
tx-288-C707039983-C100431989,ZeroedOriginBalance
tx-289-C500424911-C2014202347,FraudTransaction
tx-289-C500424911-C2014202347,ZeroedOriginBalance
tx-289-C279799028-C1465512134,FraudTransaction
tx-289-C279799028-C1465512134,ZeroedOriginBalance
tx-289-C32426691-C1088091066,FraudTransaction
tx-289-C32426691-C1088091066,ZeroedOriginBalance
tx-289-C501091944-C540962810,FraudTransaction
tx-289-C501091944-C540962810,ZeroedOriginBalance
tx-289-C1844162816-C1415356134,FraudTransaction
tx-289-C1844162816-C1415356134,ZeroedOriginBalance
tx-289-C408463565-C1525357904,FraudTransaction
tx-289-C408463565-C1525357904,ZeroedOriginBalance
tx-289-C1559945505-C971134857,FraudTransaction
tx-289-C1559945505-C971134857,ZeroedOriginBalance
tx-289-C45718211-C1371920863,FraudTransaction
tx-289-C45718211-C1371920863,ZeroedOriginBalance
tx-289-C631032087-C722271938,FraudTransaction
tx-289-C631032087-C722271938,ZeroedOriginBalance
tx-289-C1282559075-C1815880438,FraudTransaction
tx-289-C1282559075-C1815880438,ZeroedOriginBalance
tx-289-C1011829657-C452349512,FraudTransaction
tx-289-C1011829657-C452349512,ZeroedOriginBalance
tx-289-C790263218-C1380927357,FraudTransaction
tx-289-C790263218-C1380927357,ZeroedOriginBalance
tx-290-C150547094-C918786855,FraudTransaction
tx-290-C150547094-C918786855,ZeroedOriginBalance
tx-290-C1082254671-C1060563153,FraudTransaction
tx-290-C1082254671-C1060563153,ZeroedOriginBalance
tx-290-C914833925-C1606646228,FraudTransaction
tx-290-C914833925-C1606646228,ZeroedOriginBalance
tx-290-C158707184-C615658157,FraudTransaction
tx-290-C158707184-C615658157,ZeroedOriginBalance
tx-290-C588367741-C2104870243,FraudTransaction
tx-290-C588367741-C2104870243,HighAmountTransfer
tx-290-C588367741-C2104870243,ZeroedOriginBalance
tx-290-C594782618-C921928556,FraudTransaction
tx-290-C594782618-C921928556,HighAmountTransfer
tx-290-C594782618-C921928556,ZeroedOriginBalance
tx-290-C322093816-C1267169674,FraudTransaction
tx-290-C322093816-C1267169674,ZeroedOriginBalance
tx-290-C1760459612-C1179364463,FraudTransaction
tx-290-C1760459612-C1179364463,ZeroedOriginBalance
tx-291-C2126162917-C1525573417,FraudTransaction
tx-291-C2126162917-C1525573417,ZeroedOriginBalance
tx-291-C311082513-C686901109,FraudTransaction
tx-291-C311082513-C686901109,ZeroedOriginBalance
tx-291-C262672510-C478572372,FraudTransaction
tx-291-C262672510-C478572372,HighAmountTransfer
tx-291-C262672510-C478572372,ZeroedOriginBalance
tx-291-C1347068790-C726467776,FraudTransaction
tx-291-C1347068790-C726467776,HighAmountTransfer
tx-291-C1347068790-C726467776,ZeroedOriginBalance
tx-291-C410161307-C2092567505,FraudTransaction
tx-291-C410161307-C2092567505,ZeroedOriginBalance
tx-291-C1765217259-C73654740,FraudTransaction
tx-291-C1765217259-C73654740,ZeroedOriginBalance
tx-291-C1784205179-C923245844,FraudTransaction
tx-291-C1784205179-C923245844,ZeroedOriginBalance
tx-291-C1371078457-C885540169,FraudTransaction
tx-291-C1371078457-C885540169,ZeroedOriginBalance
tx-291-C1426577344-C1833411414,FraudTransaction
tx-291-C1426577344-C1833411414,HighAmountTransfer
tx-291-C1426577344-C1833411414,ZeroedOriginBalance
tx-291-C1373829253-C1286348462,FraudTransaction
tx-291-C1373829253-C1286348462,HighAmountTransfer
tx-291-C1373829253-C1286348462,ZeroedOriginBalance
tx-292-C1144862911-C552429589,FraudTransaction
tx-292-C1144862911-C552429589,ZeroedOriginBalance
tx-292-C48088685-C1562137576,FraudTransaction
tx-292-C48088685-C1562137576,ZeroedOriginBalance
tx-292-C472317235-C1356666800,FraudTransaction
tx-292-C472317235-C1356666800,ZeroedOriginBalance
tx-292-C1225154585-C1049265108,FraudTransaction
tx-292-C1225154585-C1049265108,ZeroedOriginBalance
tx-292-C1683177798-C1271955069,FraudTransaction
tx-292-C1683177798-C1271955069,ZeroedOriginBalance
tx-292-C147918095-C1273645677,FraudTransaction
tx-292-C147918095-C1273645677,ZeroedOriginBalance
tx-292-C599107139-C48279139,FraudTransaction
tx-292-C599107139-C48279139,HighAmountTransfer
tx-292-C599107139-C48279139,ZeroedOriginBalance
tx-292-C1497963652-C1455938350,FraudTransaction
tx-292-C1497963652-C1455938350,HighAmountTransfer
tx-292-C1497963652-C1455938350,ZeroedOriginBalance
tx-293-C954355337-C669925274,FraudTransaction
tx-293-C954355337-C669925274,ZeroedOriginBalance
tx-293-C1848030432-C1552333494,FraudTransaction
tx-293-C1848030432-C1552333494,ZeroedOriginBalance
tx-293-C1969299825-C1985038646,FraudTransaction
tx-293-C1969299825-C1985038646,ZeroedOriginBalance
tx-293-C1674591686-C1338343315,FraudTransaction
tx-293-C1674591686-C1338343315,ZeroedOriginBalance
tx-294-C98463296-C1491493728,FraudTransaction
tx-294-C98463296-C1491493728,ZeroedOriginBalance
tx-294-C401144837-C1911772195,FraudTransaction
tx-294-C401144837-C1911772195,ZeroedOriginBalance
tx-294-C1811823904-C1784541207,FraudTransaction
tx-294-C1811823904-C1784541207,HighAmountTransfer
tx-294-C1811823904-C1784541207,ZeroedOriginBalance
tx-294-C161612692-C338472327,FraudTransaction
tx-294-C161612692-C338472327,HighAmountTransfer
tx-294-C161612692-C338472327,ZeroedOriginBalance
tx-294-C2147008654-C722948959,FraudTransaction
tx-294-C2147008654-C722948959,HighAmountTransfer
tx-294-C2147008654-C722948959,ZeroedOriginBalance
tx-294-C799015840-C1036604265,FraudTransaction
tx-294-C799015840-C1036604265,HighAmountTransfer
tx-294-C799015840-C1036604265,ZeroedOriginBalance
tx-294-C892157001-C1678656814,FraudTransaction
tx-294-C892157001-C1678656814,ZeroedOriginBalance
tx-294-C747251675-C1519845212,FraudTransaction
tx-294-C747251675-C1519845212,ZeroedOriginBalance
tx-294-C492377263-C357527156,FraudTransaction
tx-294-C492377263-C357527156,ZeroedOriginBalance
tx-294-C1014000122-C2051751405,FraudTransaction
tx-294-C1014000122-C2051751405,ZeroedOriginBalance
tx-294-C1106741895-C453454325,FraudTransaction
tx-294-C1106741895-C453454325,ZeroedOriginBalance
tx-294-C814413517-C1964653709,FraudTransaction
tx-294-C814413517-C1964653709,ZeroedOriginBalance
tx-294-C1705209887-C878980822,FraudTransaction
tx-294-C1705209887-C878980822,ZeroedOriginBalance
tx-294-C1512307432-C1826640118,FraudTransaction
tx-294-C1512307432-C1826640118,ZeroedOriginBalance
tx-294-C662565017-C352364019,FraudTransaction
tx-294-C662565017-C352364019,ZeroedOriginBalance
tx-294-C1084642853-C1362284778,FraudTransaction
tx-294-C1084642853-C1362284778,ZeroedOriginBalance
tx-294-C1056695718-C651955391,FraudTransaction
tx-294-C1056695718-C651955391,ZeroedOriginBalance
tx-294-C2076884011-C105660024,FraudTransaction
tx-294-C2076884011-C105660024,ZeroedOriginBalance
tx-294-C2076884011-C105660024,RepeatedFraudDestination
tx-295-C872116979-C1742807255,FraudTransaction
tx-295-C872116979-C1742807255,HighAmountTransfer
tx-295-C872116979-C1742807255,ZeroedOriginBalance
tx-295-C1092488663-C670879809,FraudTransaction
tx-295-C1092488663-C670879809,HighAmountTransfer
tx-295-C1092488663-C670879809,ZeroedOriginBalance
tx-295-C547948167-C765807005,FraudTransaction
tx-295-C547948167-C765807005,ZeroedOriginBalance
tx-295-C246205789-C1656002474,FraudTransaction
tx-295-C246205789-C1656002474,ZeroedOriginBalance
tx-295-C1722305169-C782178061,FraudTransaction
tx-295-C1722305169-C782178061,ZeroedOriginBalance
tx-295-C1466532646-C1824270535,FraudTransaction
tx-295-C1466532646-C1824270535,ZeroedOriginBalance
tx-295-C1067203186-C1086076552,FraudTransaction
tx-295-C1067203186-C1086076552,HighAmountTransfer
tx-295-C1067203186-C1086076552,ZeroedOriginBalance
tx-295-C1462947577-C1069720,FraudTransaction
tx-295-C1462947577-C1069720,HighAmountTransfer
tx-295-C1462947577-C1069720,ZeroedOriginBalance
tx-295-C892421305-C1944775244,FraudTransaction
tx-295-C892421305-C1944775244,ZeroedOriginBalance
tx-295-C2043788136-C1314872657,FraudTransaction
tx-295-C2043788136-C1314872657,ZeroedOriginBalance
tx-296-C1712808449-C1997838913,FraudTransaction
tx-296-C1712808449-C1997838913,ZeroedOriginBalance
tx-296-C1911506122-C1767820890,FraudTransaction
tx-296-C1911506122-C1767820890,ZeroedOriginBalance
tx-296-C1313129154-C42915246,FraudTransaction
tx-296-C1313129154-C42915246,ZeroedOriginBalance
tx-296-C976894617-C2053643947,FraudTransaction
tx-296-C976894617-C2053643947,ZeroedOriginBalance
tx-296-C1734365365-C1564795146,FraudTransaction
tx-296-C1734365365-C1564795146,HighAmountTransfer
tx-296-C1814200711-C270577353,FraudTransaction
tx-296-C1814200711-C270577353,HighAmountTransfer
tx-296-C1814200711-C270577353,ZeroedOriginBalance
tx-296-C68688915-C1379652013,FraudTransaction
tx-296-C68688915-C1379652013,HighAmountTransfer
tx-296-C68688915-C1379652013,ZeroedOriginBalance
tx-296-C1864175867-C556373412,FraudTransaction
tx-296-C1864175867-C556373412,HighAmountTransfer
tx-296-C1864175867-C556373412,ZeroedOriginBalance
tx-296-C178061397-C1590888168,FraudTransaction
tx-296-C178061397-C1590888168,ZeroedOriginBalance
tx-296-C1917556280-C1744308202,FraudTransaction
tx-296-C1917556280-C1744308202,ZeroedOriginBalance
tx-296-C922219750-C1107412386,FraudTransaction
tx-296-C922219750-C1107412386,ZeroedOriginBalance
tx-296-C837464075-C1037384301,FraudTransaction
tx-296-C837464075-C1037384301,ZeroedOriginBalance
tx-296-C1732292791-C1402438091,FraudTransaction
tx-296-C1732292791-C1402438091,ZeroedOriginBalance
tx-296-C1696223343-C1922098798,FraudTransaction
tx-296-C1696223343-C1922098798,ZeroedOriginBalance
tx-296-C1431002212-C278143037,FraudTransaction
tx-296-C1431002212-C278143037,HighAmountTransfer
tx-296-C1431002212-C278143037,ZeroedOriginBalance
tx-296-C2110692683-C1822459038,FraudTransaction
tx-296-C2110692683-C1822459038,HighAmountTransfer
tx-296-C2110692683-C1822459038,ZeroedOriginBalance
tx-296-C526995277-C975347823,FraudTransaction
tx-296-C526995277-C975347823,HighAmountTransfer
tx-296-C526995277-C975347823,ZeroedOriginBalance
tx-296-C684191207-C189328986,FraudTransaction
tx-296-C684191207-C189328986,HighAmountTransfer
tx-296-C684191207-C189328986,ZeroedOriginBalance
tx-296-C660614375-C542723764,FraudTransaction
tx-296-C660614375-C542723764,ZeroedOriginBalance
tx-296-C785242501-C1518978853,FraudTransaction
tx-296-C785242501-C1518978853,ZeroedOriginBalance
tx-296-C2064377910-C480066834,FraudTransaction
tx-296-C2064377910-C480066834,ZeroedOriginBalance
tx-296-C1815382629-C1669165813,FraudTransaction
tx-296-C1815382629-C1669165813,ZeroedOriginBalance
tx-297-C824783072-C60624550,FraudTransaction
tx-297-C824783072-C60624550,HighAmountTransfer
tx-297-C824783072-C60624550,ZeroedOriginBalance
tx-297-C2068796286-C1607775090,FraudTransaction
tx-297-C2068796286-C1607775090,HighAmountTransfer
tx-297-C2068796286-C1607775090,ZeroedOriginBalance
tx-297-C327529413-C1312651725,FraudTransaction
tx-297-C327529413-C1312651725,ZeroedOriginBalance
tx-297-C1927883034-C451356274,FraudTransaction
tx-297-C1927883034-C451356274,ZeroedOriginBalance
tx-297-C1237857283-C578388393,FraudTransaction
tx-297-C1237857283-C578388393,HighAmountTransfer
tx-297-C1237857283-C578388393,ZeroedOriginBalance
tx-297-C1455120619-C2080178799,FraudTransaction
tx-297-C1455120619-C2080178799,HighAmountTransfer
tx-297-C1455120619-C2080178799,ZeroedOriginBalance
tx-297-C483009518-C1272462265,FraudTransaction
tx-297-C483009518-C1272462265,HighAmountTransfer
tx-297-C483009518-C1272462265,ZeroedOriginBalance
tx-297-C239028627-C836881979,FraudTransaction
tx-297-C239028627-C836881979,HighAmountTransfer
tx-297-C239028627-C836881979,ZeroedOriginBalance
tx-298-C1850753027-C995702691,FraudTransaction
tx-298-C1850753027-C995702691,ZeroedOriginBalance
tx-298-C1344634344-C1675764449,FraudTransaction
tx-298-C1344634344-C1675764449,ZeroedOriginBalance
tx-298-C1331489578-C201103304,FraudTransaction
tx-298-C1331489578-C201103304,ZeroedOriginBalance
tx-298-C1334025413-C1576007778,FraudTransaction
tx-298-C1334025413-C1576007778,ZeroedOriginBalance
tx-299-C811562034-C1606899764,FraudTransaction
tx-299-C811562034-C1606899764,HighAmountTransfer
tx-299-C811562034-C1606899764,ZeroedOriginBalance
tx-299-C371181257-C1648449094,FraudTransaction
tx-299-C371181257-C1648449094,HighAmountTransfer
tx-299-C371181257-C1648449094,ZeroedOriginBalance
tx-299-C1439879444-C1677398142,FraudTransaction
tx-299-C1439879444-C1677398142,ZeroedOriginBalance
tx-299-C1295540356-C1130686402,FraudTransaction
tx-299-C1295540356-C1130686402,ZeroedOriginBalance
tx-299-C2136408151-C39269592,FraudTransaction
tx-299-C2136408151-C39269592,ZeroedOriginBalance
tx-299-C2009627965-C1708248220,FraudTransaction
tx-299-C2009627965-C1708248220,ZeroedOriginBalance
tx-299-C817857207-C1094225384,FraudTransaction
tx-299-C817857207-C1094225384,HighAmountTransfer
tx-299-C817857207-C1094225384,ZeroedOriginBalance
tx-299-C193037464-C1871742999,FraudTransaction
tx-299-C193037464-C1871742999,HighAmountTransfer
tx-299-C193037464-C1871742999,ZeroedOriginBalance
tx-299-C1857854292-C1179545940,FraudTransaction
tx-299-C1857854292-C1179545940,HighAmountTransfer
tx-299-C1857854292-C1179545940,ZeroedOriginBalance
tx-299-C740548252-C1317682776,FraudTransaction
tx-299-C740548252-C1317682776,HighAmountTransfer
tx-299-C740548252-C1317682776,ZeroedOriginBalance
tx-300-C519152863-C987555684,FraudTransaction
tx-300-C519152863-C987555684,ZeroedOriginBalance
tx-300-C826118779-C2042705874,FraudTransaction
tx-300-C826118779-C2042705874,ZeroedOriginBalance
tx-300-C1589553907-C1151960519,FraudTransaction
tx-300-C1589553907-C1151960519,ZeroedOriginBalance
tx-300-C1203474575-C964377943,FraudTransaction
tx-300-C1203474575-C964377943,ZeroedOriginBalance
tx-300-C1203474575-C964377943,RepeatedFraudDestination
tx-300-C1070321-C1781279814,FraudTransaction
tx-300-C1070321-C1781279814,ZeroedOriginBalance
tx-300-C1732604973-C611099542,FraudTransaction
tx-300-C1732604973-C611099542,ZeroedOriginBalance
tx-300-C475202972-C843619874,FraudTransaction
tx-300-C475202972-C843619874,ZeroedOriginBalance
tx-300-C988104305-C1495991301,FraudTransaction
tx-300-C988104305-C1495991301,ZeroedOriginBalance
tx-301-C1241022919-C778090649,FraudTransaction
tx-301-C1241022919-C778090649,ZeroedOriginBalance
tx-301-C163966870-C2119966588,FraudTransaction
tx-301-C163966870-C2119966588,ZeroedOriginBalance
tx-301-C970648981-C1224906494,FraudTransaction
tx-301-C970648981-C1224906494,ZeroedOriginBalance
tx-301-C629384731-C1039886956,FraudTransaction
tx-301-C629384731-C1039886956,ZeroedOriginBalance
tx-302-C1028599135-C1482390531,FraudTransaction
tx-302-C1028599135-C1482390531,ZeroedOriginBalance
tx-302-C1465935638-C1136959113,FraudTransaction
tx-302-C1465935638-C1136959113,ZeroedOriginBalance
tx-302-C1477176067-C78352329,FraudTransaction
tx-302-C1477176067-C78352329,HighAmountTransfer
tx-302-C1477176067-C78352329,ZeroedOriginBalance
tx-302-C446736927-C1581175229,FraudTransaction
tx-302-C446736927-C1581175229,HighAmountTransfer
tx-302-C446736927-C1581175229,ZeroedOriginBalance
tx-302-C1106915307-C2043222623,FraudTransaction
tx-302-C1106915307-C2043222623,HighAmountTransfer
tx-302-C1106915307-C2043222623,ZeroedOriginBalance
tx-302-C159267828-C640332215,FraudTransaction
tx-302-C159267828-C640332215,HighAmountTransfer
tx-302-C159267828-C640332215,ZeroedOriginBalance
tx-302-C1088367372-C299996818,FraudTransaction
tx-302-C1088367372-C299996818,ZeroedOriginBalance
tx-302-C1908168438-C1252960751,FraudTransaction
tx-302-C1908168438-C1252960751,ZeroedOriginBalance
tx-303-C37736433-C279131656,FraudTransaction
tx-303-C37736433-C279131656,ZeroedOriginBalance
tx-303-C1433739978-C1449860779,FraudTransaction
tx-303-C1433739978-C1449860779,ZeroedOriginBalance
tx-303-C256552805-C312822815,FraudTransaction
tx-303-C256552805-C312822815,ZeroedOriginBalance
tx-303-C1440171055-C1229115940,FraudTransaction
tx-303-C1440171055-C1229115940,ZeroedOriginBalance
tx-303-C1284457893-C790067619,FraudTransaction
tx-303-C1284457893-C790067619,ZeroedOriginBalance
tx-303-C1520540866-C433336667,FraudTransaction
tx-303-C1520540866-C433336667,ZeroedOriginBalance
tx-303-C1769157927-C1445084705,FraudTransaction
tx-303-C1769157927-C1445084705,ZeroedOriginBalance
tx-303-C1362065573-C1626419291,FraudTransaction
tx-303-C1362065573-C1626419291,ZeroedOriginBalance
tx-303-C997532070-C483833357,FraudTransaction
tx-303-C997532070-C483833357,HighAmountTransfer
tx-303-C1381373082-C607131381,FraudTransaction
tx-303-C1381373082-C607131381,HighAmountTransfer
tx-303-C1381373082-C607131381,ZeroedOriginBalance
tx-303-C1045409609-C399450397,FraudTransaction
tx-303-C1045409609-C399450397,HighAmountTransfer
tx-303-C1066838925-C1265892323,FraudTransaction
tx-303-C1066838925-C1265892323,HighAmountTransfer
tx-303-C1066838925-C1265892323,ZeroedOriginBalance
tx-303-C771544520-C1545277452,FraudTransaction
tx-303-C771544520-C1545277452,HighAmountTransfer
tx-303-C771544520-C1545277452,ZeroedOriginBalance
tx-303-C1340929577-C1754723066,FraudTransaction
tx-303-C1340929577-C1754723066,HighAmountTransfer
tx-303-C1340929577-C1754723066,ZeroedOriginBalance
tx-304-C379326181-C585824951,FraudTransaction
tx-304-C379326181-C585824951,ZeroedOriginBalance
tx-304-C1969042957-C58256247,FraudTransaction
tx-304-C1969042957-C58256247,ZeroedOriginBalance
tx-305-C1628562361-C675686656,FraudTransaction
tx-305-C1628562361-C675686656,ZeroedOriginBalance
tx-305-C1554219817-C1514839015,FraudTransaction
tx-305-C1554219817-C1514839015,ZeroedOriginBalance
tx-305-C276718485-C1947776397,FraudTransaction
tx-305-C276718485-C1947776397,HighAmountTransfer
tx-305-C276718485-C1947776397,ZeroedOriginBalance
tx-305-C937470096-C363508140,FraudTransaction
tx-305-C937470096-C363508140,HighAmountTransfer
tx-305-C937470096-C363508140,ZeroedOriginBalance
tx-305-C1660275627-C851819118,FraudTransaction
tx-305-C1660275627-C851819118,HighAmountTransfer
tx-305-C766182565-C585344505,FraudTransaction
tx-305-C766182565-C585344505,HighAmountTransfer
tx-305-C766182565-C585344505,ZeroedOriginBalance
tx-305-C1235032852-C1296897597,FraudTransaction
tx-305-C1235032852-C1296897597,HighAmountTransfer
tx-305-C1235032852-C1296897597,ZeroedOriginBalance
tx-305-C31072228-C2043561429,FraudTransaction
tx-305-C31072228-C2043561429,HighAmountTransfer
tx-305-C31072228-C2043561429,ZeroedOriginBalance
tx-305-C597569560-C992060684,FraudTransaction
tx-305-C597569560-C992060684,HighAmountTransfer
tx-305-C597569560-C992060684,ZeroedOriginBalance
tx-305-C1472962938-C11257751,FraudTransaction
tx-305-C1472962938-C11257751,HighAmountTransfer
tx-305-C1472962938-C11257751,ZeroedOriginBalance
tx-305-C71043059-C1737929512,FraudTransaction
tx-305-C71043059-C1737929512,ZeroedOriginBalance
tx-305-C763431178-C1562779762,FraudTransaction
tx-305-C763431178-C1562779762,ZeroedOriginBalance
tx-305-C215109738-C355565326,FraudTransaction
tx-305-C215109738-C355565326,ZeroedOriginBalance
tx-305-C1582503246-C1615989110,FraudTransaction
tx-305-C1582503246-C1615989110,ZeroedOriginBalance
tx-306-C470624098-C1784460632,FraudTransaction
tx-306-C470624098-C1784460632,ZeroedOriginBalance
tx-306-C1950513519-C1497532505,FraudTransaction
tx-306-C1950513519-C1497532505,ZeroedOriginBalance
tx-306-C1950513519-C1497532505,RepeatedFraudDestination
tx-306-C261172273-C1673497915,FraudTransaction
tx-306-C261172273-C1673497915,HighAmountTransfer
tx-306-C261172273-C1673497915,ZeroedOriginBalance
tx-306-C1909269068-C1758624073,FraudTransaction
tx-306-C1909269068-C1758624073,HighAmountTransfer
tx-306-C1909269068-C1758624073,ZeroedOriginBalance
tx-306-C108630257-C1865083017,FraudTransaction
tx-306-C108630257-C1865083017,HighAmountTransfer
tx-306-C1577276514-C1370100102,FraudTransaction
tx-306-C1577276514-C1370100102,HighAmountTransfer
tx-306-C1577276514-C1370100102,ZeroedOriginBalance
tx-306-C1303640793-C2112578501,FraudTransaction
tx-306-C1303640793-C2112578501,ZeroedOriginBalance
tx-306-C657363011-C936698630,FraudTransaction
tx-306-C657363011-C936698630,ZeroedOriginBalance
tx-306-C916412259-C256100884,FraudTransaction
tx-306-C916412259-C256100884,ZeroedOriginBalance
tx-306-C1336256989-C1335226757,FraudTransaction
tx-306-C1336256989-C1335226757,ZeroedOriginBalance
tx-306-C1016160383-C1670523748,FraudTransaction
tx-306-C1016160383-C1670523748,HighAmountTransfer
tx-306-C1016160383-C1670523748,ZeroedOriginBalance
tx-306-C2044685006-C1035537848,FraudTransaction
tx-306-C2044685006-C1035537848,HighAmountTransfer
tx-306-C2044685006-C1035537848,ZeroedOriginBalance
tx-307-C692748109-C145912882,FraudTransaction
tx-307-C692748109-C145912882,HighAmountTransfer
tx-307-C692748109-C145912882,ZeroedOriginBalance
tx-307-C1652159172-C1212506708,FraudTransaction
tx-307-C1652159172-C1212506708,HighAmountTransfer
tx-307-C1652159172-C1212506708,ZeroedOriginBalance
tx-307-C1716496327-C200111106,FraudTransaction
tx-307-C1716496327-C200111106,ZeroedOriginBalance
tx-307-C479817904-C2038026076,FraudTransaction
tx-307-C479817904-C2038026076,ZeroedOriginBalance
tx-307-C961503749-C1831005460,FraudTransaction
tx-307-C961503749-C1831005460,ZeroedOriginBalance
tx-307-C1661574690-C1460474682,FraudTransaction
tx-307-C1661574690-C1460474682,ZeroedOriginBalance
tx-307-C1044355469-C1424892116,FraudTransaction
tx-307-C1044355469-C1424892116,ZeroedOriginBalance
tx-307-C1332040146-C1197434553,FraudTransaction
tx-307-C1332040146-C1197434553,ZeroedOriginBalance
tx-307-C114044821-C1178875500,FraudTransaction
tx-307-C114044821-C1178875500,HighAmountTransfer
tx-307-C114044821-C1178875500,ZeroedOriginBalance
tx-307-C1155543640-C867904898,FraudTransaction
tx-307-C1155543640-C867904898,HighAmountTransfer
tx-307-C1155543640-C867904898,ZeroedOriginBalance
tx-307-C1343086585-C256353022,FraudTransaction
tx-307-C1343086585-C256353022,HighAmountTransfer
tx-307-C1343086585-C256353022,ZeroedOriginBalance
tx-307-C1029257629-C1200877577,FraudTransaction
tx-307-C1029257629-C1200877577,HighAmountTransfer
tx-307-C1029257629-C1200877577,ZeroedOriginBalance
tx-307-C166709172-C1054064905,FraudTransaction
tx-307-C166709172-C1054064905,ZeroedOriginBalance
tx-307-C334771525-C2015196071,FraudTransaction
tx-307-C334771525-C2015196071,ZeroedOriginBalance
tx-307-C747436564-C644153669,FraudTransaction
tx-307-C747436564-C644153669,ZeroedOriginBalance
tx-307-C672988614-C563840868,FraudTransaction
tx-307-C672988614-C563840868,ZeroedOriginBalance
tx-308-C146567614-C860816450,FraudTransaction
tx-308-C146567614-C860816450,HighAmountTransfer
tx-308-C146567614-C860816450,ZeroedOriginBalance
tx-308-C2030660606-C1098443300,FraudTransaction
tx-308-C2030660606-C1098443300,HighAmountTransfer
tx-308-C2030660606-C1098443300,ZeroedOriginBalance
tx-308-C1174423768-C861921612,FraudTransaction
tx-308-C1174423768-C861921612,ZeroedOriginBalance
tx-308-C1497447156-C817261687,FraudTransaction
tx-308-C1497447156-C817261687,ZeroedOriginBalance
tx-308-C1660149357-C1502223655,FraudTransaction
tx-308-C1660149357-C1502223655,ZeroedOriginBalance
tx-308-C455134566-C790415785,FraudTransaction
tx-308-C455134566-C790415785,ZeroedOriginBalance
tx-309-C1171171367-C359717577,FraudTransaction
tx-309-C1171171367-C359717577,ZeroedOriginBalance
tx-309-C1496296182-C1435664818,FraudTransaction
tx-309-C1496296182-C1435664818,ZeroedOriginBalance
tx-309-C891657273-C862850216,FraudTransaction
tx-309-C891657273-C862850216,HighAmountTransfer
tx-309-C891657273-C862850216,ZeroedOriginBalance
tx-309-C776987005-C960046463,FraudTransaction
tx-309-C776987005-C960046463,HighAmountTransfer
tx-309-C776987005-C960046463,ZeroedOriginBalance
tx-309-C864985630-C713202339,FraudTransaction
tx-309-C864985630-C713202339,HighAmountTransfer
tx-309-C864985630-C713202339,ZeroedOriginBalance
tx-309-C1526528147-C138172146,FraudTransaction
tx-309-C1526528147-C138172146,HighAmountTransfer
tx-309-C1526528147-C138172146,ZeroedOriginBalance
tx-309-C711809884-C1914647954,FraudTransaction
tx-309-C711809884-C1914647954,ZeroedOriginBalance
tx-309-C1931470495-C1495297398,FraudTransaction
tx-309-C1931470495-C1495297398,ZeroedOriginBalance
tx-310-C1514931968-C1789156105,FraudTransaction
tx-310-C1514931968-C1789156105,HighAmountTransfer
tx-310-C1514931968-C1789156105,ZeroedOriginBalance
tx-310-C1998644906-C658898647,FraudTransaction
tx-310-C1998644906-C658898647,HighAmountTransfer
tx-310-C1998644906-C658898647,ZeroedOriginBalance
tx-310-C575768328-C1581687599,FraudTransaction
tx-310-C575768328-C1581687599,HighAmountTransfer
tx-310-C575768328-C1581687599,ZeroedOriginBalance
tx-310-C1409592985-C1064567159,FraudTransaction
tx-310-C1409592985-C1064567159,HighAmountTransfer
tx-310-C1409592985-C1064567159,ZeroedOriginBalance
tx-310-C568675237-C1502060896,FraudTransaction
tx-310-C568675237-C1502060896,HighAmountTransfer
tx-310-C568675237-C1502060896,ZeroedOriginBalance
tx-310-C455106183-C314805116,FraudTransaction
tx-310-C455106183-C314805116,HighAmountTransfer
tx-310-C455106183-C314805116,ZeroedOriginBalance
tx-310-C1589465909-C749177191,FraudTransaction
tx-310-C1589465909-C749177191,HighAmountTransfer
tx-310-C1589465909-C749177191,ZeroedOriginBalance
tx-310-C715029330-C236534502,FraudTransaction
tx-310-C715029330-C236534502,HighAmountTransfer
tx-310-C715029330-C236534502,ZeroedOriginBalance
tx-310-C17859234-C121307567,FraudTransaction
tx-310-C17859234-C121307567,HighAmountTransfer
tx-310-C17859234-C121307567,ZeroedOriginBalance
tx-310-C315283970-C527460234,FraudTransaction
tx-310-C315283970-C527460234,HighAmountTransfer
tx-310-C315283970-C527460234,ZeroedOriginBalance
tx-311-C1593902970-C2132178163,FraudTransaction
tx-311-C1593902970-C2132178163,ZeroedOriginBalance
tx-311-C316319818-C1564045599,FraudTransaction
tx-311-C316319818-C1564045599,ZeroedOriginBalance
tx-311-C1961162790-C111676219,FraudTransaction
tx-311-C1961162790-C111676219,HighAmountTransfer
tx-311-C1961162790-C111676219,ZeroedOriginBalance
tx-311-C495266984-C597537774,FraudTransaction
tx-311-C495266984-C597537774,HighAmountTransfer
tx-311-C495266984-C597537774,ZeroedOriginBalance
tx-311-C2064336595-C1761158321,FraudTransaction
tx-311-C2064336595-C1761158321,ZeroedOriginBalance
tx-311-C2002908001-C1885290668,FraudTransaction
tx-311-C2002908001-C1885290668,ZeroedOriginBalance
tx-311-C1608267319-C584314061,FraudTransaction
tx-311-C1608267319-C584314061,HighAmountTransfer
tx-311-C1608267319-C584314061,ZeroedOriginBalance
tx-311-C937991476-C329005682,FraudTransaction
tx-311-C937991476-C329005682,HighAmountTransfer
tx-311-C937991476-C329005682,ZeroedOriginBalance
tx-311-C1843517598-C1588665319,FraudTransaction
tx-311-C1843517598-C1588665319,ZeroedOriginBalance
tx-311-C1194075950-C2037283628,FraudTransaction
tx-311-C1194075950-C2037283628,ZeroedOriginBalance
tx-311-C1050618331-C1361886731,FraudTransaction
tx-311-C1050618331-C1361886731,HighAmountTransfer
tx-311-C1050618331-C1361886731,ZeroedOriginBalance
tx-311-C89412579-C733817123,FraudTransaction
tx-311-C89412579-C733817123,HighAmountTransfer
tx-311-C89412579-C733817123,ZeroedOriginBalance
tx-311-C760905654-C584068116,FraudTransaction
tx-311-C760905654-C584068116,HighAmountTransfer
tx-311-C760905654-C584068116,ZeroedOriginBalance
tx-311-C1805381656-C1314078496,FraudTransaction
tx-311-C1805381656-C1314078496,HighAmountTransfer
tx-311-C1805381656-C1314078496,ZeroedOriginBalance
tx-311-C500485629-C822023370,FraudTransaction
tx-311-C500485629-C822023370,ZeroedOriginBalance
tx-311-C1591403785-C74903852,FraudTransaction
tx-311-C1591403785-C74903852,ZeroedOriginBalance
tx-312-C1988957761-C133170874,FraudTransaction
tx-312-C1988957761-C133170874,ZeroedOriginBalance
tx-312-C1818027225-C1832609455,FraudTransaction
tx-312-C1818027225-C1832609455,ZeroedOriginBalance
tx-312-C721022515-C1466098281,FraudTransaction
tx-312-C721022515-C1466098281,ZeroedOriginBalance
tx-312-C655782193-C1483980714,FraudTransaction
tx-312-C655782193-C1483980714,ZeroedOriginBalance
tx-312-C1562962865-C964933148,FraudTransaction
tx-312-C1562962865-C964933148,HighAmountTransfer
tx-312-C1693784348-C890563348,FraudTransaction
tx-312-C1693784348-C890563348,HighAmountTransfer
tx-312-C1693784348-C890563348,ZeroedOriginBalance
tx-312-C575504528-C1530040429,FraudTransaction
tx-312-C575504528-C1530040429,HighAmountTransfer
tx-312-C575504528-C1530040429,ZeroedOriginBalance
tx-312-C511307813-C377087678,FraudTransaction
tx-312-C511307813-C377087678,HighAmountTransfer
tx-312-C511307813-C377087678,ZeroedOriginBalance
tx-312-C1686904928-C807316421,FraudTransaction
tx-312-C1686904928-C807316421,ZeroedOriginBalance
tx-312-C1034868972-C633592175,FraudTransaction
tx-312-C1034868972-C633592175,ZeroedOriginBalance
tx-313-C1431929580-C1237289789,FraudTransaction
tx-313-C1431929580-C1237289789,HighAmountTransfer
tx-313-C1431929580-C1237289789,ZeroedOriginBalance
tx-313-C804554509-C1258193111,FraudTransaction
tx-313-C804554509-C1258193111,HighAmountTransfer
tx-313-C804554509-C1258193111,ZeroedOriginBalance
tx-313-C348342265-C2039650387,FraudTransaction
tx-313-C348342265-C2039650387,HighAmountTransfer
tx-313-C348342265-C2039650387,ZeroedOriginBalance
tx-313-C97658415-C1960732564,FraudTransaction
tx-313-C97658415-C1960732564,HighAmountTransfer
tx-313-C97658415-C1960732564,ZeroedOriginBalance
tx-313-C1262019477-C411274724,FraudTransaction
tx-313-C1262019477-C411274724,ZeroedOriginBalance
tx-313-C2024192922-C742155073,FraudTransaction
tx-313-C2024192922-C742155073,ZeroedOriginBalance
tx-313-C229756338-C1902984290,FraudTransaction
tx-313-C229756338-C1902984290,HighAmountTransfer
tx-313-C229756338-C1902984290,ZeroedOriginBalance
tx-313-C1520029619-C152631073,FraudTransaction
tx-313-C1520029619-C152631073,HighAmountTransfer
tx-313-C1520029619-C152631073,ZeroedOriginBalance
tx-313-C1279803681-C1617123235,FraudTransaction
tx-313-C1279803681-C1617123235,HighAmountTransfer
tx-313-C1279803681-C1617123235,ZeroedOriginBalance
tx-313-C614361316-C1077760469,FraudTransaction
tx-313-C614361316-C1077760469,HighAmountTransfer
tx-313-C614361316-C1077760469,ZeroedOriginBalance
tx-314-C213083209-C1918913776,FraudTransaction
tx-314-C213083209-C1918913776,ZeroedOriginBalance
tx-314-C1431720928-C1276777256,FraudTransaction
tx-314-C1431720928-C1276777256,ZeroedOriginBalance
tx-314-C1284144520-C1435949580,FraudTransaction
tx-314-C1284144520-C1435949580,ZeroedOriginBalance
tx-314-C723840682-C1714270621,FraudTransaction
tx-314-C723840682-C1714270621,ZeroedOriginBalance
tx-314-C568807005-C417695471,FraudTransaction
tx-314-C568807005-C417695471,HighAmountTransfer
tx-314-C568807005-C417695471,ZeroedOriginBalance
tx-314-C1499429209-C1399829166,FraudTransaction
tx-314-C1499429209-C1399829166,HighAmountTransfer
tx-314-C1499429209-C1399829166,ZeroedOriginBalance
tx-314-C1499429209-C1399829166,RepeatedFraudDestination
tx-315-C108249800-C898806761,FraudTransaction
tx-315-C108249800-C898806761,ZeroedOriginBalance
tx-315-C2090380520-C1941943656,FraudTransaction
tx-315-C2090380520-C1941943656,ZeroedOriginBalance
tx-315-C1716897320-C233158023,FraudTransaction
tx-315-C1716897320-C233158023,ZeroedOriginBalance
tx-315-C47767227-C756075054,FraudTransaction
tx-315-C47767227-C756075054,ZeroedOriginBalance
tx-315-C438643114-C883677752,FraudTransaction
tx-315-C438643114-C883677752,HighAmountTransfer
tx-315-C438643114-C883677752,ZeroedOriginBalance
tx-315-C602094058-C680273351,FraudTransaction
tx-315-C602094058-C680273351,HighAmountTransfer
tx-315-C602094058-C680273351,ZeroedOriginBalance
tx-315-C1800396600-C68101846,FraudTransaction
tx-315-C1800396600-C68101846,HighAmountTransfer
tx-315-C1800396600-C68101846,ZeroedOriginBalance
tx-315-C791079404-C62464448,FraudTransaction
tx-315-C791079404-C62464448,HighAmountTransfer
tx-315-C791079404-C62464448,ZeroedOriginBalance
tx-315-C11779770-C478014939,FraudTransaction
tx-315-C11779770-C478014939,ZeroedOriginBalance
tx-315-C1771024241-C1799501138,FraudTransaction
tx-315-C1771024241-C1799501138,ZeroedOriginBalance
tx-315-C149785547-C733601841,FraudTransaction
tx-315-C149785547-C733601841,HighAmountTransfer
tx-315-C149785547-C733601841,ZeroedOriginBalance
tx-315-C172044102-C648423233,FraudTransaction
tx-315-C172044102-C648423233,HighAmountTransfer
tx-315-C172044102-C648423233,ZeroedOriginBalance
tx-316-C387585754-C1352527302,FraudTransaction
tx-316-C387585754-C1352527302,ZeroedOriginBalance
tx-316-C66770799-C1680241779,FraudTransaction
tx-316-C66770799-C1680241779,ZeroedOriginBalance
tx-316-C1739433736-C988790876,FraudTransaction
tx-316-C1739433736-C988790876,HighAmountTransfer
tx-316-C1739433736-C988790876,ZeroedOriginBalance
tx-316-C1679134628-C1851310686,FraudTransaction
tx-316-C1679134628-C1851310686,HighAmountTransfer
tx-316-C1679134628-C1851310686,ZeroedOriginBalance
tx-316-C603912506-C100427864,FraudTransaction
tx-316-C603912506-C100427864,ZeroedOriginBalance
tx-316-C1995047813-C1810856999,FraudTransaction
tx-316-C1995047813-C1810856999,ZeroedOriginBalance
tx-316-C2088071095-C2038364008,FraudTransaction
tx-316-C2088071095-C2038364008,ZeroedOriginBalance
tx-316-C878032690-C1366404133,FraudTransaction
tx-316-C878032690-C1366404133,ZeroedOriginBalance
tx-316-C1614200747-C253218862,FraudTransaction
tx-316-C1614200747-C253218862,ZeroedOriginBalance
tx-316-C1181122051-C1800302951,FraudTransaction
tx-316-C1181122051-C1800302951,ZeroedOriginBalance
tx-316-C288991663-C1161141257,FraudTransaction
tx-316-C288991663-C1161141257,HighAmountTransfer
tx-316-C288991663-C1161141257,ZeroedOriginBalance
tx-316-C147611805-C1596756534,FraudTransaction
tx-316-C147611805-C1596756534,HighAmountTransfer
tx-316-C147611805-C1596756534,ZeroedOriginBalance
tx-317-C1723063411-C1565674952,FraudTransaction
tx-317-C1723063411-C1565674952,ZeroedOriginBalance
tx-317-C2126327419-C1658560139,FraudTransaction
tx-317-C2126327419-C1658560139,ZeroedOriginBalance
tx-317-C1999586448-C532302073,FraudTransaction
tx-317-C1999586448-C532302073,ZeroedOriginBalance
tx-317-C1512619992-C671135114,FraudTransaction
tx-317-C1512619992-C671135114,ZeroedOriginBalance
tx-317-C570470570-C1232811511,FraudTransaction
tx-317-C570470570-C1232811511,ZeroedOriginBalance
tx-317-C895065191-C317556709,FraudTransaction
tx-317-C895065191-C317556709,ZeroedOriginBalance
tx-317-C954160536-C96624580,FraudTransaction
tx-317-C954160536-C96624580,ZeroedOriginBalance
tx-317-C664202020-C390829633,FraudTransaction
tx-317-C664202020-C390829633,ZeroedOriginBalance
tx-317-C11831964-C802410376,FraudTransaction
tx-317-C11831964-C802410376,ZeroedOriginBalance
tx-317-C2046264393-C592516907,FraudTransaction
tx-317-C2046264393-C592516907,ZeroedOriginBalance
tx-317-C1002859898-C647242478,FraudTransaction
tx-317-C1002859898-C647242478,ZeroedOriginBalance
tx-317-C731475693-C1413151160,FraudTransaction
tx-317-C731475693-C1413151160,ZeroedOriginBalance
tx-317-C257814888-C706563298,FraudTransaction
tx-317-C257814888-C706563298,HighAmountTransfer
tx-317-C257814888-C706563298,ZeroedOriginBalance
tx-317-C1246624006-C1479799057,FraudTransaction
tx-317-C1246624006-C1479799057,HighAmountTransfer
tx-317-C1246624006-C1479799057,ZeroedOriginBalance
tx-317-C1122558088-C47401126,FraudTransaction
tx-317-C1122558088-C47401126,ZeroedOriginBalance
tx-317-C577110078-C661765724,FraudTransaction
tx-317-C577110078-C661765724,ZeroedOriginBalance
tx-317-C204083284-C1120953259,FraudTransaction
tx-317-C204083284-C1120953259,ZeroedOriginBalance
tx-317-C600776492-C856386556,FraudTransaction
tx-317-C600776492-C856386556,ZeroedOriginBalance
tx-317-C1124786108-C1894579301,FraudTransaction
tx-317-C1124786108-C1894579301,ZeroedOriginBalance
tx-317-C1824809477-C1850161112,FraudTransaction
tx-317-C1824809477-C1850161112,ZeroedOriginBalance
tx-318-C816867193-C2118158219,FraudTransaction
tx-318-C816867193-C2118158219,ZeroedOriginBalance
tx-318-C1801267260-C1693181403,FraudTransaction
tx-318-C1801267260-C1693181403,ZeroedOriginBalance
tx-318-C2126511572-C1932237865,FraudTransaction
tx-318-C2126511572-C1932237865,ZeroedOriginBalance
tx-318-C832863308-C672244107,FraudTransaction
tx-318-C832863308-C672244107,ZeroedOriginBalance
tx-318-C1924852703-C43802286,FraudTransaction
tx-318-C1924852703-C43802286,ZeroedOriginBalance
tx-318-C1476270190-C83742367,FraudTransaction
tx-318-C1476270190-C83742367,ZeroedOriginBalance
tx-319-C1479969874-C327601402,FraudTransaction
tx-319-C1479969874-C327601402,HighAmountTransfer
tx-319-C1479969874-C327601402,ZeroedOriginBalance
tx-319-C2003694835-C1708120011,FraudTransaction
tx-319-C2003694835-C1708120011,HighAmountTransfer
tx-319-C2003694835-C1708120011,ZeroedOriginBalance
tx-319-C2132033219-C1378618834,FraudTransaction
tx-319-C2132033219-C1378618834,ZeroedOriginBalance
tx-319-C871094830-C697909635,FraudTransaction
tx-319-C871094830-C697909635,ZeroedOriginBalance
tx-319-C2083698154-C22852055,FraudTransaction
tx-319-C2083698154-C22852055,HighAmountTransfer
tx-319-C2083698154-C22852055,ZeroedOriginBalance
tx-319-C997616929-C1469065727,FraudTransaction
tx-319-C997616929-C1469065727,HighAmountTransfer
tx-319-C997616929-C1469065727,ZeroedOriginBalance
tx-319-C1699397290-C495812513,FraudTransaction
tx-319-C1699397290-C495812513,ZeroedOriginBalance
tx-319-C144515719-C1147986175,FraudTransaction
tx-319-C144515719-C1147986175,ZeroedOriginBalance
tx-320-C1642679195-C289912687,FraudTransaction
tx-320-C1642679195-C289912687,ZeroedOriginBalance
tx-320-C1778269666-C340908219,FraudTransaction
tx-320-C1778269666-C340908219,ZeroedOriginBalance
tx-320-C1500602777-C2119310535,FraudTransaction
tx-320-C1500602777-C2119310535,ZeroedOriginBalance
tx-320-C949614890-C505532836,FraudTransaction
tx-320-C949614890-C505532836,ZeroedOriginBalance
tx-320-C949614890-C505532836,RepeatedFraudDestination
tx-320-C319281201-C2021539165,FraudTransaction
tx-320-C319281201-C2021539165,ZeroedOriginBalance
tx-320-C193914526-C918538157,FraudTransaction
tx-320-C193914526-C918538157,ZeroedOriginBalance
tx-320-C1495344095-C128292751,FraudTransaction
tx-320-C1495344095-C128292751,HighAmountTransfer
tx-320-C1495344095-C128292751,ZeroedOriginBalance
tx-320-C780587384-C602293403,FraudTransaction
tx-320-C780587384-C602293403,HighAmountTransfer
tx-320-C780587384-C602293403,ZeroedOriginBalance
tx-320-C57496265-C1810937959,FraudTransaction
tx-320-C57496265-C1810937959,ZeroedOriginBalance
tx-320-C2133585452-C563718131,FraudTransaction
tx-320-C2133585452-C563718131,ZeroedOriginBalance
tx-320-C792987085-C1731551447,FraudTransaction
tx-320-C792987085-C1731551447,ZeroedOriginBalance
tx-320-C936451148-C819382970,FraudTransaction
tx-320-C936451148-C819382970,ZeroedOriginBalance
tx-320-C2096636104-C1589898085,FraudTransaction
tx-320-C2096636104-C1589898085,ZeroedOriginBalance
tx-320-C1492323121-C1162648274,FraudTransaction
tx-320-C1492323121-C1162648274,ZeroedOriginBalance
tx-321-C692830443-C1399533146,FraudTransaction
tx-321-C692830443-C1399533146,ZeroedOriginBalance
tx-321-C1019329213-C1199437917,FraudTransaction
tx-321-C1019329213-C1199437917,ZeroedOriginBalance
tx-321-C1046546525-C2014793230,FraudTransaction
tx-321-C1046546525-C2014793230,ZeroedOriginBalance
tx-321-C1826008632-C1992468113,FraudTransaction
tx-321-C1826008632-C1992468113,ZeroedOriginBalance
tx-321-C715932448-C1500247255,FraudTransaction
tx-321-C715932448-C1500247255,ZeroedOriginBalance
tx-321-C17858706-C756639057,FraudTransaction
tx-321-C17858706-C756639057,ZeroedOriginBalance
tx-321-C926108639-C1426041212,FraudTransaction
tx-321-C926108639-C1426041212,ZeroedOriginBalance
tx-321-C2016803098-C1127806629,FraudTransaction
tx-321-C2016803098-C1127806629,ZeroedOriginBalance
tx-322-C1154403636-C1043093762,FraudTransaction
tx-322-C1154403636-C1043093762,ZeroedOriginBalance
tx-322-C142790245-C592056924,FraudTransaction
tx-322-C142790245-C592056924,ZeroedOriginBalance
tx-322-C216292279-C1773862727,FraudTransaction
tx-322-C216292279-C1773862727,ZeroedOriginBalance
tx-322-C872768364-C634479660,FraudTransaction
tx-322-C872768364-C634479660,ZeroedOriginBalance
tx-322-C89581847-C1844657396,FraudTransaction
tx-322-C89581847-C1844657396,HighAmountTransfer
tx-322-C89581847-C1844657396,ZeroedOriginBalance
tx-322-C4863930-C581627997,FraudTransaction
tx-322-C4863930-C581627997,HighAmountTransfer
tx-322-C4863930-C581627997,ZeroedOriginBalance
tx-322-C586432166-C810627720,FraudTransaction
tx-322-C586432166-C810627720,ZeroedOriginBalance
tx-322-C1360735702-C831415203,FraudTransaction
tx-322-C1360735702-C831415203,ZeroedOriginBalance
tx-322-C516411527-C1860612852,FraudTransaction
tx-322-C516411527-C1860612852,ZeroedOriginBalance
tx-322-C1664110305-C1912599968,FraudTransaction
tx-322-C1664110305-C1912599968,ZeroedOriginBalance
tx-322-C750509301-C881302071,FraudTransaction
tx-322-C750509301-C881302071,HighAmountTransfer
tx-322-C750509301-C881302071,ZeroedOriginBalance
tx-322-C2063172145-C835515236,FraudTransaction
tx-322-C2063172145-C835515236,HighAmountTransfer
tx-322-C2063172145-C835515236,ZeroedOriginBalance
tx-322-C84275859-C2031100289,FraudTransaction
tx-322-C84275859-C2031100289,ZeroedOriginBalance
tx-322-C1714727890-C1924984729,FraudTransaction
tx-322-C1714727890-C1924984729,ZeroedOriginBalance
tx-322-C1256410677-C1153188048,FraudTransaction
tx-322-C1256410677-C1153188048,HighAmountTransfer
tx-322-C1256410677-C1153188048,ZeroedOriginBalance
tx-322-C1490382663-C601562346,FraudTransaction
tx-322-C1490382663-C601562346,HighAmountTransfer
tx-322-C1490382663-C601562346,ZeroedOriginBalance
tx-323-C926688459-C1810250799,FraudTransaction
tx-323-C926688459-C1810250799,HighAmountTransfer
tx-323-C926688459-C1810250799,ZeroedOriginBalance
tx-323-C1942950399-C1781043707,FraudTransaction
tx-323-C1942950399-C1781043707,HighAmountTransfer
tx-323-C1942950399-C1781043707,ZeroedOriginBalance
tx-323-C1899367925-C2085710932,FraudTransaction
tx-323-C1899367925-C2085710932,ZeroedOriginBalance
tx-323-C2061910313-C1505894809,FraudTransaction
tx-323-C2061910313-C1505894809,ZeroedOriginBalance
tx-323-C936646245-C1402958323,FraudTransaction
tx-323-C936646245-C1402958323,ZeroedOriginBalance
tx-323-C187429960-C448754795,FraudTransaction
tx-323-C187429960-C448754795,ZeroedOriginBalance
tx-323-C2135188443-C1068035657,FraudTransaction
tx-323-C2135188443-C1068035657,ZeroedOriginBalance
tx-323-C292943018-C850515807,FraudTransaction
tx-323-C292943018-C850515807,ZeroedOriginBalance
tx-323-C1436025461-C1927560310,FraudTransaction
tx-323-C1436025461-C1927560310,ZeroedOriginBalance
tx-323-C1098392781-C1993661917,FraudTransaction
tx-323-C1098392781-C1993661917,ZeroedOriginBalance
tx-324-C691233312-C834545584,FraudTransaction
tx-324-C691233312-C834545584,ZeroedOriginBalance
tx-324-C981578814-C509990885,FraudTransaction
tx-324-C981578814-C509990885,ZeroedOriginBalance
tx-324-C32558037-C1253659543,FraudTransaction
tx-324-C32558037-C1253659543,ZeroedOriginBalance
tx-324-C1803730185-C134543538,FraudTransaction
tx-324-C1803730185-C134543538,ZeroedOriginBalance
tx-324-C765450059-C125935569,FraudTransaction
tx-324-C765450059-C125935569,ZeroedOriginBalance
tx-324-C712964669-C621549388,FraudTransaction
tx-324-C712964669-C621549388,ZeroedOriginBalance
tx-324-C1707425123-C226736635,FraudTransaction
tx-324-C1707425123-C226736635,ZeroedOriginBalance
tx-324-C998822926-C1895261064,FraudTransaction
tx-324-C998822926-C1895261064,ZeroedOriginBalance
tx-324-C1057819107-C97284144,FraudTransaction
tx-324-C1057819107-C97284144,ZeroedOriginBalance
tx-324-C268984152-C700461668,FraudTransaction
tx-324-C268984152-C700461668,ZeroedOriginBalance
tx-325-C913635242-C282425253,FraudTransaction
tx-325-C913635242-C282425253,ZeroedOriginBalance
tx-325-C1162806660-C1165026794,FraudTransaction
tx-325-C1162806660-C1165026794,ZeroedOriginBalance
tx-325-C466412897-C816944286,FraudTransaction
tx-325-C466412897-C816944286,ZeroedOriginBalance
tx-325-C1121795717-C63022697,FraudTransaction
tx-325-C1121795717-C63022697,ZeroedOriginBalance
tx-325-C1859628307-C638336367,FraudTransaction
tx-325-C1859628307-C638336367,ZeroedOriginBalance
tx-325-C185770751-C1583425323,FraudTransaction
tx-325-C185770751-C1583425323,ZeroedOriginBalance
tx-325-C171987241-C143177495,FraudTransaction
tx-325-C171987241-C143177495,ZeroedOriginBalance
tx-325-C1484076319-C690812923,FraudTransaction
tx-325-C1484076319-C690812923,ZeroedOriginBalance
tx-325-C757889087-C688244166,FraudTransaction
tx-325-C757889087-C688244166,HighAmountTransfer
tx-325-C757889087-C688244166,ZeroedOriginBalance
tx-325-C1104869047-C950258202,FraudTransaction
tx-325-C1104869047-C950258202,HighAmountTransfer
tx-325-C1104869047-C950258202,ZeroedOriginBalance
tx-326-C1767197728-C1526183462,FraudTransaction
tx-326-C1767197728-C1526183462,HighAmountTransfer
tx-326-C1767197728-C1526183462,ZeroedOriginBalance
tx-326-C1776150191-C562081008,FraudTransaction
tx-326-C1776150191-C562081008,HighAmountTransfer
tx-326-C1776150191-C562081008,ZeroedOriginBalance
tx-326-C614646392-C1100349536,FraudTransaction
tx-326-C614646392-C1100349536,ZeroedOriginBalance
tx-326-C191725289-C1157386392,FraudTransaction
tx-326-C191725289-C1157386392,ZeroedOriginBalance
tx-326-C1639715926-C1433454555,FraudTransaction
tx-326-C1639715926-C1433454555,ZeroedOriginBalance
tx-326-C1411461059-C2146664506,FraudTransaction
tx-326-C1411461059-C2146664506,ZeroedOriginBalance
tx-326-C1421733222-C1718960484,FraudTransaction
tx-326-C1421733222-C1718960484,ZeroedOriginBalance
tx-326-C1516644096-C743776906,FraudTransaction
tx-326-C1516644096-C743776906,ZeroedOriginBalance
tx-326-C427680107-C1365760959,FraudTransaction
tx-326-C427680107-C1365760959,ZeroedOriginBalance
tx-326-C939398813-C274347857,FraudTransaction
tx-326-C939398813-C274347857,ZeroedOriginBalance
tx-326-C80183609-C618118021,FraudTransaction
tx-326-C80183609-C618118021,ZeroedOriginBalance
tx-326-C1555099712-C846177864,FraudTransaction
tx-326-C1555099712-C846177864,ZeroedOriginBalance
tx-326-C41154667-C488579069,FraudTransaction
tx-326-C41154667-C488579069,ZeroedOriginBalance
tx-326-C1757210539-C193366588,FraudTransaction
tx-326-C1757210539-C193366588,ZeroedOriginBalance
tx-327-C1791366162-C1152394024,FraudTransaction
tx-327-C1791366162-C1152394024,ZeroedOriginBalance
tx-327-C998715487-C198443055,FraudTransaction
tx-327-C998715487-C198443055,ZeroedOriginBalance
tx-327-C2117660675-C138001655,FraudTransaction
tx-327-C2117660675-C138001655,ZeroedOriginBalance
tx-327-C935134354-C939313752,FraudTransaction
tx-327-C935134354-C939313752,ZeroedOriginBalance
tx-327-C1987328742-C697444332,FraudTransaction
tx-327-C1987328742-C697444332,HighAmountTransfer
tx-327-C1987328742-C697444332,ZeroedOriginBalance
tx-327-C404387463-C851327636,FraudTransaction
tx-327-C404387463-C851327636,HighAmountTransfer
tx-327-C404387463-C851327636,ZeroedOriginBalance
tx-327-C990820697-C1804765408,FraudTransaction
tx-327-C990820697-C1804765408,ZeroedOriginBalance
tx-327-C1388535947-C1984912341,FraudTransaction
tx-327-C1388535947-C1984912341,ZeroedOriginBalance
tx-327-C1943481220-C676856624,FraudTransaction
tx-327-C1943481220-C676856624,ZeroedOriginBalance
tx-327-C661431090-C249687884,FraudTransaction
tx-327-C661431090-C249687884,ZeroedOriginBalance
tx-328-C891486597-C951633995,FraudTransaction
tx-328-C891486597-C951633995,ZeroedOriginBalance
tx-328-C1423124005-C1736112221,FraudTransaction
tx-328-C1423124005-C1736112221,ZeroedOriginBalance
tx-328-C1765014536-C2037810492,FraudTransaction
tx-328-C1765014536-C2037810492,ZeroedOriginBalance
tx-328-C864862655-C66207511,FraudTransaction
tx-328-C864862655-C66207511,ZeroedOriginBalance
tx-328-C1204866352-C16371707,FraudTransaction
tx-328-C1204866352-C16371707,ZeroedOriginBalance
tx-328-C1113533628-C664038638,FraudTransaction
tx-328-C1113533628-C664038638,ZeroedOriginBalance
tx-328-C1221668517-C2134508873,FraudTransaction
tx-328-C1221668517-C2134508873,ZeroedOriginBalance
tx-328-C1621566840-C1076657596,FraudTransaction
tx-328-C1621566840-C1076657596,ZeroedOriginBalance
tx-328-C1446359154-C1765191456,FraudTransaction
tx-328-C1446359154-C1765191456,ZeroedOriginBalance
tx-328-C1610942799-C1312990529,FraudTransaction
tx-328-C1610942799-C1312990529,ZeroedOriginBalance
tx-328-C376938867-C1217738819,FraudTransaction
tx-328-C376938867-C1217738819,HighAmountTransfer
tx-328-C376938867-C1217738819,ZeroedOriginBalance
tx-328-C1269100700-C12644050,FraudTransaction
tx-328-C1269100700-C12644050,HighAmountTransfer
tx-328-C1269100700-C12644050,ZeroedOriginBalance
tx-328-C1280846631-C1962241451,FraudTransaction
tx-328-C1280846631-C1962241451,ZeroedOriginBalance
tx-328-C870356100-C1052706087,FraudTransaction
tx-328-C870356100-C1052706087,ZeroedOriginBalance
tx-328-C1598819354-C1081484003,FraudTransaction
tx-328-C1598819354-C1081484003,ZeroedOriginBalance
tx-328-C206355745-C1521769124,FraudTransaction
tx-328-C206355745-C1521769124,ZeroedOriginBalance
tx-328-C1999096176-C136063013,FraudTransaction
tx-328-C1999096176-C136063013,HighAmountTransfer
tx-328-C1999096176-C136063013,ZeroedOriginBalance
tx-328-C1080618255-C2108426428,FraudTransaction
tx-328-C1080618255-C2108426428,HighAmountTransfer
tx-328-C1080618255-C2108426428,ZeroedOriginBalance
tx-329-C156594551-C672862177,FraudTransaction
tx-329-C156594551-C672862177,HighAmountTransfer
tx-329-C156594551-C672862177,ZeroedOriginBalance
tx-329-C1267379776-C355648963,FraudTransaction
tx-329-C1267379776-C355648963,HighAmountTransfer
tx-329-C1267379776-C355648963,ZeroedOriginBalance
tx-329-C1562312616-C227222097,FraudTransaction
tx-329-C1562312616-C227222097,ZeroedOriginBalance
tx-329-C1860206969-C1374054155,FraudTransaction
tx-329-C1860206969-C1374054155,ZeroedOriginBalance
tx-329-C1386334187-C250821807,FraudTransaction
tx-329-C1386334187-C250821807,ZeroedOriginBalance
tx-329-C1963429607-C1947737398,FraudTransaction
tx-329-C1963429607-C1947737398,ZeroedOriginBalance
tx-330-C1371377403-C1639950711,FraudTransaction
tx-330-C1371377403-C1639950711,HighAmountTransfer
tx-330-C1371377403-C1639950711,ZeroedOriginBalance
tx-330-C1175145212-C357956588,FraudTransaction
tx-330-C1175145212-C357956588,HighAmountTransfer
tx-330-C1175145212-C357956588,ZeroedOriginBalance
tx-330-C1415217064-C2101562170,FraudTransaction
tx-330-C1415217064-C2101562170,ZeroedOriginBalance
tx-330-C213016310-C1383721742,FraudTransaction
tx-330-C213016310-C1383721742,ZeroedOriginBalance
tx-330-C1019553772-C1806361762,FraudTransaction
tx-330-C1019553772-C1806361762,ZeroedOriginBalance
tx-330-C1577076013-C546495530,FraudTransaction
tx-330-C1577076013-C546495530,ZeroedOriginBalance
tx-330-C1938563375-C1187100670,FraudTransaction
tx-330-C1938563375-C1187100670,HighAmountTransfer
tx-330-C1938563375-C1187100670,ZeroedOriginBalance
tx-330-C1904629487-C1741955070,FraudTransaction
tx-330-C1904629487-C1741955070,HighAmountTransfer
tx-330-C1904629487-C1741955070,ZeroedOriginBalance
tx-330-C1000513158-C1758335977,FraudTransaction
tx-330-C1000513158-C1758335977,ZeroedOriginBalance
tx-330-C587736003-C1028710576,FraudTransaction
tx-330-C587736003-C1028710576,ZeroedOriginBalance
tx-331-C1868228472-C1690604100,FraudTransaction
tx-331-C1868228472-C1690604100,ZeroedOriginBalance
tx-331-C932539468-C1435443699,FraudTransaction
tx-331-C932539468-C1435443699,ZeroedOriginBalance
tx-331-C968443194-C65648363,FraudTransaction
tx-331-C968443194-C65648363,ZeroedOriginBalance
tx-331-C1806063410-C278197109,FraudTransaction
tx-331-C1806063410-C278197109,ZeroedOriginBalance
tx-331-C1304547531-C19996570,FraudTransaction
tx-331-C1304547531-C19996570,ZeroedOriginBalance
tx-331-C1810039949-C1995930923,FraudTransaction
tx-331-C1810039949-C1995930923,ZeroedOriginBalance
tx-332-C56751982-C2138523923,FraudTransaction
tx-332-C56751982-C2138523923,ZeroedOriginBalance
tx-332-C2130173515-C1264209653,FraudTransaction
tx-332-C2130173515-C1264209653,ZeroedOriginBalance
tx-332-C1799860706-C80713537,FraudTransaction
tx-332-C1799860706-C80713537,ZeroedOriginBalance
tx-332-C1419296243-C1696524301,FraudTransaction
tx-332-C1419296243-C1696524301,ZeroedOriginBalance
tx-332-C1802836404-C1121500032,FraudTransaction
tx-332-C1802836404-C1121500032,ZeroedOriginBalance
tx-332-C1960915719-C260097311,FraudTransaction
tx-332-C1960915719-C260097311,ZeroedOriginBalance
tx-333-C1745983205-C754249835,FraudTransaction
tx-333-C1745983205-C754249835,HighAmountTransfer
tx-333-C1745983205-C754249835,ZeroedOriginBalance
tx-333-C828265234-C62106011,FraudTransaction
tx-333-C828265234-C62106011,HighAmountTransfer
tx-333-C828265234-C62106011,ZeroedOriginBalance
tx-333-C1767715756-C785026451,FraudTransaction
tx-333-C1767715756-C785026451,ZeroedOriginBalance
tx-333-C2049160226-C1883597351,FraudTransaction
tx-333-C2049160226-C1883597351,ZeroedOriginBalance
tx-333-C1747145837-C915095399,FraudTransaction
tx-333-C1747145837-C915095399,ZeroedOriginBalance
tx-333-C86115030-C387748036,FraudTransaction
tx-333-C86115030-C387748036,ZeroedOriginBalance
tx-333-C1160054760-C223760078,FraudTransaction
tx-333-C1160054760-C223760078,HighAmountTransfer
tx-333-C1160054760-C223760078,ZeroedOriginBalance
tx-333-C386318315-C800378513,FraudTransaction
tx-333-C386318315-C800378513,HighAmountTransfer
tx-333-C386318315-C800378513,ZeroedOriginBalance
tx-334-C1771742794-C799681184,FraudTransaction
tx-334-C1771742794-C799681184,ZeroedOriginBalance
tx-334-C1099639070-C574402846,FraudTransaction
tx-334-C1099639070-C574402846,ZeroedOriginBalance
tx-334-C47484490-C698155401,FraudTransaction
tx-334-C47484490-C698155401,ZeroedOriginBalance
tx-334-C129076810-C948349145,FraudTransaction
tx-334-C129076810-C948349145,ZeroedOriginBalance
tx-335-C452762754-C66230253,FraudTransaction
tx-335-C452762754-C66230253,ZeroedOriginBalance
tx-335-C574146734-C1608490810,FraudTransaction
tx-335-C574146734-C1608490810,ZeroedOriginBalance
tx-335-C1515649837-C1556905270,FraudTransaction
tx-335-C1515649837-C1556905270,HighAmountTransfer
tx-335-C1515649837-C1556905270,ZeroedOriginBalance
tx-335-C82999164-C95880754,FraudTransaction
tx-335-C82999164-C95880754,HighAmountTransfer
tx-335-C82999164-C95880754,ZeroedOriginBalance
tx-336-C1529791682-C215273988,FraudTransaction
tx-336-C1529791682-C215273988,ZeroedOriginBalance
tx-336-C186550452-C2061604304,FraudTransaction
tx-336-C186550452-C2061604304,ZeroedOriginBalance
tx-336-C498550702-C982724683,FraudTransaction
tx-336-C498550702-C982724683,ZeroedOriginBalance
tx-336-C948610987-C1691754688,FraudTransaction
tx-336-C948610987-C1691754688,ZeroedOriginBalance
tx-336-C464058059-C539311335,FraudTransaction
tx-336-C464058059-C539311335,HighAmountTransfer
tx-336-C464058059-C539311335,ZeroedOriginBalance
tx-336-C865094709-C1348689298,FraudTransaction
tx-336-C865094709-C1348689298,HighAmountTransfer
tx-336-C865094709-C1348689298,ZeroedOriginBalance
tx-336-C196135268-C1809264943,FraudTransaction
tx-336-C196135268-C1809264943,ZeroedOriginBalance
tx-336-C1960830625-C1755573980,FraudTransaction
tx-336-C1960830625-C1755573980,ZeroedOriginBalance
tx-336-C139878018-C1395018529,FraudTransaction
tx-336-C139878018-C1395018529,HighAmountTransfer
tx-336-C139878018-C1395018529,ZeroedOriginBalance
tx-336-C1826922858-C461663138,FraudTransaction
tx-336-C1826922858-C461663138,HighAmountTransfer
tx-336-C1826922858-C461663138,ZeroedOriginBalance
tx-336-C1777315934-C44566269,FraudTransaction
tx-336-C1777315934-C44566269,ZeroedOriginBalance
tx-336-C202544710-C728550781,FraudTransaction
tx-336-C202544710-C728550781,ZeroedOriginBalance
tx-336-C1366635170-C21231509,FraudTransaction
tx-336-C1366635170-C21231509,ZeroedOriginBalance
tx-336-C1420516343-C567741813,FraudTransaction
tx-336-C1420516343-C567741813,ZeroedOriginBalance
tx-336-C1107458985-C1531477011,FraudTransaction
tx-336-C1107458985-C1531477011,ZeroedOriginBalance
tx-336-C758551247-C635085468,FraudTransaction
tx-336-C758551247-C635085468,ZeroedOriginBalance
tx-336-C1954089665-C286946566,FraudTransaction
tx-336-C1954089665-C286946566,ZeroedOriginBalance
tx-336-C1454695063-C1691293574,FraudTransaction
tx-336-C1454695063-C1691293574,ZeroedOriginBalance
tx-337-C361536240-C486742057,FraudTransaction
tx-337-C361536240-C486742057,ZeroedOriginBalance
tx-337-C189821209-C1628363112,FraudTransaction
tx-337-C189821209-C1628363112,ZeroedOriginBalance
tx-337-C1144789769-C655242288,FraudTransaction
tx-337-C1144789769-C655242288,ZeroedOriginBalance
tx-337-C1502031409-C997271871,FraudTransaction
tx-337-C1502031409-C997271871,ZeroedOriginBalance
tx-337-C462257354-C565177857,FraudTransaction
tx-337-C462257354-C565177857,ZeroedOriginBalance
tx-337-C2031063966-C1705815867,FraudTransaction
tx-337-C2031063966-C1705815867,ZeroedOriginBalance
tx-337-C1249464392-C878074974,FraudTransaction
tx-337-C1249464392-C878074974,ZeroedOriginBalance
tx-337-C1488400986-C152501477,FraudTransaction
tx-337-C1488400986-C152501477,ZeroedOriginBalance
tx-337-C1165937367-C70514826,FraudTransaction
tx-337-C1165937367-C70514826,ZeroedOriginBalance
tx-337-C1494570595-C975876326,FraudTransaction
tx-337-C1494570595-C975876326,ZeroedOriginBalance
tx-338-C1091303521-C900573262,FraudTransaction
tx-338-C1091303521-C900573262,ZeroedOriginBalance
tx-338-C238556595-C1892138777,FraudTransaction
tx-338-C238556595-C1892138777,ZeroedOriginBalance
tx-338-C1569274327-C110673427,FraudTransaction
tx-338-C1569274327-C110673427,ZeroedOriginBalance
tx-338-C1451066476-C91478894,FraudTransaction
tx-338-C1451066476-C91478894,ZeroedOriginBalance
tx-339-C1919174675-C776089262,FraudTransaction
tx-339-C1919174675-C776089262,ZeroedOriginBalance
tx-339-C55629100-C1065751095,FraudTransaction
tx-339-C55629100-C1065751095,ZeroedOriginBalance
tx-339-C121591434-C245389073,FraudTransaction
tx-339-C121591434-C245389073,ZeroedOriginBalance
tx-339-C1859886092-C782666310,FraudTransaction
tx-339-C1859886092-C782666310,ZeroedOriginBalance
tx-339-C1051682068-C2134026296,FraudTransaction
tx-339-C1051682068-C2134026296,ZeroedOriginBalance
tx-339-C1003695704-C1822078212,FraudTransaction
tx-339-C1003695704-C1822078212,ZeroedOriginBalance
tx-339-C1176876206-C29820940,FraudTransaction
tx-339-C1176876206-C29820940,ZeroedOriginBalance
tx-339-C1957456794-C895220334,FraudTransaction
tx-339-C1957456794-C895220334,ZeroedOriginBalance
tx-339-C1947091405-C829302750,FraudTransaction
tx-339-C1947091405-C829302750,HighAmountTransfer
tx-339-C1947091405-C829302750,ZeroedOriginBalance
tx-339-C337289783-C976257399,FraudTransaction
tx-339-C337289783-C976257399,HighAmountTransfer
tx-339-C337289783-C976257399,ZeroedOriginBalance
tx-340-C1372492756-C1868659811,FraudTransaction
tx-340-C1372492756-C1868659811,ZeroedOriginBalance
tx-340-C987947557-C1630824313,FraudTransaction
tx-340-C987947557-C1630824313,ZeroedOriginBalance
tx-340-C1021627549-C513494131,FraudTransaction
tx-340-C1021627549-C513494131,ZeroedOriginBalance
tx-340-C2100222508-C2123765878,FraudTransaction
tx-340-C2100222508-C2123765878,ZeroedOriginBalance
tx-340-C1482401390-C1010534882,FraudTransaction
tx-340-C1482401390-C1010534882,HighAmountTransfer
tx-340-C1482401390-C1010534882,ZeroedOriginBalance
tx-340-C1971684490-C497024597,FraudTransaction
tx-340-C1971684490-C497024597,HighAmountTransfer
tx-340-C1971684490-C497024597,ZeroedOriginBalance
tx-340-C431054678-C1864318595,FraudTransaction
tx-340-C431054678-C1864318595,ZeroedOriginBalance
tx-340-C1219026147-C153716790,FraudTransaction
tx-340-C1219026147-C153716790,ZeroedOriginBalance
tx-340-C1888264566-C947826109,FraudTransaction
tx-340-C1888264566-C947826109,HighAmountTransfer
tx-340-C1888264566-C947826109,ZeroedOriginBalance
tx-340-C171367749-C725544013,FraudTransaction
tx-340-C171367749-C725544013,HighAmountTransfer
tx-340-C171367749-C725544013,ZeroedOriginBalance
tx-341-C435054778-C1175951060,FraudTransaction
tx-341-C435054778-C1175951060,ZeroedOriginBalance
tx-341-C397402272-C548974212,FraudTransaction
tx-341-C397402272-C548974212,ZeroedOriginBalance
tx-341-C45970482-C687230384,FraudTransaction
tx-341-C45970482-C687230384,ZeroedOriginBalance
tx-341-C1046302165-C1601738020,FraudTransaction
tx-341-C1046302165-C1601738020,ZeroedOriginBalance
tx-341-C1419528476-C273422649,FraudTransaction
tx-341-C1419528476-C273422649,HighAmountTransfer
tx-341-C1419528476-C273422649,ZeroedOriginBalance
tx-341-C1012799951-C1240944469,FraudTransaction
tx-341-C1012799951-C1240944469,HighAmountTransfer
tx-341-C1012799951-C1240944469,ZeroedOriginBalance
tx-341-C1428944530-C385537527,FraudTransaction
tx-341-C1428944530-C385537527,ZeroedOriginBalance
tx-341-C21772807-C1768571590,FraudTransaction
tx-341-C21772807-C1768571590,ZeroedOriginBalance
tx-341-C934172571-C97161291,FraudTransaction
tx-341-C934172571-C97161291,ZeroedOriginBalance
tx-341-C2071113920-C1967010241,FraudTransaction
tx-341-C2071113920-C1967010241,ZeroedOriginBalance
tx-342-C293823168-C1902597722,FraudTransaction
tx-342-C293823168-C1902597722,ZeroedOriginBalance
tx-342-C1059771191-C1382936824,FraudTransaction
tx-342-C1059771191-C1382936824,ZeroedOriginBalance
tx-342-C594348983-C978716589,FraudTransaction
tx-342-C594348983-C978716589,ZeroedOriginBalance
tx-342-C1793833133-C1824897036,FraudTransaction
tx-342-C1793833133-C1824897036,ZeroedOriginBalance
tx-342-C1626624594-C136299479,FraudTransaction
tx-342-C1626624594-C136299479,ZeroedOriginBalance
tx-342-C162432528-C1457828270,FraudTransaction
tx-342-C162432528-C1457828270,ZeroedOriginBalance
tx-342-C1112871969-C1982709686,FraudTransaction
tx-342-C1112871969-C1982709686,ZeroedOriginBalance
tx-342-C1976361494-C1419412213,FraudTransaction
tx-342-C1976361494-C1419412213,ZeroedOriginBalance
tx-342-C929585215-C634016277,FraudTransaction
tx-342-C929585215-C634016277,ZeroedOriginBalance
tx-342-C1242285764-C231206741,FraudTransaction
tx-342-C1242285764-C231206741,ZeroedOriginBalance
tx-342-C538261432-C525961940,FraudTransaction
tx-342-C538261432-C525961940,ZeroedOriginBalance
tx-342-C844873214-C1937972935,FraudTransaction
tx-342-C844873214-C1937972935,ZeroedOriginBalance
tx-342-C1200071210-C794836195,FraudTransaction
tx-342-C1200071210-C794836195,ZeroedOriginBalance
tx-342-C1395548664-C5036546,FraudTransaction
tx-342-C1395548664-C5036546,ZeroedOriginBalance
tx-343-C1809782314-C1510946002,FraudTransaction
tx-343-C1809782314-C1510946002,ZeroedOriginBalance
tx-343-C1305572067-C362968415,FraudTransaction
tx-343-C1305572067-C362968415,ZeroedOriginBalance
tx-343-C108505415-C1874406892,FraudTransaction
tx-343-C108505415-C1874406892,ZeroedOriginBalance
tx-343-C220889953-C463938761,FraudTransaction
tx-343-C220889953-C463938761,ZeroedOriginBalance
tx-343-C517450408-C1440068099,FraudTransaction
tx-343-C517450408-C1440068099,ZeroedOriginBalance
tx-343-C1482135035-C172797825,FraudTransaction
tx-343-C1482135035-C172797825,ZeroedOriginBalance
tx-343-C1674654247-C1428596323,FraudTransaction
tx-343-C1674654247-C1428596323,ZeroedOriginBalance
tx-343-C985240759-C242913782,FraudTransaction
tx-343-C985240759-C242913782,ZeroedOriginBalance
tx-343-C421063586-C339061789,FraudTransaction
tx-343-C421063586-C339061789,ZeroedOriginBalance
tx-343-C2097433911-C1006104964,FraudTransaction
tx-343-C2097433911-C1006104964,ZeroedOriginBalance
tx-343-C388892858-C345845243,FraudTransaction
tx-343-C388892858-C345845243,ZeroedOriginBalance
tx-343-C1631861444-C180802048,FraudTransaction
tx-343-C1631861444-C180802048,ZeroedOriginBalance
tx-344-C1063225525-C1738718306,FraudTransaction
tx-344-C1063225525-C1738718306,ZeroedOriginBalance
tx-344-C1617762204-C649293371,FraudTransaction
tx-344-C1617762204-C649293371,ZeroedOriginBalance
tx-344-C123840755-C417847795,FraudTransaction
tx-344-C123840755-C417847795,HighAmountTransfer
tx-344-C123840755-C417847795,ZeroedOriginBalance
tx-344-C1202921665-C1366192319,FraudTransaction
tx-344-C1202921665-C1366192319,HighAmountTransfer
tx-344-C1202921665-C1366192319,ZeroedOriginBalance
tx-344-C1202921665-C1366192319,RepeatedFraudDestination
tx-344-C1083881826-C74060450,FraudTransaction
tx-344-C1083881826-C74060450,ZeroedOriginBalance
tx-344-C1801565118-C1877373343,FraudTransaction
tx-344-C1801565118-C1877373343,ZeroedOriginBalance
tx-345-C1197962253-C119628721,FraudTransaction
tx-345-C1197962253-C119628721,ZeroedOriginBalance
tx-345-C182044942-C1268912585,FraudTransaction
tx-345-C182044942-C1268912585,ZeroedOriginBalance
tx-345-C1055707930-C587273362,FraudTransaction
tx-345-C1055707930-C587273362,ZeroedOriginBalance
tx-345-C1521419599-C1908107274,FraudTransaction
tx-345-C1521419599-C1908107274,ZeroedOriginBalance
tx-345-C76442447-C684493652,FraudTransaction
tx-345-C76442447-C684493652,HighAmountTransfer
tx-345-C76442447-C684493652,ZeroedOriginBalance
tx-345-C180006321-C1877082345,FraudTransaction
tx-345-C180006321-C1877082345,HighAmountTransfer
tx-345-C180006321-C1877082345,ZeroedOriginBalance
tx-345-C1231621270-C463737708,FraudTransaction
tx-345-C1231621270-C463737708,ZeroedOriginBalance
tx-345-C1183132774-C1388012152,FraudTransaction
tx-345-C1183132774-C1388012152,ZeroedOriginBalance
tx-345-C673297850-C880160644,FraudTransaction
tx-345-C673297850-C880160644,ZeroedOriginBalance
tx-345-C1177265377-C1158181997,FraudTransaction
tx-345-C1177265377-C1158181997,ZeroedOriginBalance
tx-345-C1392757965-C472347889,FraudTransaction
tx-345-C1392757965-C472347889,ZeroedOriginBalance
tx-345-C656954866-C1289924528,FraudTransaction
tx-345-C656954866-C1289924528,ZeroedOriginBalance
tx-346-C371044558-C47031596,FraudTransaction
tx-346-C371044558-C47031596,HighAmountTransfer
tx-346-C371044558-C47031596,ZeroedOriginBalance
tx-346-C3976987-C465144377,FraudTransaction
tx-346-C3976987-C465144377,HighAmountTransfer
tx-346-C3976987-C465144377,ZeroedOriginBalance
tx-346-C507471240-C1709413116,FraudTransaction
tx-346-C507471240-C1709413116,ZeroedOriginBalance
tx-346-C2019788000-C700536860,FraudTransaction
tx-346-C2019788000-C700536860,ZeroedOriginBalance
tx-346-C1361333152-C46072537,FraudTransaction
tx-346-C1361333152-C46072537,ZeroedOriginBalance
tx-346-C600529356-C213193804,FraudTransaction
tx-346-C600529356-C213193804,ZeroedOriginBalance
tx-348-C189611887-C876551475,FraudTransaction
tx-348-C189611887-C876551475,ZeroedOriginBalance
tx-348-C163614138-C350043001,FraudTransaction
tx-348-C163614138-C350043001,ZeroedOriginBalance
tx-348-C1893971699-C520742045,FraudTransaction
tx-348-C1893971699-C520742045,HighAmountTransfer
tx-348-C1893971699-C520742045,ZeroedOriginBalance
tx-348-C482730402-C1332693814,FraudTransaction
tx-348-C482730402-C1332693814,HighAmountTransfer
tx-348-C482730402-C1332693814,ZeroedOriginBalance
tx-348-C14761859-C361194478,FraudTransaction
tx-348-C14761859-C361194478,ZeroedOriginBalance
tx-348-C1881000569-C1047133080,FraudTransaction
tx-348-C1881000569-C1047133080,ZeroedOriginBalance
tx-348-C2128296951-C1202616415,FraudTransaction
tx-348-C2128296951-C1202616415,ZeroedOriginBalance
tx-348-C1347324613-C1496408935,FraudTransaction
tx-348-C1347324613-C1496408935,ZeroedOriginBalance
tx-349-C1706454657-C433479110,FraudTransaction
tx-349-C1706454657-C433479110,HighAmountTransfer
tx-349-C1706454657-C433479110,ZeroedOriginBalance
tx-349-C660173273-C1044001290,FraudTransaction
tx-349-C660173273-C1044001290,HighAmountTransfer
tx-349-C660173273-C1044001290,ZeroedOriginBalance
tx-349-C1395405060-C567530691,FraudTransaction
tx-349-C1395405060-C567530691,HighAmountTransfer
tx-349-C1395405060-C567530691,ZeroedOriginBalance
tx-349-C323473080-C56779001,FraudTransaction
tx-349-C323473080-C56779001,HighAmountTransfer
tx-349-C323473080-C56779001,ZeroedOriginBalance
tx-349-C1512400234-C356153034,FraudTransaction
tx-349-C1512400234-C356153034,HighAmountTransfer
tx-349-C1512400234-C356153034,ZeroedOriginBalance
tx-349-C294569503-C229133194,FraudTransaction
tx-349-C294569503-C229133194,HighAmountTransfer
tx-349-C294569503-C229133194,ZeroedOriginBalance
tx-349-C1581587658-C1897617923,FraudTransaction
tx-349-C1581587658-C1897617923,ZeroedOriginBalance
tx-349-C1622600988-C1717143269,FraudTransaction
tx-349-C1622600988-C1717143269,ZeroedOriginBalance
tx-349-C1777704750-C1874416454,FraudTransaction
tx-349-C1777704750-C1874416454,ZeroedOriginBalance
tx-349-C1301301419-C489315862,FraudTransaction
tx-349-C1301301419-C489315862,ZeroedOriginBalance
tx-349-C1276671609-C1381797613,FraudTransaction
tx-349-C1276671609-C1381797613,ZeroedOriginBalance
tx-349-C1659764623-C711079235,FraudTransaction
tx-349-C1659764623-C711079235,ZeroedOriginBalance
tx-349-C157192204-C1684873650,FraudTransaction
tx-349-C157192204-C1684873650,ZeroedOriginBalance
tx-349-C661074170-C2110252237,FraudTransaction
tx-349-C661074170-C2110252237,ZeroedOriginBalance
tx-349-C1531072167-C1150452226,FraudTransaction
tx-349-C1531072167-C1150452226,ZeroedOriginBalance
tx-349-C782267522-C2086699676,FraudTransaction
tx-349-C782267522-C2086699676,ZeroedOriginBalance
tx-349-C1585861369-C154053358,FraudTransaction
tx-349-C1585861369-C154053358,HighAmountTransfer
tx-349-C1585861369-C154053358,ZeroedOriginBalance
tx-349-C1656635243-C1235306495,FraudTransaction
tx-349-C1656635243-C1235306495,HighAmountTransfer
tx-349-C1656635243-C1235306495,ZeroedOriginBalance
tx-350-C1366548953-C720291074,FraudTransaction
tx-350-C1366548953-C720291074,ZeroedOriginBalance
tx-350-C396374568-C2089777468,FraudTransaction
tx-350-C396374568-C2089777468,ZeroedOriginBalance
tx-350-C835019402-C742104229,FraudTransaction
tx-350-C835019402-C742104229,ZeroedOriginBalance
tx-350-C1425610386-C1547228019,FraudTransaction
tx-350-C1425610386-C1547228019,ZeroedOriginBalance
tx-350-C2079148298-C807091049,FraudTransaction
tx-350-C2079148298-C807091049,HighAmountTransfer
tx-350-C2079148298-C807091049,ZeroedOriginBalance
tx-350-C67550882-C58470057,FraudTransaction
tx-350-C67550882-C58470057,HighAmountTransfer
tx-350-C67550882-C58470057,ZeroedOriginBalance
tx-350-C1131453044-C191560026,FraudTransaction
tx-350-C1131453044-C191560026,HighAmountTransfer
tx-350-C1131453044-C191560026,ZeroedOriginBalance
tx-350-C1892591356-C1336813990,FraudTransaction
tx-350-C1892591356-C1336813990,HighAmountTransfer
tx-350-C1892591356-C1336813990,ZeroedOriginBalance
tx-350-C1980995791-C1952713155,FraudTransaction
tx-350-C1980995791-C1952713155,ZeroedOriginBalance
tx-350-C1537769770-C1975747042,FraudTransaction
tx-350-C1537769770-C1975747042,ZeroedOriginBalance
tx-350-C387427558-C364328277,FraudTransaction
tx-350-C387427558-C364328277,ZeroedOriginBalance
tx-350-C1245702576-C263880637,FraudTransaction
tx-350-C1245702576-C263880637,ZeroedOriginBalance
tx-350-C1231531045-C1282254449,FraudTransaction
tx-350-C1231531045-C1282254449,ZeroedOriginBalance
tx-350-C2092626574-C1839236136,FraudTransaction
tx-350-C2092626574-C1839236136,ZeroedOriginBalance
tx-351-C454838857-C838301055,FraudTransaction
tx-351-C454838857-C838301055,ZeroedOriginBalance
tx-351-C702710728-C5500994,FraudTransaction
tx-351-C702710728-C5500994,ZeroedOriginBalance
tx-351-C875012263-C1330100678,FraudTransaction
tx-351-C875012263-C1330100678,ZeroedOriginBalance
tx-351-C1223730292-C547781326,FraudTransaction
tx-351-C1223730292-C547781326,ZeroedOriginBalance
tx-351-C1280852753-C461887553,FraudTransaction
tx-351-C1280852753-C461887553,ZeroedOriginBalance
tx-351-C1516888196-C1751785530,FraudTransaction
tx-351-C1516888196-C1751785530,ZeroedOriginBalance
tx-351-C355768552-C191674614,FraudTransaction
tx-351-C355768552-C191674614,HighAmountTransfer
tx-351-C355768552-C191674614,ZeroedOriginBalance
tx-351-C14516308-C1104416444,FraudTransaction
tx-351-C14516308-C1104416444,HighAmountTransfer
tx-351-C14516308-C1104416444,ZeroedOriginBalance
tx-351-C1021520214-C1025216993,FraudTransaction
tx-351-C1021520214-C1025216993,HighAmountTransfer
tx-351-C1021520214-C1025216993,ZeroedOriginBalance
tx-351-C353183181-C2040628937,FraudTransaction
tx-351-C353183181-C2040628937,HighAmountTransfer
tx-351-C353183181-C2040628937,ZeroedOriginBalance
tx-351-C1293504491-C1368130863,FraudTransaction
tx-351-C1293504491-C1368130863,ZeroedOriginBalance
tx-351-C1861878353-C958479953,FraudTransaction
tx-351-C1861878353-C958479953,ZeroedOriginBalance
tx-351-C417981063-C1176673721,FraudTransaction
tx-351-C417981063-C1176673721,HighAmountTransfer
tx-351-C417981063-C1176673721,ZeroedOriginBalance
tx-351-C1597398625-C1830194909,FraudTransaction
tx-351-C1597398625-C1830194909,HighAmountTransfer
tx-351-C1597398625-C1830194909,ZeroedOriginBalance
tx-351-C1914099833-C1517275009,FraudTransaction
tx-351-C1914099833-C1517275009,HighAmountTransfer
tx-351-C1914099833-C1517275009,ZeroedOriginBalance
tx-351-C276220199-C150133143,FraudTransaction
tx-351-C276220199-C150133143,HighAmountTransfer
tx-351-C276220199-C150133143,ZeroedOriginBalance
tx-351-C1431338158-C1230205848,FraudTransaction
tx-351-C1431338158-C1230205848,HighAmountTransfer
tx-351-C1431338158-C1230205848,ZeroedOriginBalance
tx-351-C1791470904-C388319905,FraudTransaction
tx-351-C1791470904-C388319905,HighAmountTransfer
tx-351-C1791470904-C388319905,ZeroedOriginBalance
tx-352-C1741494580-C180982183,FraudTransaction
tx-352-C1741494580-C180982183,ZeroedOriginBalance
tx-352-C1396066056-C2095500377,FraudTransaction
tx-352-C1396066056-C2095500377,ZeroedOriginBalance
tx-352-C121062749-C1874985982,FraudTransaction
tx-352-C121062749-C1874985982,HighAmountTransfer
tx-352-C121062749-C1874985982,ZeroedOriginBalance
tx-352-C433434027-C916183053,FraudTransaction
tx-352-C433434027-C916183053,HighAmountTransfer
tx-352-C433434027-C916183053,ZeroedOriginBalance
tx-352-C1021093618-C1029613730,FraudTransaction
tx-352-C1021093618-C1029613730,ZeroedOriginBalance
tx-352-C2100152368-C413537349,FraudTransaction
tx-352-C2100152368-C413537349,ZeroedOriginBalance
tx-352-C2133141202-C1561593224,FraudTransaction
tx-352-C2133141202-C1561593224,ZeroedOriginBalance
tx-352-C109260257-C2020337583,FraudTransaction
tx-352-C109260257-C2020337583,ZeroedOriginBalance
tx-352-C109260257-C2020337583,RepeatedFraudDestination
tx-352-C1023551084-C257701345,FraudTransaction
tx-352-C1023551084-C257701345,HighAmountTransfer
tx-352-C1023551084-C257701345,ZeroedOriginBalance
tx-352-C1952070142-C1302887939,FraudTransaction
tx-352-C1952070142-C1302887939,HighAmountTransfer
tx-352-C1952070142-C1302887939,ZeroedOriginBalance
tx-352-C2019110541-C2098382104,FraudTransaction
tx-352-C2019110541-C2098382104,ZeroedOriginBalance
tx-352-C960694906-C1482523414,FraudTransaction
tx-352-C960694906-C1482523414,ZeroedOriginBalance
tx-352-C2069798530-C2110724119,FraudTransaction
tx-352-C2069798530-C2110724119,ZeroedOriginBalance
tx-352-C391483401-C338683828,FraudTransaction
tx-352-C391483401-C338683828,ZeroedOriginBalance
tx-352-C139606427-C2082743623,FraudTransaction
tx-352-C139606427-C2082743623,HighAmountTransfer
tx-352-C139606427-C2082743623,ZeroedOriginBalance
tx-352-C248073362-C840839680,FraudTransaction
tx-352-C248073362-C840839680,HighAmountTransfer
tx-352-C248073362-C840839680,ZeroedOriginBalance
tx-353-C836797981-C658953429,FraudTransaction
tx-353-C836797981-C658953429,ZeroedOriginBalance
tx-353-C202119586-C596898106,FraudTransaction
tx-353-C202119586-C596898106,ZeroedOriginBalance
tx-353-C1993094343-C639161653,FraudTransaction
tx-353-C1993094343-C639161653,ZeroedOriginBalance
tx-353-C482336380-C985066734,FraudTransaction
tx-353-C482336380-C985066734,ZeroedOriginBalance
tx-353-C2024314550-C510808127,FraudTransaction
tx-353-C2024314550-C510808127,ZeroedOriginBalance
tx-353-C46669034-C1321957985,FraudTransaction
tx-353-C46669034-C1321957985,ZeroedOriginBalance
tx-353-C229722378-C167926085,FraudTransaction
tx-353-C229722378-C167926085,ZeroedOriginBalance
tx-353-C10602288-C580353147,FraudTransaction
tx-353-C10602288-C580353147,ZeroedOriginBalance
tx-354-C501435638-C201807091,FraudTransaction
tx-354-C501435638-C201807091,HighAmountTransfer
tx-354-C50848420-C1732619349,FraudTransaction
tx-354-C50848420-C1732619349,HighAmountTransfer
tx-354-C50848420-C1732619349,ZeroedOriginBalance
tx-354-C350993487-C1614280501,FraudTransaction
tx-354-C350993487-C1614280501,HighAmountTransfer
tx-354-C350993487-C1614280501,ZeroedOriginBalance
tx-354-C1363018209-C1049795740,FraudTransaction
tx-354-C1363018209-C1049795740,HighAmountTransfer
tx-354-C1363018209-C1049795740,ZeroedOriginBalance
tx-354-C712071117-C465712526,FraudTransaction
tx-354-C712071117-C465712526,ZeroedOriginBalance
tx-354-C1379628544-C1897350199,FraudTransaction
tx-354-C1379628544-C1897350199,ZeroedOriginBalance
tx-354-C634556474-C1581571123,FraudTransaction
tx-354-C634556474-C1581571123,ZeroedOriginBalance
tx-354-C273275190-C997789760,FraudTransaction
tx-354-C273275190-C997789760,ZeroedOriginBalance
tx-354-C1182199361-C1178014735,FraudTransaction
tx-354-C1182199361-C1178014735,ZeroedOriginBalance
tx-354-C656179758-C105936896,FraudTransaction
tx-354-C656179758-C105936896,ZeroedOriginBalance
tx-354-C1257904471-C1927793477,FraudTransaction
tx-354-C1257904471-C1927793477,ZeroedOriginBalance
tx-354-C550781139-C335413710,FraudTransaction
tx-354-C550781139-C335413710,ZeroedOriginBalance
tx-355-C622353866-C955190047,FraudTransaction
tx-355-C622353866-C955190047,HighAmountTransfer
tx-355-C622353866-C955190047,ZeroedOriginBalance
tx-355-C1742651298-C866531579,FraudTransaction
tx-355-C1742651298-C866531579,HighAmountTransfer
tx-355-C1742651298-C866531579,ZeroedOriginBalance
tx-355-C15678402-C1208224272,FraudTransaction
tx-355-C15678402-C1208224272,HighAmountTransfer
tx-355-C15678402-C1208224272,ZeroedOriginBalance
tx-355-C1645091760-C504240309,FraudTransaction
tx-355-C1645091760-C504240309,HighAmountTransfer
tx-355-C1645091760-C504240309,ZeroedOriginBalance
tx-355-C1483983582-C1385439300,FraudTransaction
tx-355-C1483983582-C1385439300,ZeroedOriginBalance
tx-355-C1595793252-C636454309,FraudTransaction
tx-355-C1595793252-C636454309,ZeroedOriginBalance
tx-355-C466961726-C1107573885,FraudTransaction
tx-355-C466961726-C1107573885,ZeroedOriginBalance
tx-355-C149173089-C504582825,FraudTransaction
tx-355-C149173089-C504582825,ZeroedOriginBalance
tx-356-C854622383-C1455552961,FraudTransaction
tx-356-C854622383-C1455552961,ZeroedOriginBalance
tx-356-C850424960-C1620165471,FraudTransaction
tx-356-C850424960-C1620165471,ZeroedOriginBalance
tx-356-C1569009550-C1429463996,FraudTransaction
tx-356-C1569009550-C1429463996,HighAmountTransfer
tx-356-C1569009550-C1429463996,ZeroedOriginBalance
tx-356-C902008507-C1795644557,FraudTransaction
tx-356-C902008507-C1795644557,HighAmountTransfer
tx-356-C902008507-C1795644557,ZeroedOriginBalance
tx-356-C820024675-C1707005177,FraudTransaction
tx-356-C820024675-C1707005177,ZeroedOriginBalance
tx-356-C2080356866-C784361813,FraudTransaction
tx-356-C2080356866-C784361813,ZeroedOriginBalance
tx-357-C1335541144-C887702391,FraudTransaction
tx-357-C1335541144-C887702391,ZeroedOriginBalance
tx-357-C702607900-C2116852937,FraudTransaction
tx-357-C702607900-C2116852937,ZeroedOriginBalance
tx-357-C972148639-C1247043439,FraudTransaction
tx-357-C972148639-C1247043439,HighAmountTransfer
tx-357-C972148639-C1247043439,ZeroedOriginBalance
tx-357-C1918267923-C1297204700,FraudTransaction
tx-357-C1918267923-C1297204700,HighAmountTransfer
tx-357-C1918267923-C1297204700,ZeroedOriginBalance
tx-357-C247316356-C600765612,FraudTransaction
tx-357-C247316356-C600765612,ZeroedOriginBalance
tx-357-C393707500-C730262166,FraudTransaction
tx-357-C393707500-C730262166,ZeroedOriginBalance
tx-357-C1001502110-C1201215957,FraudTransaction
tx-357-C1001502110-C1201215957,ZeroedOriginBalance
tx-357-C1813945054-C545871472,FraudTransaction
tx-357-C1813945054-C545871472,ZeroedOriginBalance
tx-357-C482850122-C1683790241,FraudTransaction
tx-357-C482850122-C1683790241,ZeroedOriginBalance
tx-357-C624684299-C1596268050,FraudTransaction
tx-357-C624684299-C1596268050,ZeroedOriginBalance
tx-357-C1493761372-C1907708290,FraudTransaction
tx-357-C1493761372-C1907708290,HighAmountTransfer
tx-357-C1493761372-C1907708290,ZeroedOriginBalance
tx-357-C376454889-C1559513408,FraudTransaction
tx-357-C376454889-C1559513408,HighAmountTransfer
tx-357-C376454889-C1559513408,ZeroedOriginBalance
tx-357-C393177637-C106531078,FraudTransaction
tx-357-C393177637-C106531078,HighAmountTransfer
tx-357-C1879989290-C1527777046,FraudTransaction
tx-357-C1879989290-C1527777046,HighAmountTransfer
tx-357-C1879989290-C1527777046,ZeroedOriginBalance
tx-357-C1103031078-C1355105404,FraudTransaction
tx-357-C1103031078-C1355105404,ZeroedOriginBalance
tx-357-C1964629254-C1466275601,FraudTransaction
tx-357-C1964629254-C1466275601,ZeroedOriginBalance
tx-357-C830157856-C1658291646,FraudTransaction
tx-357-C830157856-C1658291646,ZeroedOriginBalance
tx-357-C847682979-C441116746,FraudTransaction
tx-357-C847682979-C441116746,ZeroedOriginBalance
tx-358-C1843682589-C117985558,FraudTransaction
tx-358-C1843682589-C117985558,ZeroedOriginBalance
tx-358-C2109337236-C692561048,FraudTransaction
tx-358-C2109337236-C692561048,ZeroedOriginBalance
tx-358-C441240054-C1113984965,FraudTransaction
tx-358-C441240054-C1113984965,HighAmountTransfer
tx-358-C441240054-C1113984965,ZeroedOriginBalance
tx-358-C391508712-C447486475,FraudTransaction
tx-358-C391508712-C447486475,HighAmountTransfer
tx-358-C391508712-C447486475,ZeroedOriginBalance
tx-358-C741331613-C1388979353,FraudTransaction
tx-358-C741331613-C1388979353,ZeroedOriginBalance
tx-358-C141206514-C1457638866,FraudTransaction
tx-358-C141206514-C1457638866,ZeroedOriginBalance
tx-358-C946052471-C621645313,FraudTransaction
tx-358-C946052471-C621645313,ZeroedOriginBalance
tx-358-C930621718-C392213931,FraudTransaction
tx-358-C930621718-C392213931,ZeroedOriginBalance
tx-358-C1024427567-C1328999824,FraudTransaction
tx-358-C1024427567-C1328999824,HighAmountTransfer
tx-358-C1024427567-C1328999824,ZeroedOriginBalance
tx-358-C498447652-C17820769,FraudTransaction
tx-358-C498447652-C17820769,HighAmountTransfer
tx-358-C498447652-C17820769,ZeroedOriginBalance
tx-359-C1007340530-C527429443,FraudTransaction
tx-359-C1007340530-C527429443,ZeroedOriginBalance
tx-359-C2057797075-C1616201785,FraudTransaction
tx-359-C2057797075-C1616201785,ZeroedOriginBalance
tx-359-C1075724931-C464861885,FraudTransaction
tx-359-C1075724931-C464861885,ZeroedOriginBalance
tx-359-C2124143230-C1974637471,FraudTransaction
tx-359-C2124143230-C1974637471,ZeroedOriginBalance
tx-359-C2118754392-C650299335,FraudTransaction
tx-359-C2118754392-C650299335,ZeroedOriginBalance
tx-359-C1248586428-C1550187391,FraudTransaction
tx-359-C1248586428-C1550187391,ZeroedOriginBalance
tx-359-C1889901787-C1023006881,FraudTransaction
tx-359-C1889901787-C1023006881,HighAmountTransfer
tx-359-C829777561-C419398117,FraudTransaction
tx-359-C829777561-C419398117,HighAmountTransfer
tx-359-C829777561-C419398117,ZeroedOriginBalance
tx-359-C30165590-C919133464,FraudTransaction
tx-359-C30165590-C919133464,HighAmountTransfer
tx-359-C30165590-C919133464,ZeroedOriginBalance
tx-359-C374971374-C738912638,FraudTransaction
tx-359-C374971374-C738912638,HighAmountTransfer
tx-359-C374971374-C738912638,ZeroedOriginBalance
tx-359-C1805149634-C849581392,FraudTransaction
tx-359-C1805149634-C849581392,HighAmountTransfer
tx-359-C1805149634-C849581392,ZeroedOriginBalance
tx-359-C2052842135-C1331351284,FraudTransaction
tx-359-C2052842135-C1331351284,HighAmountTransfer
tx-359-C2052842135-C1331351284,ZeroedOriginBalance
tx-360-C1756642124-C1851353200,FraudTransaction
tx-360-C1756642124-C1851353200,ZeroedOriginBalance
tx-360-C1287818335-C120939330,FraudTransaction
tx-360-C1287818335-C120939330,ZeroedOriginBalance
tx-360-C913474262-C627102981,FraudTransaction
tx-360-C913474262-C627102981,ZeroedOriginBalance
tx-360-C1019233817-C97431469,FraudTransaction
tx-360-C1019233817-C97431469,ZeroedOriginBalance
tx-360-C1635073538-C25163995,FraudTransaction
tx-360-C1635073538-C25163995,ZeroedOriginBalance
tx-360-C444540827-C844469689,FraudTransaction
tx-360-C444540827-C844469689,ZeroedOriginBalance
tx-360-C800929462-C1220198198,FraudTransaction
tx-360-C800929462-C1220198198,ZeroedOriginBalance
tx-360-C1648787789-C1789053993,FraudTransaction
tx-360-C1648787789-C1789053993,ZeroedOriginBalance
tx-361-C39420818-C105774839,FraudTransaction
tx-361-C39420818-C105774839,HighAmountTransfer
tx-361-C39420818-C105774839,ZeroedOriginBalance
tx-361-C1573791290-C634269340,FraudTransaction
tx-361-C1573791290-C634269340,HighAmountTransfer
tx-361-C1573791290-C634269340,ZeroedOriginBalance
tx-361-C398903352-C2067388128,FraudTransaction
tx-361-C398903352-C2067388128,HighAmountTransfer
tx-361-C398903352-C2067388128,ZeroedOriginBalance
tx-361-C677566670-C931612164,FraudTransaction
tx-361-C677566670-C931612164,HighAmountTransfer
tx-361-C677566670-C931612164,ZeroedOriginBalance
tx-361-C260837580-C1657343316,FraudTransaction
tx-361-C260837580-C1657343316,ZeroedOriginBalance
tx-361-C218959911-C287487374,FraudTransaction
tx-361-C218959911-C287487374,ZeroedOriginBalance
tx-361-C272031055-C1416978417,FraudTransaction
tx-361-C272031055-C1416978417,ZeroedOriginBalance
tx-361-C1978786060-C1444685915,FraudTransaction
tx-361-C1978786060-C1444685915,ZeroedOriginBalance
tx-361-C1829363360-C826844861,FraudTransaction
tx-361-C1829363360-C826844861,HighAmountTransfer
tx-361-C1829363360-C826844861,ZeroedOriginBalance
tx-361-C1184890724-C140983265,FraudTransaction
tx-361-C1184890724-C140983265,HighAmountTransfer
tx-361-C1184890724-C140983265,ZeroedOriginBalance
tx-361-C602426084-C391051128,FraudTransaction
tx-361-C602426084-C391051128,HighAmountTransfer
tx-361-C602426084-C391051128,ZeroedOriginBalance
tx-361-C2057725638-C1094429579,FraudTransaction
tx-361-C2057725638-C1094429579,HighAmountTransfer
tx-361-C2057725638-C1094429579,ZeroedOriginBalance
tx-361-C1499900306-C1983606729,FraudTransaction
tx-361-C1499900306-C1983606729,ZeroedOriginBalance
tx-361-C1641749166-C1674907245,FraudTransaction
tx-361-C1641749166-C1674907245,ZeroedOriginBalance
tx-362-C1026774960-C1180460308,FraudTransaction
tx-362-C1026774960-C1180460308,HighAmountTransfer
tx-362-C1026774960-C1180460308,ZeroedOriginBalance
tx-362-C796529058-C338861738,FraudTransaction
tx-362-C796529058-C338861738,HighAmountTransfer
tx-362-C796529058-C338861738,ZeroedOriginBalance
tx-362-C828020985-C2065608692,FraudTransaction
tx-362-C828020985-C2065608692,HighAmountTransfer
tx-362-C828020985-C2065608692,ZeroedOriginBalance
tx-362-C1239977402-C1417680063,FraudTransaction
tx-362-C1239977402-C1417680063,HighAmountTransfer
tx-362-C1239977402-C1417680063,ZeroedOriginBalance
tx-362-C1597827743-C1103826731,FraudTransaction
tx-362-C1597827743-C1103826731,ZeroedOriginBalance
tx-362-C1209135917-C2133064223,FraudTransaction
tx-362-C1209135917-C2133064223,ZeroedOriginBalance
tx-362-C362343173-C2119235078,FraudTransaction
tx-362-C362343173-C2119235078,ZeroedOriginBalance
tx-362-C1758241116-C1814482000,FraudTransaction
tx-362-C1758241116-C1814482000,ZeroedOriginBalance
tx-362-C1224276273-C298592695,FraudTransaction
tx-362-C1224276273-C298592695,HighAmountTransfer
tx-362-C1224276273-C298592695,ZeroedOriginBalance
tx-362-C851172808-C1693761421,FraudTransaction
tx-362-C851172808-C1693761421,HighAmountTransfer
tx-362-C851172808-C1693761421,ZeroedOriginBalance
tx-362-C2059535727-C214810405,FraudTransaction
tx-362-C2059535727-C214810405,ZeroedOriginBalance
tx-362-C1506215501-C2011327946,FraudTransaction
tx-362-C1506215501-C2011327946,ZeroedOriginBalance
tx-362-C1554022122-C380623487,FraudTransaction
tx-362-C1554022122-C380623487,ZeroedOriginBalance
tx-362-C722054736-C1009545186,FraudTransaction
tx-362-C722054736-C1009545186,ZeroedOriginBalance
tx-362-C1208192074-C255905586,FraudTransaction
tx-362-C1208192074-C255905586,HighAmountTransfer
tx-362-C23198921-C486186579,FraudTransaction
tx-362-C23198921-C486186579,HighAmountTransfer
tx-362-C23198921-C486186579,ZeroedOriginBalance
tx-362-C2068656014-C1266729216,FraudTransaction
tx-362-C2068656014-C1266729216,HighAmountTransfer
tx-362-C2068656014-C1266729216,ZeroedOriginBalance
tx-362-C2030295854-C383839277,FraudTransaction
tx-362-C2030295854-C383839277,HighAmountTransfer
tx-362-C2030295854-C383839277,ZeroedOriginBalance
tx-362-C893956566-C1302223978,FraudTransaction
tx-362-C893956566-C1302223978,HighAmountTransfer
tx-362-C893956566-C1302223978,ZeroedOriginBalance
tx-362-C34007989-C1902245575,FraudTransaction
tx-362-C34007989-C1902245575,HighAmountTransfer
tx-362-C34007989-C1902245575,ZeroedOriginBalance
tx-363-C875187668-C1712764754,FraudTransaction
tx-363-C875187668-C1712764754,HighAmountTransfer
tx-363-C875187668-C1712764754,ZeroedOriginBalance
tx-363-C537091000-C1919442037,FraudTransaction
tx-363-C537091000-C1919442037,HighAmountTransfer
tx-363-C537091000-C1919442037,ZeroedOriginBalance
tx-363-C34164934-C76366495,FraudTransaction
tx-363-C34164934-C76366495,HighAmountTransfer
tx-363-C34164934-C76366495,ZeroedOriginBalance
tx-363-C429080055-C1734499928,FraudTransaction
tx-363-C429080055-C1734499928,HighAmountTransfer
tx-363-C429080055-C1734499928,ZeroedOriginBalance
tx-363-C2142345212-C1337488224,FraudTransaction
tx-363-C2142345212-C1337488224,ZeroedOriginBalance
tx-363-C1171643689-C1443148834,FraudTransaction
tx-363-C1171643689-C1443148834,ZeroedOriginBalance
tx-363-C219294261-C1925673449,FraudTransaction
tx-363-C219294261-C1925673449,HighAmountTransfer
tx-363-C219294261-C1925673449,ZeroedOriginBalance
tx-363-C233751269-C300915892,FraudTransaction
tx-363-C233751269-C300915892,HighAmountTransfer
tx-363-C233751269-C300915892,ZeroedOriginBalance
tx-363-C2115222227-C2054556206,FraudTransaction
tx-363-C2115222227-C2054556206,HighAmountTransfer
tx-363-C2115222227-C2054556206,ZeroedOriginBalance
tx-363-C356781229-C159373411,FraudTransaction
tx-363-C356781229-C159373411,HighAmountTransfer
tx-363-C356781229-C159373411,ZeroedOriginBalance
tx-363-C152821682-C580582167,FraudTransaction
tx-363-C152821682-C580582167,ZeroedOriginBalance
tx-363-C1922686366-C938949509,FraudTransaction
tx-363-C1922686366-C938949509,ZeroedOriginBalance
tx-363-C289350716-C106224220,FraudTransaction
tx-363-C289350716-C106224220,ZeroedOriginBalance
tx-363-C615216082-C513190251,FraudTransaction
tx-363-C615216082-C513190251,ZeroedOriginBalance
tx-364-C328021152-C1931140794,FraudTransaction
tx-364-C328021152-C1931140794,ZeroedOriginBalance
tx-364-C602497337-C1662459013,FraudTransaction
tx-364-C602497337-C1662459013,ZeroedOriginBalance
tx-364-C641091675-C1483704749,FraudTransaction
tx-364-C641091675-C1483704749,ZeroedOriginBalance
tx-364-C1136940634-C1710133326,FraudTransaction
tx-364-C1136940634-C1710133326,ZeroedOriginBalance
tx-364-C966152886-C588633149,FraudTransaction
tx-364-C966152886-C588633149,HighAmountTransfer
tx-364-C966152886-C588633149,ZeroedOriginBalance
tx-364-C1369312276-C584026670,FraudTransaction
tx-364-C1369312276-C584026670,HighAmountTransfer
tx-364-C1369312276-C584026670,ZeroedOriginBalance
tx-365-C1174332140-C1252332991,FraudTransaction
tx-365-C1174332140-C1252332991,ZeroedOriginBalance
tx-365-C610867855-C1823561951,FraudTransaction
tx-365-C610867855-C1823561951,ZeroedOriginBalance
tx-365-C794947414-C1309662059,FraudTransaction
tx-365-C794947414-C1309662059,HighAmountTransfer
tx-365-C794947414-C1309662059,ZeroedOriginBalance
tx-365-C238987266-C1373089977,FraudTransaction
tx-365-C238987266-C1373089977,HighAmountTransfer
tx-365-C238987266-C1373089977,ZeroedOriginBalance
tx-365-C948820574-C1013301931,FraudTransaction
tx-365-C948820574-C1013301931,ZeroedOriginBalance
tx-365-C750171680-C220373789,FraudTransaction
tx-365-C750171680-C220373789,ZeroedOriginBalance
tx-365-C1449357986-C185244782,FraudTransaction
tx-365-C1449357986-C185244782,ZeroedOriginBalance
tx-365-C2116603253-C1764741760,FraudTransaction
tx-365-C2116603253-C1764741760,ZeroedOriginBalance
tx-365-C673298372-C1666814997,FraudTransaction
tx-365-C673298372-C1666814997,ZeroedOriginBalance
tx-365-C834601814-C874278645,FraudTransaction
tx-365-C834601814-C874278645,ZeroedOriginBalance
tx-365-C2080670113-C1564547651,FraudTransaction
tx-365-C2080670113-C1564547651,HighAmountTransfer
tx-365-C2080670113-C1564547651,ZeroedOriginBalance
tx-365-C1149220913-C771492028,FraudTransaction
tx-365-C1149220913-C771492028,HighAmountTransfer
tx-365-C1149220913-C771492028,ZeroedOriginBalance
tx-365-C1640343789-C1989263119,FraudTransaction
tx-365-C1640343789-C1989263119,ZeroedOriginBalance
tx-365-C673817136-C2054229425,FraudTransaction
tx-365-C673817136-C2054229425,ZeroedOriginBalance
tx-366-C1895315229-C1691229227,FraudTransaction
tx-366-C1895315229-C1691229227,HighAmountTransfer
tx-366-C1895315229-C1691229227,ZeroedOriginBalance
tx-366-C1233106691-C1805423931,FraudTransaction
tx-366-C1233106691-C1805423931,HighAmountTransfer
tx-366-C1233106691-C1805423931,ZeroedOriginBalance
tx-366-C342198691-C87161857,FraudTransaction
tx-366-C342198691-C87161857,ZeroedOriginBalance
tx-366-C1283250081-C956555426,FraudTransaction
tx-366-C1283250081-C956555426,ZeroedOriginBalance
tx-366-C1273953731-C1701713893,FraudTransaction
tx-366-C1273953731-C1701713893,HighAmountTransfer
tx-366-C1273953731-C1701713893,ZeroedOriginBalance
tx-366-C399282086-C1910008940,FraudTransaction
tx-366-C399282086-C1910008940,HighAmountTransfer
tx-366-C399282086-C1910008940,ZeroedOriginBalance
tx-366-C794571885-C1390885602,FraudTransaction
tx-366-C794571885-C1390885602,ZeroedOriginBalance
tx-366-C87506936-C770921525,FraudTransaction
tx-366-C87506936-C770921525,ZeroedOriginBalance
tx-366-C957078136-C819604043,FraudTransaction
tx-366-C957078136-C819604043,HighAmountTransfer
tx-366-C957078136-C819604043,ZeroedOriginBalance
tx-366-C1254740800-C258745277,FraudTransaction
tx-366-C1254740800-C258745277,HighAmountTransfer
tx-366-C1254740800-C258745277,ZeroedOriginBalance
tx-367-C75004200-C687978944,FraudTransaction
tx-367-C75004200-C687978944,ZeroedOriginBalance
tx-367-C940330656-C382068653,FraudTransaction
tx-367-C940330656-C382068653,ZeroedOriginBalance
tx-367-C1605606339-C1490951962,FraudTransaction
tx-367-C1605606339-C1490951962,ZeroedOriginBalance
tx-367-C1541669030-C235660797,FraudTransaction
tx-367-C1541669030-C235660797,ZeroedOriginBalance
tx-367-C479368139-C342463747,FraudTransaction
tx-367-C479368139-C342463747,ZeroedOriginBalance
tx-367-C1177659319-C363499391,FraudTransaction
tx-367-C1177659319-C363499391,ZeroedOriginBalance
tx-367-C397472180-C85938481,FraudTransaction
tx-367-C397472180-C85938481,ZeroedOriginBalance
tx-367-C961270274-C1692249598,FraudTransaction
tx-367-C961270274-C1692249598,ZeroedOriginBalance
tx-367-C903484940-C1036408252,FraudTransaction
tx-367-C903484940-C1036408252,ZeroedOriginBalance
tx-367-C1069202179-C1808434552,FraudTransaction
tx-367-C1069202179-C1808434552,ZeroedOriginBalance
tx-367-C790089745-C1816333758,FraudTransaction
tx-367-C790089745-C1816333758,ZeroedOriginBalance
tx-367-C1210833971-C363013236,FraudTransaction
tx-367-C1210833971-C363013236,ZeroedOriginBalance
tx-367-C757385548-C150262836,FraudTransaction
tx-367-C757385548-C150262836,ZeroedOriginBalance
tx-367-C1202457928-C2142717530,FraudTransaction
tx-367-C1202457928-C2142717530,ZeroedOriginBalance
tx-368-C1842995301-C1445649140,FraudTransaction
tx-368-C1842995301-C1445649140,ZeroedOriginBalance
tx-368-C1712549867-C359165677,FraudTransaction
tx-368-C1712549867-C359165677,ZeroedOriginBalance
tx-368-C2102374682-C1827800010,FraudTransaction
tx-368-C2102374682-C1827800010,HighAmountTransfer
tx-368-C2102374682-C1827800010,ZeroedOriginBalance
tx-368-C2102374682-C1827800010,RepeatedFraudDestination
tx-368-C692473423-C52022125,FraudTransaction
tx-368-C692473423-C52022125,HighAmountTransfer
tx-368-C692473423-C52022125,ZeroedOriginBalance
tx-368-C197020106-C1227889272,FraudTransaction
tx-368-C197020106-C1227889272,ZeroedOriginBalance
tx-368-C1991181153-C2069255486,FraudTransaction
tx-368-C1991181153-C2069255486,ZeroedOriginBalance
tx-369-C767478867-C690992451,FraudTransaction
tx-369-C767478867-C690992451,HighAmountTransfer
tx-369-C767478867-C690992451,ZeroedOriginBalance
tx-369-C128613711-C1898150915,FraudTransaction
tx-369-C128613711-C1898150915,HighAmountTransfer
tx-369-C128613711-C1898150915,ZeroedOriginBalance
tx-369-C202278158-C988859148,FraudTransaction
tx-369-C202278158-C988859148,ZeroedOriginBalance
tx-369-C1281479981-C412977644,FraudTransaction
tx-369-C1281479981-C412977644,ZeroedOriginBalance
tx-369-C1585320500-C1154746832,FraudTransaction
tx-369-C1585320500-C1154746832,ZeroedOriginBalance
tx-369-C53932340-C987355544,FraudTransaction
tx-369-C53932340-C987355544,ZeroedOriginBalance
tx-370-C1591378177-C1129556923,FraudTransaction
tx-370-C1591378177-C1129556923,ZeroedOriginBalance
tx-370-C1125292418-C1284811056,FraudTransaction
tx-370-C1125292418-C1284811056,ZeroedOriginBalance
tx-370-C1844415147-C1848964453,FraudTransaction
tx-370-C1844415147-C1848964453,HighAmountTransfer
tx-370-C1844415147-C1848964453,ZeroedOriginBalance
tx-370-C628490839-C107223532,FraudTransaction
tx-370-C628490839-C107223532,HighAmountTransfer
tx-370-C628490839-C107223532,ZeroedOriginBalance
tx-370-C2004415604-C1405363067,FraudTransaction
tx-370-C2004415604-C1405363067,ZeroedOriginBalance
tx-370-C1853423819-C487915581,FraudTransaction
tx-370-C1853423819-C487915581,ZeroedOriginBalance
tx-370-C1064157081-C755322456,FraudTransaction
tx-370-C1064157081-C755322456,ZeroedOriginBalance
tx-370-C1079337250-C1882398293,FraudTransaction
tx-370-C1079337250-C1882398293,ZeroedOriginBalance
tx-370-C911097587-C1529329683,FraudTransaction
tx-370-C911097587-C1529329683,ZeroedOriginBalance
tx-370-C1102225556-C2084986511,FraudTransaction
tx-370-C1102225556-C2084986511,ZeroedOriginBalance
tx-370-C675893330-C265392838,FraudTransaction
tx-370-C675893330-C265392838,HighAmountTransfer
tx-370-C675893330-C265392838,ZeroedOriginBalance
tx-370-C2122707559-C737740255,FraudTransaction
tx-370-C2122707559-C737740255,HighAmountTransfer
tx-370-C2122707559-C737740255,ZeroedOriginBalance
tx-370-C1802427135-C1072055067,FraudTransaction
tx-370-C1802427135-C1072055067,HighAmountTransfer
tx-370-C1751546135-C296834383,FraudTransaction
tx-370-C1751546135-C296834383,HighAmountTransfer
tx-370-C1751546135-C296834383,ZeroedOriginBalance
tx-370-C462652864-C725249814,FraudTransaction
tx-370-C462652864-C725249814,HighAmountTransfer
tx-370-C462652864-C725249814,ZeroedOriginBalance
tx-370-C395458530-C1340837967,FraudTransaction
tx-370-C395458530-C1340837967,HighAmountTransfer
tx-370-C395458530-C1340837967,ZeroedOriginBalance
tx-370-C1343535445-C1908664816,FraudTransaction
tx-370-C1343535445-C1908664816,ZeroedOriginBalance
tx-370-C877614645-C942737312,FraudTransaction
tx-370-C877614645-C942737312,ZeroedOriginBalance
tx-371-C1937824051-C1513735273,FraudTransaction
tx-371-C1937824051-C1513735273,ZeroedOriginBalance
tx-371-C778960214-C816129508,FraudTransaction
tx-371-C778960214-C816129508,ZeroedOriginBalance
tx-371-C1186321372-C372000070,FraudTransaction
tx-371-C1186321372-C372000070,ZeroedOriginBalance
tx-371-C1392000851-C1530402774,FraudTransaction
tx-371-C1392000851-C1530402774,ZeroedOriginBalance
tx-371-C1673136628-C1138882522,FraudTransaction
tx-371-C1673136628-C1138882522,ZeroedOriginBalance
tx-371-C1336772160-C2058716445,FraudTransaction
tx-371-C1336772160-C2058716445,ZeroedOriginBalance
tx-372-C1770563900-C495349286,FraudTransaction
tx-372-C1770563900-C495349286,ZeroedOriginBalance
tx-372-C744892229-C348424579,FraudTransaction
tx-372-C744892229-C348424579,ZeroedOriginBalance
tx-372-C1861461304-C618348006,FraudTransaction
tx-372-C1861461304-C618348006,HighAmountTransfer
tx-372-C1861461304-C618348006,ZeroedOriginBalance
tx-372-C250061568-C1463443911,FraudTransaction
tx-372-C250061568-C1463443911,HighAmountTransfer
tx-372-C250061568-C1463443911,ZeroedOriginBalance
tx-372-C1513636547-C526174668,FraudTransaction
tx-372-C1513636547-C526174668,ZeroedOriginBalance
tx-372-C1253505157-C1241749238,FraudTransaction
tx-372-C1253505157-C1241749238,ZeroedOriginBalance
tx-372-C1312260902-C1724629227,FraudTransaction
tx-372-C1312260902-C1724629227,HighAmountTransfer
tx-372-C1312260902-C1724629227,ZeroedOriginBalance
tx-372-C1763502384-C2027686342,FraudTransaction
tx-372-C1763502384-C2027686342,HighAmountTransfer
tx-372-C1763502384-C2027686342,ZeroedOriginBalance
tx-373-C530984971-C215554874,FraudTransaction
tx-373-C530984971-C215554874,ZeroedOriginBalance
tx-373-C767066926-C1291704939,FraudTransaction
tx-373-C767066926-C1291704939,ZeroedOriginBalance
tx-373-C975117365-C1981314185,FraudTransaction
tx-373-C975117365-C1981314185,HighAmountTransfer
tx-373-C975117365-C1981314185,ZeroedOriginBalance
tx-373-C525104705-C1490211524,FraudTransaction
tx-373-C525104705-C1490211524,HighAmountTransfer
tx-373-C525104705-C1490211524,ZeroedOriginBalance
tx-373-C1846913649-C963685375,FraudTransaction
tx-373-C1846913649-C963685375,ZeroedOriginBalance
tx-373-C85943381-C792542501,FraudTransaction
tx-373-C85943381-C792542501,ZeroedOriginBalance
tx-373-C1353978265-C1142361265,FraudTransaction
tx-373-C1353978265-C1142361265,ZeroedOriginBalance
tx-373-C1045010197-C1827976569,FraudTransaction
tx-373-C1045010197-C1827976569,ZeroedOriginBalance
tx-373-C1625326980-C1011865698,FraudTransaction
tx-373-C1625326980-C1011865698,ZeroedOriginBalance
tx-373-C1119661582-C1171953426,FraudTransaction
tx-373-C1119661582-C1171953426,ZeroedOriginBalance
tx-373-C1893124712-C199658774,FraudTransaction
tx-373-C1893124712-C199658774,ZeroedOriginBalance
tx-373-C342734200-C314896314,FraudTransaction
tx-373-C342734200-C314896314,ZeroedOriginBalance
tx-374-C1366764100-C932961272,FraudTransaction
tx-374-C1366764100-C932961272,HighAmountTransfer
tx-374-C1366764100-C932961272,ZeroedOriginBalance
tx-374-C1202085584-C1424764203,FraudTransaction
tx-374-C1202085584-C1424764203,HighAmountTransfer
tx-374-C1202085584-C1424764203,ZeroedOriginBalance
tx-374-C186075022-C1001664465,FraudTransaction
tx-374-C186075022-C1001664465,ZeroedOriginBalance
tx-374-C1178286288-C626411479,FraudTransaction
tx-374-C1178286288-C626411479,ZeroedOriginBalance
tx-374-C1730154967-C26656347,FraudTransaction
tx-374-C1730154967-C26656347,ZeroedOriginBalance
tx-374-C1423336678-C1172683481,FraudTransaction
tx-374-C1423336678-C1172683481,ZeroedOriginBalance
tx-374-C65923557-C246666772,FraudTransaction
tx-374-C65923557-C246666772,ZeroedOriginBalance
tx-374-C504247900-C1327566148,FraudTransaction
tx-374-C504247900-C1327566148,ZeroedOriginBalance
tx-374-C1536431986-C1220821347,FraudTransaction
tx-374-C1536431986-C1220821347,ZeroedOriginBalance
tx-374-C962574299-C1896575242,FraudTransaction
tx-374-C962574299-C1896575242,ZeroedOriginBalance
tx-374-C92520056-C1970886312,FraudTransaction
tx-374-C92520056-C1970886312,ZeroedOriginBalance
tx-374-C908924241-C1546609345,FraudTransaction
tx-374-C908924241-C1546609345,ZeroedOriginBalance
tx-374-C557416000-C1372402495,FraudTransaction
tx-374-C557416000-C1372402495,ZeroedOriginBalance
tx-374-C2113506271-C1469541574,FraudTransaction
tx-374-C2113506271-C1469541574,ZeroedOriginBalance
tx-375-C1449311251-C1975743671,FraudTransaction
tx-375-C1449311251-C1975743671,ZeroedOriginBalance
tx-375-C1561647393-C471381554,FraudTransaction
tx-375-C1561647393-C471381554,ZeroedOriginBalance
tx-375-C353172290-C1521894181,FraudTransaction
tx-375-C353172290-C1521894181,ZeroedOriginBalance
tx-375-C2020423180-C398791968,FraudTransaction
tx-375-C2020423180-C398791968,ZeroedOriginBalance
tx-375-C895816013-C2008137353,FraudTransaction
tx-375-C895816013-C2008137353,ZeroedOriginBalance
tx-375-C1967126736-C1968363460,FraudTransaction
tx-375-C1967126736-C1968363460,ZeroedOriginBalance
tx-375-C960563833-C939732491,FraudTransaction
tx-375-C960563833-C939732491,ZeroedOriginBalance
tx-375-C1218834080-C817408306,FraudTransaction
tx-375-C1218834080-C817408306,ZeroedOriginBalance
tx-375-C1177986961-C1232954487,FraudTransaction
tx-375-C1177986961-C1232954487,ZeroedOriginBalance
tx-375-C1590896379-C297643406,FraudTransaction
tx-375-C1590896379-C297643406,ZeroedOriginBalance
tx-376-C551643409-C634586560,FraudTransaction
tx-376-C551643409-C634586560,ZeroedOriginBalance
tx-376-C1876256795-C2126149850,FraudTransaction
tx-376-C1876256795-C2126149850,ZeroedOriginBalance
tx-376-C1012053866-C1148781766,FraudTransaction
tx-376-C1012053866-C1148781766,ZeroedOriginBalance
tx-376-C1012053866-C1148781766,RepeatedFraudDestination
tx-376-C1051999166-C782363918,FraudTransaction
tx-376-C1051999166-C782363918,ZeroedOriginBalance
tx-377-C466106905-C2067219464,FraudTransaction
tx-377-C466106905-C2067219464,HighAmountTransfer
tx-377-C466106905-C2067219464,ZeroedOriginBalance
tx-377-C843030857-C130896876,FraudTransaction
tx-377-C843030857-C130896876,HighAmountTransfer
tx-377-C843030857-C130896876,ZeroedOriginBalance
tx-377-C1619687935-C1837027614,FraudTransaction
tx-377-C1619687935-C1837027614,ZeroedOriginBalance
tx-377-C1619687935-C1837027614,RepeatedFraudDestination
tx-377-C934940485-C534184245,FraudTransaction
tx-377-C934940485-C534184245,ZeroedOriginBalance
tx-377-C1995894884-C2035661541,FraudTransaction
tx-377-C1995894884-C2035661541,ZeroedOriginBalance
tx-377-C1524577993-C1543571230,FraudTransaction
tx-377-C1524577993-C1543571230,ZeroedOriginBalance
tx-377-C1954167888-C2111339406,FraudTransaction
tx-377-C1954167888-C2111339406,ZeroedOriginBalance
tx-377-C1696816111-C1280120239,FraudTransaction
tx-377-C1696816111-C1280120239,ZeroedOriginBalance
tx-377-C2125867805-C1378742285,FraudTransaction
tx-377-C2125867805-C1378742285,ZeroedOriginBalance
tx-377-C922540199-C1098002661,FraudTransaction
tx-377-C922540199-C1098002661,ZeroedOriginBalance
tx-378-C2040900392-C623153893,FraudTransaction
tx-378-C2040900392-C623153893,ZeroedOriginBalance
tx-378-C1577306168-C353651788,FraudTransaction
tx-378-C1577306168-C353651788,ZeroedOriginBalance
tx-378-C901042408-C469325256,FraudTransaction
tx-378-C901042408-C469325256,ZeroedOriginBalance
tx-378-C213567087-C349611692,FraudTransaction
tx-378-C213567087-C349611692,ZeroedOriginBalance
tx-379-C1878038300-C1256363889,FraudTransaction
tx-379-C1878038300-C1256363889,ZeroedOriginBalance
tx-379-C752396851-C308869355,FraudTransaction
tx-379-C752396851-C308869355,ZeroedOriginBalance
tx-379-C1514527764-C1947200265,FraudTransaction
tx-379-C1514527764-C1947200265,ZeroedOriginBalance
tx-379-C1220506270-C843527352,FraudTransaction
tx-379-C1220506270-C843527352,ZeroedOriginBalance
tx-379-C1797578392-C27924334,FraudTransaction
tx-379-C1797578392-C27924334,ZeroedOriginBalance
tx-379-C1668487774-C1354269038,FraudTransaction
tx-379-C1668487774-C1354269038,ZeroedOriginBalance
tx-379-C714182090-C1823914038,FraudTransaction
tx-379-C714182090-C1823914038,ZeroedOriginBalance
tx-379-C974535194-C617136418,FraudTransaction
tx-379-C974535194-C617136418,ZeroedOriginBalance
tx-379-C1500954135-C1753438531,FraudTransaction
tx-379-C1500954135-C1753438531,ZeroedOriginBalance
tx-379-C2031058034-C413925568,FraudTransaction
tx-379-C2031058034-C413925568,ZeroedOriginBalance
tx-379-C2084166173-C1399946131,FraudTransaction
tx-379-C2084166173-C1399946131,HighAmountTransfer
tx-379-C2084166173-C1399946131,ZeroedOriginBalance
tx-379-C2079730259-C684635804,FraudTransaction
tx-379-C2079730259-C684635804,HighAmountTransfer
tx-379-C2079730259-C684635804,ZeroedOriginBalance
tx-379-C491418989-C2053136767,FraudTransaction
tx-379-C491418989-C2053136767,HighAmountTransfer
tx-379-C491418989-C2053136767,ZeroedOriginBalance
tx-379-C588956129-C1673836428,FraudTransaction
tx-379-C588956129-C1673836428,HighAmountTransfer
tx-379-C588956129-C1673836428,ZeroedOriginBalance
tx-379-C1149729385-C246500623,FraudTransaction
tx-379-C1149729385-C246500623,HighAmountTransfer
tx-379-C1149729385-C246500623,ZeroedOriginBalance
tx-379-C812001868-C126759793,FraudTransaction
tx-379-C812001868-C126759793,HighAmountTransfer
tx-379-C812001868-C126759793,ZeroedOriginBalance
tx-380-C1150996147-C278927919,FraudTransaction
tx-380-C1150996147-C278927919,ZeroedOriginBalance
tx-380-C1421116236-C1258126361,FraudTransaction
tx-380-C1421116236-C1258126361,ZeroedOriginBalance
tx-380-C739766096-C2100602462,FraudTransaction
tx-380-C739766096-C2100602462,HighAmountTransfer
tx-380-C739766096-C2100602462,ZeroedOriginBalance
tx-380-C1489638562-C1524302218,FraudTransaction
tx-380-C1489638562-C1524302218,HighAmountTransfer
tx-380-C1489638562-C1524302218,ZeroedOriginBalance
tx-380-C955833247-C517854187,FraudTransaction
tx-380-C955833247-C517854187,ZeroedOriginBalance
tx-380-C282770927-C1266647096,FraudTransaction
tx-380-C282770927-C1266647096,ZeroedOriginBalance
tx-380-C94784819-C597468231,FraudTransaction
tx-380-C94784819-C597468231,ZeroedOriginBalance
tx-380-C612855677-C18175178,FraudTransaction
tx-380-C612855677-C18175178,ZeroedOriginBalance
tx-380-C292281038-C1409481087,FraudTransaction
tx-380-C292281038-C1409481087,ZeroedOriginBalance
tx-380-C1284814177-C737412944,FraudTransaction
tx-380-C1284814177-C737412944,ZeroedOriginBalance
tx-380-C160893459-C1231260699,FraudTransaction
tx-380-C160893459-C1231260699,ZeroedOriginBalance
tx-380-C722639909-C1903020590,FraudTransaction
tx-380-C722639909-C1903020590,ZeroedOriginBalance
tx-380-C479893074-C2076141378,FraudTransaction
tx-380-C479893074-C2076141378,ZeroedOriginBalance
tx-380-C708298285-C130302378,FraudTransaction
tx-380-C708298285-C130302378,ZeroedOriginBalance
tx-381-C1086283812-C575658952,FraudTransaction
tx-381-C1086283812-C575658952,ZeroedOriginBalance
tx-381-C536229178-C1631425585,FraudTransaction
tx-381-C536229178-C1631425585,ZeroedOriginBalance
tx-381-C525941534-C521981840,FraudTransaction
tx-381-C525941534-C521981840,ZeroedOriginBalance
tx-381-C107359610-C993674032,FraudTransaction
tx-381-C107359610-C993674032,ZeroedOriginBalance
tx-382-C166433413-C609529822,FraudTransaction
tx-382-C166433413-C609529822,HighAmountTransfer
tx-382-C166433413-C609529822,ZeroedOriginBalance
tx-382-C1834145577-C2086301492,FraudTransaction
tx-382-C1834145577-C2086301492,HighAmountTransfer
tx-382-C1834145577-C2086301492,ZeroedOriginBalance
tx-382-C1791407950-C1325066757,FraudTransaction
tx-382-C1791407950-C1325066757,ZeroedOriginBalance
tx-382-C5103854-C26179537,FraudTransaction
tx-382-C5103854-C26179537,ZeroedOriginBalance
tx-382-C1069976593-C1835585013,FraudTransaction
tx-382-C1069976593-C1835585013,HighAmountTransfer
tx-382-C1069976593-C1835585013,ZeroedOriginBalance
tx-382-C1681145385-C1060758741,FraudTransaction
tx-382-C1681145385-C1060758741,HighAmountTransfer
tx-382-C1681145385-C1060758741,ZeroedOriginBalance
tx-382-C1418682514-C1366479177,FraudTransaction
tx-382-C1418682514-C1366479177,ZeroedOriginBalance
tx-382-C1132334899-C1932342438,FraudTransaction
tx-382-C1132334899-C1932342438,ZeroedOriginBalance
tx-383-C827588953-C878693982,FraudTransaction
tx-383-C827588953-C878693982,HighAmountTransfer
tx-383-C827588953-C878693982,ZeroedOriginBalance
tx-383-C2019434914-C1700021809,FraudTransaction
tx-383-C2019434914-C1700021809,HighAmountTransfer
tx-383-C2019434914-C1700021809,ZeroedOriginBalance
tx-383-C170364634-C128372734,FraudTransaction
tx-383-C170364634-C128372734,HighAmountTransfer
tx-383-C170364634-C128372734,ZeroedOriginBalance
tx-383-C1283767836-C1198859415,FraudTransaction
tx-383-C1283767836-C1198859415,HighAmountTransfer
tx-383-C1283767836-C1198859415,ZeroedOriginBalance
tx-383-C1575202335-C278215975,FraudTransaction
tx-383-C1575202335-C278215975,ZeroedOriginBalance
tx-383-C1647085354-C113727992,FraudTransaction
tx-383-C1647085354-C113727992,ZeroedOriginBalance
tx-383-C1921639115-C2051766253,FraudTransaction
tx-383-C1921639115-C2051766253,ZeroedOriginBalance
tx-383-C1256441971-C197409324,FraudTransaction
tx-383-C1256441971-C197409324,ZeroedOriginBalance
tx-383-C964428747-C455719432,FraudTransaction
tx-383-C964428747-C455719432,ZeroedOriginBalance
tx-383-C723141426-C1701498090,FraudTransaction
tx-383-C723141426-C1701498090,ZeroedOriginBalance
tx-383-C1497139417-C1561724492,FraudTransaction
tx-383-C1497139417-C1561724492,HighAmountTransfer
tx-383-C1497139417-C1561724492,ZeroedOriginBalance
tx-383-C1671601365-C66224368,FraudTransaction
tx-383-C1671601365-C66224368,HighAmountTransfer
tx-383-C1671601365-C66224368,ZeroedOriginBalance
tx-383-C1145944802-C1787507193,FraudTransaction
tx-383-C1145944802-C1787507193,ZeroedOriginBalance
tx-383-C911775110-C1959198865,FraudTransaction
tx-383-C911775110-C1959198865,ZeroedOriginBalance
tx-384-C52614586-C1469827455,FraudTransaction
tx-384-C52614586-C1469827455,ZeroedOriginBalance
tx-384-C2046050262-C1102636619,FraudTransaction
tx-384-C2046050262-C1102636619,ZeroedOriginBalance
tx-384-C958603903-C68780715,FraudTransaction
tx-384-C958603903-C68780715,HighAmountTransfer
tx-384-C958603903-C68780715,ZeroedOriginBalance
tx-384-C1418786836-C222850866,FraudTransaction
tx-384-C1418786836-C222850866,HighAmountTransfer
tx-384-C1418786836-C222850866,ZeroedOriginBalance
tx-384-C1899752414-C273852737,FraudTransaction
tx-384-C1899752414-C273852737,ZeroedOriginBalance
tx-384-C1085176958-C1148390150,FraudTransaction
tx-384-C1085176958-C1148390150,ZeroedOriginBalance
tx-385-C580395183-C399005937,FraudTransaction
tx-385-C580395183-C399005937,ZeroedOriginBalance
tx-385-C2009642313-C826590621,FraudTransaction
tx-385-C2009642313-C826590621,ZeroedOriginBalance
tx-385-C1190371489-C371320047,FraudTransaction
tx-385-C1190371489-C371320047,ZeroedOriginBalance
tx-385-C274955922-C575981096,FraudTransaction
tx-385-C274955922-C575981096,ZeroedOriginBalance
tx-385-C2099684775-C835286210,FraudTransaction
tx-385-C2099684775-C835286210,ZeroedOriginBalance
tx-385-C1637164849-C1984867155,FraudTransaction
tx-385-C1637164849-C1984867155,ZeroedOriginBalance
tx-385-C1630644567-C183532439,FraudTransaction
tx-385-C1630644567-C183532439,ZeroedOriginBalance
tx-385-C1857489498-C1695916272,FraudTransaction
tx-385-C1857489498-C1695916272,ZeroedOriginBalance
tx-386-C1706772520-C818905702,FraudTransaction
tx-386-C1706772520-C818905702,HighAmountTransfer
tx-386-C1706772520-C818905702,ZeroedOriginBalance
tx-386-C869621048-C1722207907,FraudTransaction
tx-386-C869621048-C1722207907,HighAmountTransfer
tx-386-C869621048-C1722207907,ZeroedOriginBalance
tx-386-C1772545154-C1406548876,FraudTransaction
tx-386-C1772545154-C1406548876,ZeroedOriginBalance
tx-386-C2043269100-C702718253,FraudTransaction
tx-386-C2043269100-C702718253,ZeroedOriginBalance
tx-386-C1769504839-C326851918,FraudTransaction
tx-386-C1769504839-C326851918,HighAmountTransfer
tx-386-C1769504839-C326851918,ZeroedOriginBalance
tx-386-C944295490-C925862909,FraudTransaction
tx-386-C944295490-C925862909,HighAmountTransfer
tx-386-C944295490-C925862909,ZeroedOriginBalance
tx-386-C1521151651-C1888923091,FraudTransaction
tx-386-C1521151651-C1888923091,ZeroedOriginBalance
tx-386-C619581802-C2040999493,FraudTransaction
tx-386-C619581802-C2040999493,ZeroedOriginBalance
tx-386-C739793738-C1971770785,FraudTransaction
tx-386-C739793738-C1971770785,ZeroedOriginBalance
tx-386-C1286606921-C1451224315,FraudTransaction
tx-386-C1286606921-C1451224315,ZeroedOriginBalance
tx-386-C1499124218-C430952051,FraudTransaction
tx-386-C1499124218-C430952051,HighAmountTransfer
tx-386-C634268681-C879312587,FraudTransaction
tx-386-C634268681-C879312587,HighAmountTransfer
tx-386-C634268681-C879312587,ZeroedOriginBalance
tx-386-C884104189-C1648566106,FraudTransaction
tx-386-C884104189-C1648566106,HighAmountTransfer
tx-386-C165107915-C265818322,FraudTransaction
tx-386-C165107915-C265818322,HighAmountTransfer
tx-386-C165107915-C265818322,ZeroedOriginBalance
tx-386-C109944074-C88316037,FraudTransaction
tx-386-C109944074-C88316037,HighAmountTransfer
tx-386-C109944074-C88316037,ZeroedOriginBalance
tx-386-C1391941558-C1943513449,FraudTransaction
tx-386-C1391941558-C1943513449,HighAmountTransfer
tx-386-C1391941558-C1943513449,ZeroedOriginBalance
tx-387-C1042923577-C1609500749,FraudTransaction
tx-387-C1042923577-C1609500749,ZeroedOriginBalance
tx-387-C1584590974-C1815006934,FraudTransaction
tx-387-C1584590974-C1815006934,ZeroedOriginBalance
tx-387-C576718894-C673002421,FraudTransaction
tx-387-C576718894-C673002421,HighAmountTransfer
tx-387-C618976547-C1908782637,FraudTransaction
tx-387-C618976547-C1908782637,HighAmountTransfer
tx-387-C618976547-C1908782637,ZeroedOriginBalance
tx-387-C1421664654-C1036214683,FraudTransaction
tx-387-C1421664654-C1036214683,HighAmountTransfer
tx-387-C486804071-C565255701,FraudTransaction
tx-387-C486804071-C565255701,HighAmountTransfer
tx-387-C486804071-C565255701,ZeroedOriginBalance
tx-387-C1057439889-C1973915590,FraudTransaction
tx-387-C1057439889-C1973915590,HighAmountTransfer
tx-387-C1036572575-C469591174,FraudTransaction
tx-387-C1036572575-C469591174,HighAmountTransfer
tx-387-C1036572575-C469591174,ZeroedOriginBalance
tx-387-C239857977-C1021550383,FraudTransaction
tx-387-C239857977-C1021550383,HighAmountTransfer
tx-387-C866227621-C1759432374,FraudTransaction
tx-387-C866227621-C1759432374,HighAmountTransfer
tx-387-C866227621-C1759432374,ZeroedOriginBalance
tx-387-C908544136-C891140444,FraudTransaction
tx-387-C908544136-C891140444,HighAmountTransfer
tx-387-C1294472700-C1325541393,FraudTransaction
tx-387-C1294472700-C1325541393,RepeatedFraudDestination
tx-387-C482076505-C834643638,FraudTransaction
tx-387-C482076505-C834643638,HighAmountTransfer
tx-387-C482076505-C834643638,ZeroedOriginBalance
tx-387-C587748822-C1024816924,FraudTransaction
tx-387-C587748822-C1024816924,HighAmountTransfer
tx-387-C587748822-C1024816924,ZeroedOriginBalance
tx-387-C795290167-C2046960526,FraudTransaction
tx-387-C795290167-C2046960526,ZeroedOriginBalance
tx-387-C585977298-C1949246780,FraudTransaction
tx-387-C585977298-C1949246780,ZeroedOriginBalance
tx-387-C1638922233-C1462968969,FraudTransaction
tx-387-C1638922233-C1462968969,ZeroedOriginBalance
tx-387-C15251711-C1054326856,FraudTransaction
tx-387-C15251711-C1054326856,ZeroedOriginBalance
tx-387-C373820487-C839316822,FraudTransaction
tx-387-C373820487-C839316822,HighAmountTransfer
tx-387-C1577275521-C57886357,FraudTransaction
tx-387-C1577275521-C57886357,HighAmountTransfer
tx-387-C1577275521-C57886357,ZeroedOriginBalance
tx-387-C1074619527-C1334434319,FraudTransaction
tx-387-C1074619527-C1334434319,HighAmountTransfer
tx-387-C99029817-C428927923,FraudTransaction
tx-387-C99029817-C428927923,HighAmountTransfer
tx-387-C99029817-C428927923,ZeroedOriginBalance
tx-387-C1402670582-C1633747285,FraudTransaction
tx-387-C1402670582-C1633747285,HighAmountTransfer
tx-387-C1402670582-C1633747285,ZeroedOriginBalance
tx-387-C400087132-C413319813,FraudTransaction
tx-387-C400087132-C413319813,HighAmountTransfer
tx-387-C400087132-C413319813,ZeroedOriginBalance
tx-387-C1012580220-C701821995,FraudTransaction
tx-387-C1012580220-C701821995,ZeroedOriginBalance
tx-387-C18423061-C1021087479,FraudTransaction
tx-387-C18423061-C1021087479,ZeroedOriginBalance
tx-387-C174478461-C1779281480,FraudTransaction
tx-387-C174478461-C1779281480,ZeroedOriginBalance
tx-387-C1529702229-C1178104169,FraudTransaction
tx-387-C1529702229-C1178104169,ZeroedOriginBalance
tx-388-C416774850-C845513235,FraudTransaction
tx-388-C416774850-C845513235,ZeroedOriginBalance
tx-388-C502927996-C959311231,FraudTransaction
tx-388-C502927996-C959311231,ZeroedOriginBalance
tx-388-C7277039-C1938257579,FraudTransaction
tx-388-C7277039-C1938257579,HighAmountTransfer
tx-388-C7277039-C1938257579,ZeroedOriginBalance
tx-388-C1787722017-C837578141,FraudTransaction
tx-388-C1787722017-C837578141,HighAmountTransfer
tx-388-C1787722017-C837578141,ZeroedOriginBalance
tx-388-C1227628504-C1056406503,FraudTransaction
tx-388-C1227628504-C1056406503,HighAmountTransfer
tx-388-C1227628504-C1056406503,ZeroedOriginBalance
tx-388-C76062067-C1968350430,FraudTransaction
tx-388-C76062067-C1968350430,HighAmountTransfer
tx-388-C76062067-C1968350430,ZeroedOriginBalance
tx-388-C1860777745-C2094058620,FraudTransaction
tx-388-C1860777745-C2094058620,ZeroedOriginBalance
tx-388-C1044518032-C1479987881,FraudTransaction
tx-388-C1044518032-C1479987881,ZeroedOriginBalance
tx-388-C2009706800-C215387112,FraudTransaction
tx-388-C2009706800-C215387112,ZeroedOriginBalance
tx-388-C2094995286-C1259079602,FraudTransaction
tx-388-C2094995286-C1259079602,ZeroedOriginBalance
tx-388-C2094995286-C1259079602,RepeatedFraudDestination
tx-388-C1537861219-C127451235,FraudTransaction
tx-388-C1537861219-C127451235,HighAmountTransfer
tx-388-C1537861219-C127451235,ZeroedOriginBalance
tx-388-C1969327890-C1613929073,FraudTransaction
tx-388-C1969327890-C1613929073,HighAmountTransfer
tx-388-C1969327890-C1613929073,ZeroedOriginBalance
tx-388-C1335615679-C650152764,FraudTransaction
tx-388-C1335615679-C650152764,ZeroedOriginBalance
tx-388-C1274686397-C37274992,FraudTransaction
tx-388-C1274686397-C37274992,ZeroedOriginBalance
tx-388-C1609844319-C751827152,FraudTransaction
tx-388-C1609844319-C751827152,ZeroedOriginBalance
tx-388-C638868396-C235328980,FraudTransaction
tx-388-C638868396-C235328980,ZeroedOriginBalance
tx-388-C907729353-C82050695,FraudTransaction
tx-388-C907729353-C82050695,ZeroedOriginBalance
tx-388-C740797300-C2030940431,FraudTransaction
tx-388-C740797300-C2030940431,ZeroedOriginBalance
tx-389-C1369232913-C753294247,FraudTransaction
tx-389-C1369232913-C753294247,HighAmountTransfer
tx-389-C1369232913-C753294247,ZeroedOriginBalance
tx-389-C1439772341-C1533859543,FraudTransaction
tx-389-C1439772341-C1533859543,HighAmountTransfer
tx-389-C1439772341-C1533859543,ZeroedOriginBalance
tx-389-C895840599-C180207582,FraudTransaction
tx-389-C895840599-C180207582,HighAmountTransfer
tx-389-C895840599-C180207582,ZeroedOriginBalance
tx-389-C604508292-C1345805735,FraudTransaction
tx-389-C604508292-C1345805735,HighAmountTransfer
tx-389-C604508292-C1345805735,ZeroedOriginBalance
tx-389-C328431178-C1972142839,FraudTransaction
tx-389-C328431178-C1972142839,ZeroedOriginBalance
tx-389-C1332434443-C672297359,FraudTransaction
tx-389-C1332434443-C672297359,ZeroedOriginBalance
tx-389-C1360689528-C1674473954,FraudTransaction
tx-389-C1360689528-C1674473954,HighAmountTransfer
tx-389-C1360689528-C1674473954,ZeroedOriginBalance
tx-389-C896720879-C779650292,FraudTransaction
tx-389-C896720879-C779650292,HighAmountTransfer
tx-389-C896720879-C779650292,ZeroedOriginBalance
tx-389-C1037819437-C1813486985,FraudTransaction
tx-389-C1037819437-C1813486985,HighAmountTransfer
tx-389-C1037819437-C1813486985,ZeroedOriginBalance
tx-389-C672472211-C2096346343,FraudTransaction
tx-389-C672472211-C2096346343,HighAmountTransfer
tx-389-C672472211-C2096346343,ZeroedOriginBalance
tx-390-C1924115884-C717644112,FraudTransaction
tx-390-C1924115884-C717644112,HighAmountTransfer
tx-390-C1924115884-C717644112,ZeroedOriginBalance
tx-390-C1515227045-C1377230144,FraudTransaction
tx-390-C1515227045-C1377230144,HighAmountTransfer
tx-390-C1515227045-C1377230144,ZeroedOriginBalance
tx-390-C220187177-C1783675813,FraudTransaction
tx-390-C220187177-C1783675813,HighAmountTransfer
tx-390-C220187177-C1783675813,ZeroedOriginBalance
tx-390-C1633782-C1970845004,FraudTransaction
tx-390-C1633782-C1970845004,HighAmountTransfer
tx-390-C1633782-C1970845004,ZeroedOriginBalance
tx-390-C257290900-C1552849727,FraudTransaction
tx-390-C257290900-C1552849727,HighAmountTransfer
tx-390-C257290900-C1552849727,ZeroedOriginBalance
tx-390-C1374040436-C245564009,FraudTransaction
tx-390-C1374040436-C245564009,HighAmountTransfer
tx-390-C1374040436-C245564009,ZeroedOriginBalance
tx-390-C2032939648-C576448483,FraudTransaction
tx-390-C2032939648-C576448483,ZeroedOriginBalance
tx-390-C1027606228-C1691226425,FraudTransaction
tx-390-C1027606228-C1691226425,ZeroedOriginBalance
tx-390-C1375978020-C629649964,FraudTransaction
tx-390-C1375978020-C629649964,ZeroedOriginBalance
tx-390-C1623372481-C1813204212,FraudTransaction
tx-390-C1623372481-C1813204212,ZeroedOriginBalance
tx-390-C2028086379-C1948809039,FraudTransaction
tx-390-C2028086379-C1948809039,ZeroedOriginBalance
tx-390-C1168767749-C557403398,FraudTransaction
tx-390-C1168767749-C557403398,ZeroedOriginBalance
tx-391-C167183222-C277647279,FraudTransaction
tx-391-C167183222-C277647279,ZeroedOriginBalance
tx-391-C2086071347-C402578336,FraudTransaction
tx-391-C2086071347-C402578336,ZeroedOriginBalance
tx-391-C368987822-C1410391039,FraudTransaction
tx-391-C368987822-C1410391039,ZeroedOriginBalance
tx-391-C528875207-C1681024448,FraudTransaction
tx-391-C528875207-C1681024448,ZeroedOriginBalance
tx-391-C785953522-C1331350711,FraudTransaction
tx-391-C785953522-C1331350711,HighAmountTransfer
tx-391-C785953522-C1331350711,ZeroedOriginBalance
tx-391-C1705309294-C560881857,FraudTransaction
tx-391-C1705309294-C560881857,HighAmountTransfer
tx-391-C1705309294-C560881857,ZeroedOriginBalance
tx-391-C38292810-C2083984370,FraudTransaction
tx-391-C38292810-C2083984370,ZeroedOriginBalance
tx-391-C848033794-C555566850,FraudTransaction
tx-391-C848033794-C555566850,ZeroedOriginBalance
tx-391-C291081099-C1496286083,FraudTransaction
tx-391-C291081099-C1496286083,HighAmountTransfer
tx-391-C291081099-C1496286083,ZeroedOriginBalance
tx-391-C27246630-C921559397,FraudTransaction
tx-391-C27246630-C921559397,HighAmountTransfer
tx-391-C27246630-C921559397,ZeroedOriginBalance
tx-391-C1248328274-C917413885,FraudTransaction
tx-391-C1248328274-C917413885,ZeroedOriginBalance
tx-391-C1270013623-C326670193,FraudTransaction
tx-391-C1270013623-C326670193,ZeroedOriginBalance
tx-392-C384434585-C1114261385,FraudTransaction
tx-392-C384434585-C1114261385,HighAmountTransfer
tx-392-C384434585-C1114261385,ZeroedOriginBalance
tx-392-C1770745234-C805918938,FraudTransaction
tx-392-C1770745234-C805918938,HighAmountTransfer
tx-392-C1770745234-C805918938,ZeroedOriginBalance
tx-392-C1019966301-C483110811,FraudTransaction
tx-392-C1019966301-C483110811,ZeroedOriginBalance
tx-392-C370765252-C303305963,FraudTransaction
tx-392-C370765252-C303305963,ZeroedOriginBalance
tx-392-C1019069883-C899985464,FraudTransaction
tx-392-C1019069883-C899985464,ZeroedOriginBalance
tx-392-C542918191-C308665195,FraudTransaction
tx-392-C542918191-C308665195,ZeroedOriginBalance
tx-392-C1206556898-C856589139,FraudTransaction
tx-392-C1206556898-C856589139,ZeroedOriginBalance
tx-392-C448834198-C332333924,FraudTransaction
tx-392-C448834198-C332333924,ZeroedOriginBalance
tx-392-C1216488552-C2142754962,FraudTransaction
tx-392-C1216488552-C2142754962,ZeroedOriginBalance
tx-392-C179138153-C183491570,FraudTransaction
tx-392-C179138153-C183491570,ZeroedOriginBalance
tx-393-C1884412313-C1709832944,FraudTransaction
tx-393-C1884412313-C1709832944,ZeroedOriginBalance
tx-393-C1130239772-C1799856639,FraudTransaction
tx-393-C1130239772-C1799856639,ZeroedOriginBalance
tx-393-C1282477979-C1783092125,FraudTransaction
tx-393-C1282477979-C1783092125,ZeroedOriginBalance
tx-393-C2043309958-C1494581610,FraudTransaction
tx-393-C2043309958-C1494581610,ZeroedOriginBalance
tx-394-C1762704986-C1857166842,FraudTransaction
tx-394-C1762704986-C1857166842,ZeroedOriginBalance
tx-394-C1156678910-C1718510079,FraudTransaction
tx-394-C1156678910-C1718510079,ZeroedOriginBalance
tx-394-C1805392616-C1545532568,FraudTransaction
tx-394-C1805392616-C1545532568,HighAmountTransfer
tx-394-C1805392616-C1545532568,ZeroedOriginBalance
tx-394-C1998756737-C786060499,FraudTransaction
tx-394-C1998756737-C786060499,HighAmountTransfer
tx-394-C1998756737-C786060499,ZeroedOriginBalance
tx-394-C1655225752-C1949844658,FraudTransaction
tx-394-C1655225752-C1949844658,ZeroedOriginBalance
tx-394-C1380307239-C1910018633,FraudTransaction
tx-394-C1380307239-C1910018633,ZeroedOriginBalance
tx-394-C1012366293-C1028846036,FraudTransaction
tx-394-C1012366293-C1028846036,ZeroedOriginBalance
tx-394-C1528504862-C1778014932,FraudTransaction
tx-394-C1528504862-C1778014932,ZeroedOriginBalance
tx-394-C1128510858-C907385207,FraudTransaction
tx-394-C1128510858-C907385207,HighAmountTransfer
tx-394-C1128510858-C907385207,ZeroedOriginBalance
tx-394-C15998384-C1911997323,FraudTransaction
tx-394-C15998384-C1911997323,HighAmountTransfer
tx-394-C15998384-C1911997323,ZeroedOriginBalance
tx-395-C1196367936-C1052561148,FraudTransaction
tx-395-C1196367936-C1052561148,ZeroedOriginBalance
tx-395-C1461368336-C771844472,FraudTransaction
tx-395-C1461368336-C771844472,ZeroedOriginBalance
tx-395-C276886611-C199895284,FraudTransaction
tx-395-C276886611-C199895284,ZeroedOriginBalance
tx-395-C790140463-C2097780995,FraudTransaction
tx-395-C790140463-C2097780995,ZeroedOriginBalance
tx-395-C49917246-C1810191197,FraudTransaction
tx-395-C49917246-C1810191197,ZeroedOriginBalance
tx-395-C19486690-C1283356428,FraudTransaction
tx-395-C19486690-C1283356428,ZeroedOriginBalance
tx-395-C461302689-C96260697,FraudTransaction
tx-395-C461302689-C96260697,ZeroedOriginBalance
tx-395-C1618036378-C356995012,FraudTransaction
tx-395-C1618036378-C356995012,ZeroedOriginBalance
tx-396-C211699118-C1804433464,FraudTransaction
tx-396-C211699118-C1804433464,HighAmountTransfer
tx-396-C211699118-C1804433464,ZeroedOriginBalance
tx-396-C1878609534-C1300753775,FraudTransaction
tx-396-C1878609534-C1300753775,HighAmountTransfer
tx-396-C1878609534-C1300753775,ZeroedOriginBalance
tx-396-C90164537-C814466553,FraudTransaction
tx-396-C90164537-C814466553,HighAmountTransfer
tx-396-C90164537-C814466553,ZeroedOriginBalance
tx-396-C156998155-C337441820,FraudTransaction
tx-396-C156998155-C337441820,HighAmountTransfer
tx-396-C156998155-C337441820,ZeroedOriginBalance
tx-396-C349513899-C499085248,FraudTransaction
tx-396-C349513899-C499085248,ZeroedOriginBalance
tx-396-C1080613423-C531586904,FraudTransaction
tx-396-C1080613423-C531586904,ZeroedOriginBalance
tx-396-C1938899713-C1743910268,FraudTransaction
tx-396-C1938899713-C1743910268,ZeroedOriginBalance
tx-396-C690114477-C543599134,FraudTransaction
tx-396-C690114477-C543599134,ZeroedOriginBalance
tx-397-C957688108-C875169937,FraudTransaction
tx-397-C957688108-C875169937,HighAmountTransfer
tx-397-C957688108-C875169937,ZeroedOriginBalance
tx-397-C1471805107-C719805094,FraudTransaction
tx-397-C1471805107-C719805094,HighAmountTransfer
tx-397-C1471805107-C719805094,ZeroedOriginBalance
tx-397-C1381675569-C560235644,FraudTransaction
tx-397-C1381675569-C560235644,ZeroedOriginBalance
tx-397-C2024128077-C221905096,FraudTransaction
tx-397-C2024128077-C221905096,ZeroedOriginBalance
tx-397-C220059815-C67003023,FraudTransaction
tx-397-C220059815-C67003023,ZeroedOriginBalance
tx-397-C1735200144-C1452851320,FraudTransaction
tx-397-C1735200144-C1452851320,ZeroedOriginBalance
tx-397-C1853365530-C367340563,FraudTransaction
tx-397-C1853365530-C367340563,ZeroedOriginBalance
tx-397-C1570947686-C264905244,FraudTransaction
tx-397-C1570947686-C264905244,ZeroedOriginBalance
tx-397-C2000198791-C785994676,FraudTransaction
tx-397-C2000198791-C785994676,ZeroedOriginBalance
tx-397-C180844213-C2083128008,FraudTransaction
tx-397-C180844213-C2083128008,ZeroedOriginBalance
tx-398-C870531652-C1469155891,FraudTransaction
tx-398-C870531652-C1469155891,ZeroedOriginBalance
tx-398-C688111556-C679530338,FraudTransaction
tx-398-C688111556-C679530338,ZeroedOriginBalance
tx-398-C2082183207-C1631331528,FraudTransaction
tx-398-C2082183207-C1631331528,ZeroedOriginBalance
tx-398-C1745391689-C1272673221,FraudTransaction
tx-398-C1745391689-C1272673221,ZeroedOriginBalance
tx-398-C2078773097-C775810552,FraudTransaction
tx-398-C2078773097-C775810552,HighAmountTransfer
tx-398-C2078773097-C775810552,ZeroedOriginBalance
tx-398-C792281006-C416165291,FraudTransaction
tx-398-C792281006-C416165291,HighAmountTransfer
tx-398-C792281006-C416165291,ZeroedOriginBalance
tx-398-C1946854370-C1011987568,FraudTransaction
tx-398-C1946854370-C1011987568,ZeroedOriginBalance
tx-398-C994784827-C516816901,FraudTransaction
tx-398-C994784827-C516816901,ZeroedOriginBalance
tx-398-C8083838-C896700136,FraudTransaction
tx-398-C8083838-C896700136,ZeroedOriginBalance
tx-398-C194088609-C1786318719,FraudTransaction
tx-398-C194088609-C1786318719,ZeroedOriginBalance
tx-398-C664914101-C228214204,FraudTransaction
tx-398-C664914101-C228214204,HighAmountTransfer
tx-398-C664914101-C228214204,ZeroedOriginBalance
tx-398-C533314653-C890750407,FraudTransaction
tx-398-C533314653-C890750407,HighAmountTransfer
tx-398-C533314653-C890750407,ZeroedOriginBalance
tx-398-C14368419-C1000868784,FraudTransaction
tx-398-C14368419-C1000868784,HighAmountTransfer
tx-398-C2062946234-C2129872070,FraudTransaction
tx-398-C2062946234-C2129872070,HighAmountTransfer
tx-398-C2062946234-C2129872070,ZeroedOriginBalance
tx-398-C1577486244-C6676578,FraudTransaction
tx-398-C1577486244-C6676578,HighAmountTransfer
tx-398-C1046281837-C193638063,FraudTransaction
tx-398-C1046281837-C193638063,HighAmountTransfer
tx-398-C1046281837-C193638063,ZeroedOriginBalance
tx-398-C1730928931-C1461831726,FraudTransaction
tx-398-C1730928931-C1461831726,HighAmountTransfer
tx-398-C1730928931-C1461831726,ZeroedOriginBalance
tx-398-C770353571-C1829458210,FraudTransaction
tx-398-C770353571-C1829458210,HighAmountTransfer
tx-398-C770353571-C1829458210,ZeroedOriginBalance
tx-398-C1873632807-C416874775,FraudTransaction
tx-398-C1873632807-C416874775,ZeroedOriginBalance
tx-398-C355084897-C1980653895,FraudTransaction
tx-398-C355084897-C1980653895,ZeroedOriginBalance
tx-398-C355084897-C1980653895,RepeatedFraudDestination
tx-398-C345189504-C305070019,FraudTransaction
tx-398-C345189504-C305070019,ZeroedOriginBalance
tx-398-C1654533591-C23426726,FraudTransaction
tx-398-C1654533591-C23426726,ZeroedOriginBalance
tx-398-C668700925-C1360905880,FraudTransaction
tx-398-C668700925-C1360905880,HighAmountTransfer
tx-398-C668700925-C1360905880,ZeroedOriginBalance
tx-398-C1906469429-C1015754309,FraudTransaction
tx-398-C1906469429-C1015754309,HighAmountTransfer
tx-398-C1906469429-C1015754309,ZeroedOriginBalance
tx-398-C1112407295-C513573961,FraudTransaction
tx-398-C1112407295-C513573961,HighAmountTransfer
tx-398-C1112407295-C513573961,ZeroedOriginBalance
tx-398-C181971032-C296076520,FraudTransaction
tx-398-C181971032-C296076520,HighAmountTransfer
tx-398-C181971032-C296076520,ZeroedOriginBalance
tx-399-C2041824507-C1842704131,FraudTransaction
tx-399-C2041824507-C1842704131,HighAmountTransfer
tx-399-C2041824507-C1842704131,ZeroedOriginBalance
tx-399-C2135299801-C266594026,FraudTransaction
tx-399-C2135299801-C266594026,HighAmountTransfer
tx-399-C2135299801-C266594026,ZeroedOriginBalance
tx-399-C286492839-C341763133,FraudTransaction
tx-399-C286492839-C341763133,ZeroedOriginBalance
tx-399-C690969509-C1523557746,FraudTransaction
tx-399-C690969509-C1523557746,ZeroedOriginBalance
tx-399-C152213690-C819262396,FraudTransaction
tx-399-C152213690-C819262396,ZeroedOriginBalance
tx-399-C1888226691-C1996220019,FraudTransaction
tx-399-C1888226691-C1996220019,ZeroedOriginBalance
tx-399-C1568123931-C997567120,FraudTransaction
tx-399-C1568123931-C997567120,HighAmountTransfer
tx-399-C1568123931-C997567120,ZeroedOriginBalance
tx-399-C736248524-C1386066751,FraudTransaction
tx-399-C736248524-C1386066751,HighAmountTransfer
tx-399-C736248524-C1386066751,ZeroedOriginBalance
tx-399-C1207780583-C777372784,FraudTransaction
tx-399-C1207780583-C777372784,ZeroedOriginBalance
tx-399-C986981998-C357229033,FraudTransaction
tx-399-C986981998-C357229033,ZeroedOriginBalance
tx-399-C1059269221-C1610878503,FraudTransaction
tx-399-C1059269221-C1610878503,ZeroedOriginBalance
tx-399-C1048601853-C1408847191,FraudTransaction
tx-399-C1048601853-C1408847191,ZeroedOriginBalance
tx-400-C429020184-C639339113,FraudTransaction
tx-400-C429020184-C639339113,HighAmountTransfer
tx-400-C429020184-C639339113,ZeroedOriginBalance
tx-400-C417066150-C408849314,FraudTransaction
tx-400-C417066150-C408849314,HighAmountTransfer
tx-400-C417066150-C408849314,ZeroedOriginBalance
tx-400-C1866512540-C2138692554,FraudTransaction
tx-400-C1866512540-C2138692554,ZeroedOriginBalance
tx-400-C1915876350-C257986236,FraudTransaction
tx-400-C1915876350-C257986236,ZeroedOriginBalance
tx-400-C109032105-C1072918822,FraudTransaction
tx-400-C109032105-C1072918822,ZeroedOriginBalance
tx-400-C1241305776-C909589798,FraudTransaction
tx-400-C1241305776-C909589798,ZeroedOriginBalance
tx-400-C1508043591-C99418495,FraudTransaction
tx-400-C1508043591-C99418495,HighAmountTransfer
tx-400-C1508043591-C99418495,ZeroedOriginBalance
tx-400-C1115133775-C1079679103,FraudTransaction
tx-400-C1115133775-C1079679103,HighAmountTransfer
tx-400-C1115133775-C1079679103,ZeroedOriginBalance
tx-400-C1830554141-C1838718052,FraudTransaction
tx-400-C1830554141-C1838718052,ZeroedOriginBalance
tx-400-C1770262477-C499608473,FraudTransaction
tx-400-C1770262477-C499608473,ZeroedOriginBalance
tx-400-C1190702691-C2144739676,FraudTransaction
tx-400-C1190702691-C2144739676,ZeroedOriginBalance
tx-400-C2081998466-C1015309209,FraudTransaction
tx-400-C2081998466-C1015309209,ZeroedOriginBalance
tx-400-C1590287845-C1509813077,FraudTransaction
tx-400-C1590287845-C1509813077,ZeroedOriginBalance
tx-400-C1321273727-C664580487,FraudTransaction
tx-400-C1321273727-C664580487,ZeroedOriginBalance
tx-400-C2039894074-C2014043913,FraudTransaction
tx-400-C2039894074-C2014043913,HighAmountTransfer
tx-400-C2039894074-C2014043913,ZeroedOriginBalance
tx-400-C579160579-C923916676,FraudTransaction
tx-400-C579160579-C923916676,HighAmountTransfer
tx-400-C579160579-C923916676,ZeroedOriginBalance
tx-401-C675569506-C631063987,FraudTransaction
tx-401-C675569506-C631063987,ZeroedOriginBalance
tx-401-C8451222-C1787543142,FraudTransaction
tx-401-C8451222-C1787543142,ZeroedOriginBalance
tx-401-C1882943298-C478491777,FraudTransaction
tx-401-C1882943298-C478491777,HighAmountTransfer
tx-401-C1882943298-C478491777,ZeroedOriginBalance
tx-401-C1142691202-C1363990077,FraudTransaction
tx-401-C1142691202-C1363990077,HighAmountTransfer
tx-401-C1142691202-C1363990077,ZeroedOriginBalance
tx-401-C2074526030-C1133721990,FraudTransaction
tx-401-C2074526030-C1133721990,HighAmountTransfer
tx-401-C2074526030-C1133721990,ZeroedOriginBalance
tx-401-C1705612559-C1077224856,FraudTransaction
tx-401-C1705612559-C1077224856,HighAmountTransfer
tx-401-C1705612559-C1077224856,ZeroedOriginBalance
tx-401-C512661287-C1354396836,FraudTransaction
tx-401-C512661287-C1354396836,ZeroedOriginBalance
tx-401-C956252470-C1072897246,FraudTransaction
tx-401-C956252470-C1072897246,ZeroedOriginBalance
tx-401-C716606813-C1497149627,FraudTransaction
tx-401-C716606813-C1497149627,ZeroedOriginBalance
tx-401-C2066901889-C1216973714,FraudTransaction
tx-401-C2066901889-C1216973714,ZeroedOriginBalance
tx-401-C1915645992-C932447324,FraudTransaction
tx-401-C1915645992-C932447324,HighAmountTransfer
tx-401-C1915645992-C932447324,ZeroedOriginBalance
tx-401-C388640141-C964377943,FraudTransaction
tx-401-C388640141-C964377943,HighAmountTransfer
tx-401-C388640141-C964377943,ZeroedOriginBalance
tx-401-C388640141-C964377943,RepeatedFraudDestination
tx-401-C1853440908-C571802760,FraudTransaction
tx-401-C1853440908-C571802760,HighAmountTransfer
tx-401-C1853440908-C571802760,ZeroedOriginBalance
tx-401-C1346753121-C531695406,FraudTransaction
tx-401-C1346753121-C531695406,HighAmountTransfer
tx-401-C1346753121-C531695406,ZeroedOriginBalance
tx-401-C791741339-C1611561805,FraudTransaction
tx-401-C791741339-C1611561805,ZeroedOriginBalance
tx-401-C1055328635-C1732514770,FraudTransaction
tx-401-C1055328635-C1732514770,ZeroedOriginBalance
tx-402-C790635066-C898533005,FraudTransaction
tx-402-C790635066-C898533005,ZeroedOriginBalance
tx-402-C1899102939-C125082490,FraudTransaction
tx-402-C1899102939-C125082490,ZeroedOriginBalance
tx-402-C283218785-C1008131550,FraudTransaction
tx-402-C283218785-C1008131550,ZeroedOriginBalance
tx-402-C1873086180-C782234436,FraudTransaction
tx-402-C1873086180-C782234436,ZeroedOriginBalance
tx-402-C579893788-C2078443613,FraudTransaction
tx-402-C579893788-C2078443613,HighAmountTransfer
tx-402-C579893788-C2078443613,ZeroedOriginBalance
tx-402-C841210881-C2042858776,FraudTransaction
tx-402-C841210881-C2042858776,HighAmountTransfer
tx-402-C841210881-C2042858776,ZeroedOriginBalance
tx-402-C2086367958-C1701205427,FraudTransaction
tx-402-C2086367958-C1701205427,HighAmountTransfer
tx-402-C2086367958-C1701205427,ZeroedOriginBalance
tx-402-C1677738676-C1017016927,FraudTransaction
tx-402-C1677738676-C1017016927,HighAmountTransfer
tx-402-C1677738676-C1017016927,ZeroedOriginBalance
tx-402-C1718340176-C680745289,FraudTransaction
tx-402-C1718340176-C680745289,ZeroedOriginBalance
tx-402-C1342244082-C627190872,FraudTransaction
tx-402-C1342244082-C627190872,ZeroedOriginBalance
tx-402-C939933921-C1813636275,FraudTransaction
tx-402-C939933921-C1813636275,HighAmountTransfer
tx-402-C939933921-C1813636275,ZeroedOriginBalance
tx-402-C756143103-C1385992736,FraudTransaction
tx-402-C756143103-C1385992736,HighAmountTransfer
tx-402-C756143103-C1385992736,ZeroedOriginBalance
tx-403-C1798273837-C1904675191,FraudTransaction
tx-403-C1798273837-C1904675191,ZeroedOriginBalance
tx-403-C1861301059-C293709567,FraudTransaction
tx-403-C1861301059-C293709567,ZeroedOriginBalance
tx-403-C1838733636-C1533106811,FraudTransaction
tx-403-C1838733636-C1533106811,HighAmountTransfer
tx-403-C1838733636-C1533106811,ZeroedOriginBalance
tx-403-C392198260-C1091956539,FraudTransaction
tx-403-C392198260-C1091956539,HighAmountTransfer
tx-403-C392198260-C1091956539,ZeroedOriginBalance
tx-403-C929088608-C1035703133,FraudTransaction
tx-403-C929088608-C1035703133,ZeroedOriginBalance
tx-403-C1902385842-C1731942793,FraudTransaction
tx-403-C1902385842-C1731942793,ZeroedOriginBalance
tx-403-C1682150994-C1759607478,FraudTransaction
tx-403-C1682150994-C1759607478,ZeroedOriginBalance
tx-403-C622612270-C791486868,FraudTransaction
tx-403-C622612270-C791486868,ZeroedOriginBalance
tx-403-C1093983453-C1655127778,FraudTransaction
tx-403-C1093983453-C1655127778,ZeroedOriginBalance
tx-403-C971577416-C1652005697,FraudTransaction
tx-403-C971577416-C1652005697,ZeroedOriginBalance
tx-403-C828932813-C1502933385,FraudTransaction
tx-403-C828932813-C1502933385,ZeroedOriginBalance
tx-403-C2032582234-C677415412,FraudTransaction
tx-403-C2032582234-C677415412,ZeroedOriginBalance
tx-403-C1648091455-C395269260,FraudTransaction
tx-403-C1648091455-C395269260,ZeroedOriginBalance
tx-403-C198831985-C886414281,FraudTransaction
tx-403-C198831985-C886414281,ZeroedOriginBalance
tx-403-C128992115-C1283463094,FraudTransaction
tx-403-C128992115-C1283463094,HighAmountTransfer
tx-403-C128992115-C1283463094,ZeroedOriginBalance
tx-403-C694832431-C1264552873,FraudTransaction
tx-403-C694832431-C1264552873,HighAmountTransfer
tx-403-C694832431-C1264552873,ZeroedOriginBalance
tx-404-C1792771606-C216536888,FraudTransaction
tx-404-C1792771606-C216536888,ZeroedOriginBalance
tx-404-C1299679751-C936929482,FraudTransaction
tx-404-C1299679751-C936929482,ZeroedOriginBalance
tx-404-C2023224715-C1730830963,FraudTransaction
tx-404-C2023224715-C1730830963,HighAmountTransfer
tx-404-C424305014-C761333500,FraudTransaction
tx-404-C424305014-C761333500,HighAmountTransfer
tx-404-C424305014-C761333500,ZeroedOriginBalance
tx-404-C2039553933-C1469107972,FraudTransaction
tx-404-C2039553933-C1469107972,HighAmountTransfer
tx-404-C2039553933-C1469107972,ZeroedOriginBalance
tx-404-C711547506-C679271363,FraudTransaction
tx-404-C711547506-C679271363,HighAmountTransfer
tx-404-C711547506-C679271363,ZeroedOriginBalance
tx-404-C1801812624-C1460398355,FraudTransaction
tx-404-C1801812624-C1460398355,ZeroedOriginBalance
tx-404-C473703158-C1591480301,FraudTransaction
tx-404-C473703158-C1591480301,ZeroedOriginBalance
tx-404-C1079557741-C1089646901,FraudTransaction
tx-404-C1079557741-C1089646901,ZeroedOriginBalance
tx-404-C2053276181-C1635495896,FraudTransaction
tx-404-C2053276181-C1635495896,ZeroedOriginBalance
tx-404-C1549769780-C1935951108,FraudTransaction
tx-404-C1549769780-C1935951108,ZeroedOriginBalance
tx-404-C1753472917-C101978061,FraudTransaction
tx-404-C1753472917-C101978061,ZeroedOriginBalance
tx-404-C364009492-C718391314,FraudTransaction
tx-404-C364009492-C718391314,ZeroedOriginBalance
tx-404-C1580733517-C1833873982,FraudTransaction
tx-404-C1580733517-C1833873982,ZeroedOriginBalance
tx-404-C935920556-C332143191,FraudTransaction
tx-404-C935920556-C332143191,ZeroedOriginBalance
tx-404-C974262278-C1711489125,FraudTransaction
tx-404-C974262278-C1711489125,ZeroedOriginBalance
tx-404-C596444681-C257667736,FraudTransaction
tx-404-C596444681-C257667736,ZeroedOriginBalance
tx-404-C1397478591-C1283620500,FraudTransaction
tx-404-C1397478591-C1283620500,ZeroedOriginBalance
tx-405-C10712954-C354003512,FraudTransaction
tx-405-C10712954-C354003512,ZeroedOriginBalance
tx-405-C1527835008-C141042490,FraudTransaction
tx-405-C1527835008-C141042490,ZeroedOriginBalance
tx-405-C737314180-C790685338,FraudTransaction
tx-405-C737314180-C790685338,HighAmountTransfer
tx-405-C273979298-C1510815107,FraudTransaction
tx-405-C273979298-C1510815107,HighAmountTransfer
tx-405-C273979298-C1510815107,ZeroedOriginBalance
tx-405-C1775580519-C2136505452,FraudTransaction
tx-405-C1775580519-C2136505452,HighAmountTransfer
tx-405-C1775580519-C2136505452,ZeroedOriginBalance
tx-405-C1459823327-C1835896559,FraudTransaction
tx-405-C1459823327-C1835896559,HighAmountTransfer
tx-405-C1459823327-C1835896559,ZeroedOriginBalance
tx-405-C809677827-C87092424,FraudTransaction
tx-405-C809677827-C87092424,ZeroedOriginBalance
tx-405-C1251317715-C1458984596,FraudTransaction
tx-405-C1251317715-C1458984596,ZeroedOriginBalance
tx-405-C2042587270-C1273182282,FraudTransaction
tx-405-C2042587270-C1273182282,ZeroedOriginBalance
tx-405-C1829042347-C1046063935,FraudTransaction
tx-405-C1829042347-C1046063935,ZeroedOriginBalance
tx-406-C1460144846-C236813008,FraudTransaction
tx-406-C1460144846-C236813008,ZeroedOriginBalance
tx-406-C527814350-C594518473,FraudTransaction
tx-406-C527814350-C594518473,ZeroedOriginBalance
tx-406-C2099780546-C1566929124,FraudTransaction
tx-406-C2099780546-C1566929124,ZeroedOriginBalance
tx-406-C1270123397-C450191991,FraudTransaction
tx-406-C1270123397-C450191991,ZeroedOriginBalance
tx-406-C2116720360-C345234644,FraudTransaction
tx-406-C2116720360-C345234644,ZeroedOriginBalance
tx-406-C31093598-C1798388182,FraudTransaction
tx-406-C31093598-C1798388182,ZeroedOriginBalance
tx-406-C476725832-C746130258,FraudTransaction
tx-406-C476725832-C746130258,ZeroedOriginBalance
tx-406-C1914252459-C107263754,FraudTransaction
tx-406-C1914252459-C107263754,ZeroedOriginBalance
tx-406-C325611904-C619527902,FraudTransaction
tx-406-C325611904-C619527902,HighAmountTransfer
tx-406-C325611904-C619527902,ZeroedOriginBalance
tx-406-C1407865578-C94243065,FraudTransaction
tx-406-C1407865578-C94243065,HighAmountTransfer
tx-406-C1407865578-C94243065,ZeroedOriginBalance
tx-406-C413407419-C2065262017,FraudTransaction
tx-406-C413407419-C2065262017,HighAmountTransfer
tx-406-C2039632835-C1012340770,FraudTransaction
tx-406-C2039632835-C1012340770,HighAmountTransfer
tx-406-C2039632835-C1012340770,ZeroedOriginBalance
tx-406-C64180102-C902434449,FraudTransaction
tx-406-C64180102-C902434449,HighAmountTransfer
tx-406-C64180102-C902434449,ZeroedOriginBalance
tx-406-C1262578601-C1211515404,FraudTransaction
tx-406-C1262578601-C1211515404,HighAmountTransfer
tx-406-C1262578601-C1211515404,ZeroedOriginBalance
tx-406-C1857315349-C1301744071,FraudTransaction
tx-406-C1857315349-C1301744071,ZeroedOriginBalance
tx-406-C1660121126-C39677871,FraudTransaction
tx-406-C1660121126-C39677871,ZeroedOriginBalance
tx-406-C5740869-C1546346037,FraudTransaction
tx-406-C5740869-C1546346037,ZeroedOriginBalance
tx-406-C1200853822-C1373765456,FraudTransaction
tx-406-C1200853822-C1373765456,ZeroedOriginBalance
tx-406-C1353278775-C547279990,FraudTransaction
tx-406-C1353278775-C547279990,HighAmountTransfer
tx-406-C1353278775-C547279990,ZeroedOriginBalance
tx-406-C450630495-C1565281210,FraudTransaction
tx-406-C450630495-C1565281210,HighAmountTransfer
tx-406-C450630495-C1565281210,ZeroedOriginBalance
tx-406-C1216438383-C2073991799,FraudTransaction
tx-406-C1216438383-C2073991799,ZeroedOriginBalance
tx-406-C1507841762-C1402386572,FraudTransaction
tx-406-C1507841762-C1402386572,ZeroedOriginBalance
tx-406-C1357770570-C1491918880,FraudTransaction
tx-406-C1357770570-C1491918880,ZeroedOriginBalance
tx-406-C390395645-C725115961,FraudTransaction
tx-406-C390395645-C725115961,ZeroedOriginBalance
tx-407-C2016423927-C764015169,FraudTransaction
tx-407-C2016423927-C764015169,ZeroedOriginBalance
tx-407-C2134322170-C2083154872,FraudTransaction
tx-407-C2134322170-C2083154872,ZeroedOriginBalance
tx-407-C1416924629-C1987694854,FraudTransaction
tx-407-C1416924629-C1987694854,HighAmountTransfer
tx-407-C1416924629-C1987694854,ZeroedOriginBalance
tx-407-C1812276359-C2107562172,FraudTransaction
tx-407-C1812276359-C2107562172,HighAmountTransfer
tx-407-C1812276359-C2107562172,ZeroedOriginBalance
tx-407-C1486866728-C1884465429,FraudTransaction
tx-407-C1486866728-C1884465429,ZeroedOriginBalance
tx-407-C948664431-C1693545577,FraudTransaction
tx-407-C948664431-C1693545577,ZeroedOriginBalance
tx-408-C1191696703-C1815124854,FraudTransaction
tx-408-C1191696703-C1815124854,HighAmountTransfer
tx-408-C1191696703-C1815124854,ZeroedOriginBalance
tx-408-C1656748822-C1457063167,FraudTransaction
tx-408-C1656748822-C1457063167,HighAmountTransfer
tx-408-C1656748822-C1457063167,ZeroedOriginBalance
tx-408-C1011516202-C908525161,FraudTransaction
tx-408-C1011516202-C908525161,ZeroedOriginBalance
tx-408-C1398344547-C1687751044,FraudTransaction
tx-408-C1398344547-C1687751044,ZeroedOriginBalance
tx-408-C809683747-C1317216992,FraudTransaction
tx-408-C809683747-C1317216992,ZeroedOriginBalance
tx-408-C175684535-C244995848,FraudTransaction
tx-408-C175684535-C244995848,ZeroedOriginBalance
tx-408-C1731018841-C956479425,FraudTransaction
tx-408-C1731018841-C956479425,ZeroedOriginBalance
tx-408-C57771214-C1871216635,FraudTransaction
tx-408-C57771214-C1871216635,ZeroedOriginBalance
tx-408-C451898714-C540990710,FraudTransaction
tx-408-C451898714-C540990710,ZeroedOriginBalance
tx-408-C868244039-C1704260937,FraudTransaction
tx-408-C868244039-C1704260937,ZeroedOriginBalance
tx-409-C949114642-C189961618,FraudTransaction
tx-409-C949114642-C189961618,HighAmountTransfer
tx-409-C949114642-C189961618,ZeroedOriginBalance
tx-409-C866706747-C1726408560,FraudTransaction
tx-409-C866706747-C1726408560,HighAmountTransfer
tx-409-C866706747-C1726408560,ZeroedOriginBalance
tx-409-C889125918-C1091824995,FraudTransaction
tx-409-C889125918-C1091824995,ZeroedOriginBalance
tx-409-C1795660313-C1624457512,FraudTransaction
tx-409-C1795660313-C1624457512,ZeroedOriginBalance
tx-409-C85727598-C577003768,FraudTransaction
tx-409-C85727598-C577003768,HighAmountTransfer
tx-409-C85727598-C577003768,ZeroedOriginBalance
tx-409-C175222097-C335340729,FraudTransaction
tx-409-C175222097-C335340729,HighAmountTransfer
tx-409-C175222097-C335340729,ZeroedOriginBalance
tx-409-C1989519123-C196714546,FraudTransaction
tx-409-C1989519123-C196714546,HighAmountTransfer
tx-409-C97242201-C786701128,FraudTransaction
tx-409-C97242201-C786701128,HighAmountTransfer
tx-409-C97242201-C786701128,ZeroedOriginBalance
tx-409-C1207144684-C948406463,FraudTransaction
tx-409-C1207144684-C948406463,HighAmountTransfer
tx-409-C1207144684-C948406463,ZeroedOriginBalance
tx-409-C1417290971-C1264094330,FraudTransaction
tx-409-C1417290971-C1264094330,HighAmountTransfer
tx-409-C1417290971-C1264094330,ZeroedOriginBalance
tx-409-C5128186-C1050084378,FraudTransaction
tx-409-C5128186-C1050084378,ZeroedOriginBalance
tx-409-C563591583-C970254798,FraudTransaction
tx-409-C563591583-C970254798,ZeroedOriginBalance
tx-409-C729569848-C684459901,FraudTransaction
tx-409-C729569848-C684459901,ZeroedOriginBalance
tx-409-C353964501-C1118456791,FraudTransaction
tx-409-C353964501-C1118456791,ZeroedOriginBalance
tx-409-C1523193770-C670256021,FraudTransaction
tx-409-C1523193770-C670256021,HighAmountTransfer
tx-409-C1523193770-C670256021,ZeroedOriginBalance
tx-409-C1978325769-C297774281,FraudTransaction
tx-409-C1978325769-C297774281,HighAmountTransfer
tx-409-C1978325769-C297774281,ZeroedOriginBalance
tx-409-C417104903-C1127889492,FraudTransaction
tx-409-C417104903-C1127889492,HighAmountTransfer
tx-409-C63538570-C1430589184,FraudTransaction
tx-409-C63538570-C1430589184,HighAmountTransfer
tx-409-C63538570-C1430589184,ZeroedOriginBalance
tx-409-C798979222-C1708698454,FraudTransaction
tx-409-C798979222-C1708698454,HighAmountTransfer
tx-409-C798979222-C1708698454,ZeroedOriginBalance
tx-409-C1698261280-C1997459124,FraudTransaction
tx-409-C1698261280-C1997459124,HighAmountTransfer
tx-409-C1698261280-C1997459124,ZeroedOriginBalance
tx-410-C22941522-C1821408221,FraudTransaction
tx-410-C22941522-C1821408221,HighAmountTransfer
tx-410-C22941522-C1821408221,ZeroedOriginBalance
tx-410-C384267839-C225882502,FraudTransaction
tx-410-C384267839-C225882502,HighAmountTransfer
tx-410-C384267839-C225882502,ZeroedOriginBalance
tx-410-C1578453686-C1733479449,FraudTransaction
tx-410-C1578453686-C1733479449,ZeroedOriginBalance
tx-410-C18416258-C1547230458,FraudTransaction
tx-410-C18416258-C1547230458,ZeroedOriginBalance
tx-410-C1892460908-C872133707,FraudTransaction
tx-410-C1892460908-C872133707,ZeroedOriginBalance
tx-410-C1563918276-C2064216341,FraudTransaction
tx-410-C1563918276-C2064216341,ZeroedOriginBalance
tx-410-C688119342-C1773365552,FraudTransaction
tx-410-C688119342-C1773365552,HighAmountTransfer
tx-410-C688119342-C1773365552,ZeroedOriginBalance
tx-410-C1615320222-C1322611502,FraudTransaction
tx-410-C1615320222-C1322611502,HighAmountTransfer
tx-410-C1615320222-C1322611502,ZeroedOriginBalance
tx-410-C1976927795-C1626688758,FraudTransaction
tx-410-C1976927795-C1626688758,ZeroedOriginBalance
tx-410-C326766098-C844559371,FraudTransaction
tx-410-C326766098-C844559371,ZeroedOriginBalance
tx-410-C608125181-C1857424764,FraudTransaction
tx-410-C608125181-C1857424764,ZeroedOriginBalance
tx-410-C2046985152-C434363461,FraudTransaction
tx-410-C2046985152-C434363461,ZeroedOriginBalance
tx-410-C599746221-C1135653502,FraudTransaction
tx-410-C599746221-C1135653502,HighAmountTransfer
tx-410-C599746221-C1135653502,ZeroedOriginBalance
tx-410-C1626793558-C1907745534,FraudTransaction
tx-410-C1626793558-C1907745534,HighAmountTransfer
tx-410-C1626793558-C1907745534,ZeroedOriginBalance
tx-410-C1041263133-C6898692,FraudTransaction
tx-410-C1041263133-C6898692,ZeroedOriginBalance
tx-410-C1357050524-C319370908,FraudTransaction
tx-410-C1357050524-C319370908,ZeroedOriginBalance
tx-410-C1316033338-C137391139,FraudTransaction
tx-410-C1316033338-C137391139,ZeroedOriginBalance
tx-410-C1593088347-C1824042945,FraudTransaction
tx-410-C1593088347-C1824042945,ZeroedOriginBalance
tx-410-C676092302-C636444299,FraudTransaction
tx-410-C676092302-C636444299,HighAmountTransfer
tx-410-C676092302-C636444299,ZeroedOriginBalance
tx-410-C2090299993-C1327141186,FraudTransaction
tx-410-C2090299993-C1327141186,HighAmountTransfer
tx-410-C2090299993-C1327141186,ZeroedOriginBalance
tx-411-C985224754-C2110832776,FraudTransaction
tx-411-C985224754-C2110832776,ZeroedOriginBalance
tx-411-C1090338431-C347796427,FraudTransaction
tx-411-C1090338431-C347796427,ZeroedOriginBalance
tx-411-C179802055-C845099418,FraudTransaction
tx-411-C179802055-C845099418,HighAmountTransfer
tx-411-C1299526002-C1744662180,FraudTransaction
tx-411-C1299526002-C1744662180,HighAmountTransfer
tx-411-C1299526002-C1744662180,ZeroedOriginBalance
tx-411-C1024321064-C285826944,FraudTransaction
tx-411-C1024321064-C285826944,HighAmountTransfer
tx-411-C1024321064-C285826944,ZeroedOriginBalance
tx-411-C338311472-C1131834798,FraudTransaction
tx-411-C338311472-C1131834798,HighAmountTransfer
tx-411-C338311472-C1131834798,ZeroedOriginBalance
tx-411-C576017861-C2007796943,FraudTransaction
tx-411-C576017861-C2007796943,HighAmountTransfer
tx-411-C576017861-C2007796943,ZeroedOriginBalance
tx-411-C1187974748-C1271941656,FraudTransaction
tx-411-C1187974748-C1271941656,HighAmountTransfer
tx-411-C1187974748-C1271941656,ZeroedOriginBalance
tx-411-C337746955-C1144989996,FraudTransaction
tx-411-C337746955-C1144989996,ZeroedOriginBalance
tx-411-C1359467526-C142819942,FraudTransaction
tx-411-C1359467526-C142819942,ZeroedOriginBalance
tx-411-C1500797086-C1892705319,FraudTransaction
tx-411-C1500797086-C1892705319,ZeroedOriginBalance
tx-411-C1744244738-C1290764514,FraudTransaction
tx-411-C1744244738-C1290764514,ZeroedOriginBalance
tx-411-C2142112051-C853827129,FraudTransaction
tx-411-C2142112051-C853827129,HighAmountTransfer
tx-411-C2142112051-C853827129,ZeroedOriginBalance
tx-411-C275137828-C989949797,FraudTransaction
tx-411-C275137828-C989949797,HighAmountTransfer
tx-411-C275137828-C989949797,ZeroedOriginBalance
tx-411-C303116308-C1806524190,FraudTransaction
tx-411-C303116308-C1806524190,HighAmountTransfer
tx-411-C303116308-C1806524190,ZeroedOriginBalance
tx-411-C523292689-C1072409344,FraudTransaction
tx-411-C523292689-C1072409344,HighAmountTransfer
tx-411-C523292689-C1072409344,ZeroedOriginBalance
tx-412-C1204602597-C419461239,FraudTransaction
tx-412-C1204602597-C419461239,ZeroedOriginBalance
tx-412-C171722567-C373099363,FraudTransaction
tx-412-C171722567-C373099363,ZeroedOriginBalance
tx-412-C297158532-C1416694658,FraudTransaction
tx-412-C297158532-C1416694658,HighAmountTransfer
tx-412-C297158532-C1416694658,ZeroedOriginBalance
tx-412-C136293883-C1901947774,FraudTransaction
tx-412-C136293883-C1901947774,HighAmountTransfer
tx-412-C136293883-C1901947774,ZeroedOriginBalance
tx-412-C692435443-C1301812889,FraudTransaction
tx-412-C692435443-C1301812889,ZeroedOriginBalance
tx-412-C1101780451-C806070403,FraudTransaction
tx-412-C1101780451-C806070403,ZeroedOriginBalance
tx-412-C250523545-C1652699189,FraudTransaction
tx-412-C250523545-C1652699189,ZeroedOriginBalance
tx-412-C1600275467-C902858452,FraudTransaction
tx-412-C1600275467-C902858452,ZeroedOriginBalance
tx-413-C765542-C1959655312,FraudTransaction
tx-413-C765542-C1959655312,ZeroedOriginBalance
tx-413-C823598101-C1338255129,FraudTransaction
tx-413-C823598101-C1338255129,ZeroedOriginBalance
tx-413-C2060464348-C2079215936,FraudTransaction
tx-413-C2060464348-C2079215936,HighAmountTransfer
tx-413-C2060464348-C2079215936,ZeroedOriginBalance
tx-413-C1712280078-C865601051,FraudTransaction
tx-413-C1712280078-C865601051,HighAmountTransfer
tx-413-C1712280078-C865601051,ZeroedOriginBalance
tx-413-C2039186549-C544794295,FraudTransaction
tx-413-C2039186549-C544794295,ZeroedOriginBalance
tx-413-C1468265966-C1919218526,FraudTransaction
tx-413-C1468265966-C1919218526,ZeroedOriginBalance
tx-413-C194150197-C998514614,FraudTransaction
tx-413-C194150197-C998514614,ZeroedOriginBalance
tx-413-C1890267069-C254366528,FraudTransaction
tx-413-C1890267069-C254366528,ZeroedOriginBalance
tx-413-C1379900917-C491276227,FraudTransaction
tx-413-C1379900917-C491276227,ZeroedOriginBalance
tx-413-C1989836964-C457437086,FraudTransaction
tx-413-C1989836964-C457437086,ZeroedOriginBalance
tx-413-C570894780-C1123063194,FraudTransaction
tx-413-C570894780-C1123063194,ZeroedOriginBalance
tx-413-C204567702-C1336378574,FraudTransaction
tx-413-C204567702-C1336378574,ZeroedOriginBalance
tx-413-C753726287-C1558494610,FraudTransaction
tx-413-C753726287-C1558494610,ZeroedOriginBalance
tx-413-C1201768390-C503175927,FraudTransaction
tx-413-C1201768390-C503175927,ZeroedOriginBalance
tx-414-C666284351-C1896227461,FraudTransaction
tx-414-C666284351-C1896227461,ZeroedOriginBalance
tx-414-C1048484553-C1044750708,FraudTransaction
tx-414-C1048484553-C1044750708,ZeroedOriginBalance
tx-414-C761440890-C565561200,FraudTransaction
tx-414-C761440890-C565561200,ZeroedOriginBalance
tx-414-C1010973952-C295852822,FraudTransaction
tx-414-C1010973952-C295852822,ZeroedOriginBalance
tx-414-C787438846-C851575801,FraudTransaction
tx-414-C787438846-C851575801,ZeroedOriginBalance
tx-414-C1678582584-C2097786726,FraudTransaction
tx-414-C1678582584-C2097786726,ZeroedOriginBalance
tx-414-C1552180409-C638930766,FraudTransaction
tx-414-C1552180409-C638930766,ZeroedOriginBalance
tx-414-C1904470036-C115727901,FraudTransaction
tx-414-C1904470036-C115727901,ZeroedOriginBalance
tx-414-C635388534-C1846115729,FraudTransaction
tx-414-C635388534-C1846115729,HighAmountTransfer
tx-414-C635388534-C1846115729,ZeroedOriginBalance
tx-414-C684110102-C1700286607,FraudTransaction
tx-414-C684110102-C1700286607,HighAmountTransfer
tx-414-C684110102-C1700286607,ZeroedOriginBalance
tx-414-C1469626651-C1664358015,FraudTransaction
tx-414-C1469626651-C1664358015,HighAmountTransfer
tx-414-C1469626651-C1664358015,ZeroedOriginBalance
tx-414-C959785140-C473805746,FraudTransaction
tx-414-C959785140-C473805746,HighAmountTransfer
tx-414-C959785140-C473805746,ZeroedOriginBalance
tx-414-C1713766678-C499919262,FraudTransaction
tx-414-C1713766678-C499919262,HighAmountTransfer
tx-414-C2071282373-C803763593,FraudTransaction
tx-414-C2071282373-C803763593,HighAmountTransfer
tx-414-C2071282373-C803763593,ZeroedOriginBalance
tx-414-C1765244113-C737913546,FraudTransaction
tx-414-C1765244113-C737913546,ZeroedOriginBalance
tx-414-C2035780043-C657085942,FraudTransaction
tx-414-C2035780043-C657085942,ZeroedOriginBalance
tx-415-C1765991027-C791615814,FraudTransaction
tx-415-C1765991027-C791615814,ZeroedOriginBalance
tx-415-C1055929140-C645291473,FraudTransaction
tx-415-C1055929140-C645291473,ZeroedOriginBalance
tx-415-C1376272223-C684942483,FraudTransaction
tx-415-C1376272223-C684942483,ZeroedOriginBalance
tx-415-C631901150-C705161174,FraudTransaction
tx-415-C631901150-C705161174,ZeroedOriginBalance
tx-415-C1238777492-C873898487,FraudTransaction
tx-415-C1238777492-C873898487,ZeroedOriginBalance
tx-415-C443989822-C1408237978,FraudTransaction
tx-415-C443989822-C1408237978,ZeroedOriginBalance
tx-415-C152541672-C14138104,FraudTransaction
tx-415-C152541672-C14138104,ZeroedOriginBalance
tx-415-C152541672-C14138104,RepeatedFraudDestination
tx-415-C2081855471-C1671232989,FraudTransaction
tx-415-C2081855471-C1671232989,ZeroedOriginBalance
tx-415-C80491623-C1674773109,FraudTransaction
tx-415-C80491623-C1674773109,ZeroedOriginBalance
tx-415-C728560783-C662256008,FraudTransaction
tx-415-C728560783-C662256008,ZeroedOriginBalance
tx-415-C503443667-C1319935848,FraudTransaction
tx-415-C503443667-C1319935848,HighAmountTransfer
tx-415-C503443667-C1319935848,ZeroedOriginBalance
tx-415-C1457562899-C507441404,FraudTransaction
tx-415-C1457562899-C507441404,HighAmountTransfer
tx-415-C1457562899-C507441404,ZeroedOriginBalance
tx-415-C871029924-C1466367171,FraudTransaction
tx-415-C871029924-C1466367171,HighAmountTransfer
tx-415-C871029924-C1466367171,ZeroedOriginBalance
tx-415-C2137951962-C309573869,FraudTransaction
tx-415-C2137951962-C309573869,HighAmountTransfer
tx-415-C2137951962-C309573869,ZeroedOriginBalance
tx-415-C1853390476-C1785352620,FraudTransaction
tx-415-C1853390476-C1785352620,ZeroedOriginBalance
tx-415-C1029932653-C1868084224,FraudTransaction
tx-415-C1029932653-C1868084224,ZeroedOriginBalance
tx-416-C1720013416-C431840204,FraudTransaction
tx-416-C1720013416-C431840204,ZeroedOriginBalance
tx-416-C1052814036-C1368378517,FraudTransaction
tx-416-C1052814036-C1368378517,ZeroedOriginBalance
tx-416-C746928702-C1644712820,FraudTransaction
tx-416-C746928702-C1644712820,ZeroedOriginBalance
tx-416-C913068789-C1433881290,FraudTransaction
tx-416-C913068789-C1433881290,ZeroedOriginBalance
tx-416-C298387535-C662194461,FraudTransaction
tx-416-C298387535-C662194461,HighAmountTransfer
tx-416-C246726057-C1786144514,FraudTransaction
tx-416-C246726057-C1786144514,HighAmountTransfer
tx-416-C246726057-C1786144514,ZeroedOriginBalance
tx-416-C271621902-C1299567752,FraudTransaction
tx-416-C271621902-C1299567752,HighAmountTransfer
tx-416-C271621902-C1299567752,ZeroedOriginBalance
tx-416-C2110305720-C225008798,FraudTransaction
tx-416-C2110305720-C225008798,HighAmountTransfer
tx-416-C2110305720-C225008798,ZeroedOriginBalance
tx-417-C894359747-C1813474981,FraudTransaction
tx-417-C894359747-C1813474981,HighAmountTransfer
tx-417-C894359747-C1813474981,ZeroedOriginBalance
tx-417-C2136497575-C1080081723,FraudTransaction
tx-417-C2136497575-C1080081723,HighAmountTransfer
tx-417-C2136497575-C1080081723,ZeroedOriginBalance
tx-417-C1229699193-C198915551,FraudTransaction
tx-417-C1229699193-C198915551,ZeroedOriginBalance
tx-417-C598482992-C1388784349,FraudTransaction
tx-417-C598482992-C1388784349,ZeroedOriginBalance
tx-417-C836001849-C1993805294,FraudTransaction
tx-417-C836001849-C1993805294,HighAmountTransfer
tx-417-C836001849-C1993805294,ZeroedOriginBalance
tx-417-C1126334701-C18335029,FraudTransaction
tx-417-C1126334701-C18335029,HighAmountTransfer
tx-417-C1126334701-C18335029,ZeroedOriginBalance
tx-418-C1463709824-C1030417644,FraudTransaction
tx-418-C1463709824-C1030417644,ZeroedOriginBalance
tx-418-C366045175-C1443885284,FraudTransaction
tx-418-C366045175-C1443885284,ZeroedOriginBalance
tx-418-C1948643468-C118884572,FraudTransaction
tx-418-C1948643468-C118884572,ZeroedOriginBalance
tx-418-C1724722512-C861479607,FraudTransaction
tx-418-C1724722512-C861479607,ZeroedOriginBalance
tx-418-C1185258850-C1779051120,FraudTransaction
tx-418-C1185258850-C1779051120,ZeroedOriginBalance
tx-418-C1824510333-C731687431,FraudTransaction
tx-418-C1824510333-C731687431,ZeroedOriginBalance
tx-419-C393374945-C639125907,FraudTransaction
tx-419-C393374945-C639125907,HighAmountTransfer
tx-419-C393374945-C639125907,ZeroedOriginBalance
tx-419-C907941485-C1511253622,FraudTransaction
tx-419-C907941485-C1511253622,HighAmountTransfer
tx-419-C907941485-C1511253622,ZeroedOriginBalance
tx-419-C73136408-C684702982,FraudTransaction
tx-419-C73136408-C684702982,ZeroedOriginBalance
tx-419-C1078529507-C1957980970,FraudTransaction
tx-419-C1078529507-C1957980970,ZeroedOriginBalance
tx-419-C1227057537-C1981402055,FraudTransaction
tx-419-C1227057537-C1981402055,ZeroedOriginBalance
tx-419-C1858182940-C1039809648,FraudTransaction
tx-419-C1858182940-C1039809648,ZeroedOriginBalance
tx-419-C1318978641-C1092574222,FraudTransaction
tx-419-C1318978641-C1092574222,ZeroedOriginBalance
tx-419-C1439633894-C1418590446,FraudTransaction
tx-419-C1439633894-C1418590446,ZeroedOriginBalance
tx-419-C1329946363-C641771382,FraudTransaction
tx-419-C1329946363-C641771382,ZeroedOriginBalance
tx-419-C1989818956-C252157043,FraudTransaction
tx-419-C1989818956-C252157043,ZeroedOriginBalance
tx-420-C1104187360-C822141064,FraudTransaction
tx-420-C1104187360-C822141064,ZeroedOriginBalance
tx-420-C1226580672-C677468296,FraudTransaction
tx-420-C1226580672-C677468296,ZeroedOriginBalance
tx-420-C157115581-C989314619,FraudTransaction
tx-420-C157115581-C989314619,ZeroedOriginBalance
tx-420-C1705481252-C1051090586,FraudTransaction
tx-420-C1705481252-C1051090586,ZeroedOriginBalance
tx-420-C1806925834-C814150801,FraudTransaction
tx-420-C1806925834-C814150801,ZeroedOriginBalance
tx-420-C865099324-C1895897048,FraudTransaction
tx-420-C865099324-C1895897048,ZeroedOriginBalance
tx-420-C1114634874-C1494693059,FraudTransaction
tx-420-C1114634874-C1494693059,ZeroedOriginBalance
tx-420-C1979801086-C207357507,FraudTransaction
tx-420-C1979801086-C207357507,ZeroedOriginBalance
tx-420-C1178847797-C63537571,FraudTransaction
tx-420-C1178847797-C63537571,ZeroedOriginBalance
tx-420-C504789757-C1731829821,FraudTransaction
tx-420-C504789757-C1731829821,ZeroedOriginBalance
tx-420-C1237202508-C1801696531,FraudTransaction
tx-420-C1237202508-C1801696531,HighAmountTransfer
tx-420-C1237202508-C1801696531,ZeroedOriginBalance
tx-420-C2024056212-C1653697681,FraudTransaction
tx-420-C2024056212-C1653697681,HighAmountTransfer
tx-420-C2024056212-C1653697681,ZeroedOriginBalance
tx-421-C327855497-C2013390104,FraudTransaction
tx-421-C327855497-C2013390104,HighAmountTransfer
tx-421-C1162717928-C2053317483,FraudTransaction
tx-421-C1162717928-C2053317483,HighAmountTransfer
tx-421-C1162717928-C2053317483,ZeroedOriginBalance
tx-421-C2074382913-C48227187,FraudTransaction
tx-421-C2074382913-C48227187,HighAmountTransfer
tx-421-C1505056771-C1036108574,FraudTransaction
tx-421-C1505056771-C1036108574,HighAmountTransfer
tx-421-C1505056771-C1036108574,ZeroedOriginBalance
tx-421-C529879129-C423625625,FraudTransaction
tx-421-C529879129-C423625625,HighAmountTransfer
tx-421-C529879129-C423625625,ZeroedOriginBalance
tx-421-C925348777-C1734033789,FraudTransaction
tx-421-C925348777-C1734033789,HighAmountTransfer
tx-421-C925348777-C1734033789,ZeroedOriginBalance
tx-421-C1749948822-C1224774762,FraudTransaction
tx-421-C1749948822-C1224774762,HighAmountTransfer
tx-421-C1749948822-C1224774762,ZeroedOriginBalance
tx-421-C466100700-C552512951,FraudTransaction
tx-421-C466100700-C552512951,HighAmountTransfer
tx-421-C466100700-C552512951,ZeroedOriginBalance
tx-421-C787135844-C934789306,FraudTransaction
tx-421-C787135844-C934789306,ZeroedOriginBalance
tx-421-C609937899-C1397005077,FraudTransaction
tx-421-C609937899-C1397005077,ZeroedOriginBalance
tx-421-C376689274-C1019270751,FraudTransaction
tx-421-C376689274-C1019270751,ZeroedOriginBalance
tx-421-C694763247-C1770009220,FraudTransaction
tx-421-C694763247-C1770009220,ZeroedOriginBalance
tx-421-C943180964-C1849745670,FraudTransaction
tx-421-C943180964-C1849745670,ZeroedOriginBalance
tx-421-C1979477621-C1623524019,FraudTransaction
tx-421-C1979477621-C1623524019,ZeroedOriginBalance
tx-422-C1817821840-C1446237995,FraudTransaction
tx-422-C1817821840-C1446237995,ZeroedOriginBalance
tx-422-C1177353473-C881219038,FraudTransaction
tx-422-C1177353473-C881219038,ZeroedOriginBalance
tx-422-C331578052-C18819667,FraudTransaction
tx-422-C331578052-C18819667,ZeroedOriginBalance
tx-422-C1916355655-C1396514823,FraudTransaction
tx-422-C1916355655-C1396514823,ZeroedOriginBalance
tx-422-C791144032-C220917554,FraudTransaction
tx-422-C791144032-C220917554,HighAmountTransfer
tx-422-C791144032-C220917554,ZeroedOriginBalance
tx-422-C35276012-C824786916,FraudTransaction
tx-422-C35276012-C824786916,HighAmountTransfer
tx-422-C35276012-C824786916,ZeroedOriginBalance
tx-422-C707980152-C510333855,FraudTransaction
tx-422-C707980152-C510333855,HighAmountTransfer
tx-422-C707980152-C510333855,ZeroedOriginBalance
tx-422-C1117447229-C916997939,FraudTransaction
tx-422-C1117447229-C916997939,HighAmountTransfer
tx-422-C1117447229-C916997939,ZeroedOriginBalance
tx-422-C1133621753-C369327897,FraudTransaction
tx-422-C1133621753-C369327897,ZeroedOriginBalance
tx-422-C424245549-C698487016,FraudTransaction
tx-422-C424245549-C698487016,ZeroedOriginBalance
tx-423-C1861323130-C1184434945,FraudTransaction
tx-423-C1861323130-C1184434945,HighAmountTransfer
tx-423-C1861323130-C1184434945,ZeroedOriginBalance
tx-423-C1622193267-C1576120612,FraudTransaction
tx-423-C1622193267-C1576120612,HighAmountTransfer
tx-423-C1622193267-C1576120612,ZeroedOriginBalance
tx-423-C1909320319-C1040286971,FraudTransaction
tx-423-C1909320319-C1040286971,ZeroedOriginBalance
tx-423-C1392636479-C1861392747,FraudTransaction
tx-423-C1392636479-C1861392747,ZeroedOriginBalance
tx-423-C1121745558-C2015328275,FraudTransaction
tx-423-C1121745558-C2015328275,ZeroedOriginBalance
tx-423-C1850635238-C1011806570,FraudTransaction
tx-423-C1850635238-C1011806570,ZeroedOriginBalance
tx-424-C889342614-C542998030,FraudTransaction
tx-424-C889342614-C542998030,HighAmountTransfer
tx-424-C889342614-C542998030,ZeroedOriginBalance
tx-424-C145448061-C1034609594,FraudTransaction
tx-424-C145448061-C1034609594,HighAmountTransfer
tx-424-C145448061-C1034609594,ZeroedOriginBalance
tx-424-C1713204236-C1583299805,FraudTransaction
tx-424-C1713204236-C1583299805,ZeroedOriginBalance
tx-424-C1661993840-C109645047,FraudTransaction
tx-424-C1661993840-C109645047,ZeroedOriginBalance
tx-424-C1147249534-C1048851683,FraudTransaction
tx-424-C1147249534-C1048851683,ZeroedOriginBalance
tx-424-C377182011-C418687404,FraudTransaction
tx-424-C377182011-C418687404,ZeroedOriginBalance
tx-424-C1816888178-C462103796,FraudTransaction
tx-424-C1816888178-C462103796,HighAmountTransfer
tx-424-C1816888178-C462103796,ZeroedOriginBalance
tx-424-C309497178-C11026279,FraudTransaction
tx-424-C309497178-C11026279,HighAmountTransfer
tx-424-C309497178-C11026279,ZeroedOriginBalance
tx-424-C1043016955-C2103366345,FraudTransaction
tx-424-C1043016955-C2103366345,ZeroedOriginBalance
tx-424-C624146963-C2012667225,FraudTransaction
tx-424-C624146963-C2012667225,ZeroedOriginBalance
tx-424-C366210516-C1877132706,FraudTransaction
tx-424-C366210516-C1877132706,HighAmountTransfer
tx-424-C366210516-C1877132706,ZeroedOriginBalance
tx-424-C323857001-C1982168080,FraudTransaction
tx-424-C323857001-C1982168080,HighAmountTransfer
tx-424-C323857001-C1982168080,ZeroedOriginBalance
tx-424-C1952841743-C1842449646,FraudTransaction
tx-424-C1952841743-C1842449646,HighAmountTransfer
tx-424-C1952841743-C1842449646,ZeroedOriginBalance
tx-424-C1287511986-C532433222,FraudTransaction
tx-424-C1287511986-C532433222,HighAmountTransfer
tx-424-C1287511986-C532433222,ZeroedOriginBalance
tx-425-C1183463100-C796115130,FraudTransaction
tx-425-C1183463100-C796115130,ZeroedOriginBalance
tx-425-C946520806-C2098801032,FraudTransaction
tx-425-C946520806-C2098801032,ZeroedOriginBalance
tx-425-C2093534108-C1787957566,FraudTransaction
tx-425-C2093534108-C1787957566,ZeroedOriginBalance
tx-425-C1588251640-C577926946,FraudTransaction
tx-425-C1588251640-C577926946,ZeroedOriginBalance
tx-425-C1233267015-C1191003760,FraudTransaction
tx-425-C1233267015-C1191003760,HighAmountTransfer
tx-425-C1233267015-C1191003760,ZeroedOriginBalance
tx-425-C655470435-C1211152705,FraudTransaction
tx-425-C655470435-C1211152705,HighAmountTransfer
tx-425-C655470435-C1211152705,ZeroedOriginBalance
tx-425-C499057718-C1899051151,FraudTransaction
tx-425-C499057718-C1899051151,ZeroedOriginBalance
tx-425-C356706674-C1498886294,FraudTransaction
tx-425-C356706674-C1498886294,ZeroedOriginBalance
tx-425-C1305617036-C926547978,FraudTransaction
tx-425-C1305617036-C926547978,ZeroedOriginBalance
tx-425-C1737680610-C1596545373,FraudTransaction
tx-425-C1737680610-C1596545373,ZeroedOriginBalance
tx-425-C40489106-C650095152,FraudTransaction
tx-425-C40489106-C650095152,HighAmountTransfer
tx-425-C14856404-C308220962,FraudTransaction
tx-425-C14856404-C308220962,HighAmountTransfer
tx-425-C14856404-C308220962,ZeroedOriginBalance
tx-425-C1551381510-C1042012237,FraudTransaction
tx-425-C1551381510-C1042012237,HighAmountTransfer
tx-425-C749563037-C606914329,FraudTransaction
tx-425-C749563037-C606914329,HighAmountTransfer
tx-425-C749563037-C606914329,ZeroedOriginBalance
tx-425-C1619838170-C1934167334,FraudTransaction
tx-425-C1619838170-C1934167334,HighAmountTransfer
tx-425-C1979558927-C678340768,FraudTransaction
tx-425-C1979558927-C678340768,HighAmountTransfer
tx-425-C1979558927-C678340768,ZeroedOriginBalance
tx-425-C1756917426-C1192036077,FraudTransaction
tx-425-C1756917426-C1192036077,HighAmountTransfer
tx-425-C792080060-C2030266969,FraudTransaction
tx-425-C792080060-C2030266969,HighAmountTransfer
tx-425-C792080060-C2030266969,ZeroedOriginBalance
tx-425-C689608084-C1392803603,FraudTransaction
tx-425-C689608084-C1392803603,HighAmountTransfer
tx-425-C832555372-C1462759334,FraudTransaction
tx-425-C452586515-C1109166882,FraudTransaction
tx-425-C452586515-C1109166882,HighAmountTransfer
tx-425-C69493310-C719711728,FraudTransaction
tx-425-C2045767963-C1868484572,FraudTransaction
tx-425-C2045767963-C1868484572,ZeroedOriginBalance
tx-425-C913609699-C1256545087,FraudTransaction
tx-425-C913609699-C1256545087,ZeroedOriginBalance
tx-425-C1664641098-C1630931168,FraudTransaction
tx-425-C1664641098-C1630931168,ZeroedOriginBalance
tx-425-C1152041857-C1551847216,FraudTransaction
tx-425-C1152041857-C1551847216,ZeroedOriginBalance
tx-425-C1112249638-C1562672245,FraudTransaction
tx-425-C1112249638-C1562672245,ZeroedOriginBalance
tx-425-C1353907463-C79931133,FraudTransaction
tx-425-C1353907463-C79931133,ZeroedOriginBalance
tx-426-C1507425554-C1679076725,FraudTransaction
tx-426-C1507425554-C1679076725,ZeroedOriginBalance
tx-426-C832632407-C608557779,FraudTransaction
tx-426-C832632407-C608557779,ZeroedOriginBalance
tx-427-C800259537-C1893385934,FraudTransaction
tx-427-C800259537-C1893385934,HighAmountTransfer
tx-427-C800259537-C1893385934,ZeroedOriginBalance
tx-427-C505947737-C1438698807,FraudTransaction
tx-427-C505947737-C1438698807,HighAmountTransfer
tx-427-C505947737-C1438698807,ZeroedOriginBalance
tx-427-C1109518048-C1691016675,FraudTransaction
tx-427-C1109518048-C1691016675,ZeroedOriginBalance
tx-427-C2146300085-C120557331,FraudTransaction
tx-427-C2146300085-C120557331,ZeroedOriginBalance
tx-427-C1200211692-C1441368122,FraudTransaction
tx-427-C1200211692-C1441368122,ZeroedOriginBalance
tx-427-C416033450-C1195945883,FraudTransaction
tx-427-C416033450-C1195945883,ZeroedOriginBalance
tx-427-C1427622325-C1382020476,FraudTransaction
tx-427-C1427622325-C1382020476,ZeroedOriginBalance
tx-427-C1173353466-C114462097,FraudTransaction
tx-427-C1173353466-C114462097,ZeroedOriginBalance
tx-427-C1289286413-C2143229891,FraudTransaction
tx-427-C1289286413-C2143229891,HighAmountTransfer
tx-427-C1289286413-C2143229891,ZeroedOriginBalance
tx-427-C901257542-C1688196964,FraudTransaction
tx-427-C901257542-C1688196964,HighAmountTransfer
tx-427-C901257542-C1688196964,ZeroedOriginBalance
tx-427-C1577661477-C984902838,FraudTransaction
tx-427-C1577661477-C984902838,ZeroedOriginBalance
tx-427-C1690528829-C1949534570,FraudTransaction
tx-427-C1690528829-C1949534570,ZeroedOriginBalance
tx-427-C1499614661-C1862839091,FraudTransaction
tx-427-C1499614661-C1862839091,HighAmountTransfer
tx-427-C1499614661-C1862839091,ZeroedOriginBalance
tx-427-C711131179-C1501386709,FraudTransaction
tx-427-C711131179-C1501386709,HighAmountTransfer
tx-427-C711131179-C1501386709,ZeroedOriginBalance
tx-428-C1408814433-C944070846,FraudTransaction
tx-428-C1408814433-C944070846,ZeroedOriginBalance
tx-428-C1838531308-C505532836,FraudTransaction
tx-428-C1838531308-C505532836,ZeroedOriginBalance
tx-428-C1838531308-C505532836,RepeatedFraudDestination
tx-428-C2107000276-C1629716841,FraudTransaction
tx-428-C2107000276-C1629716841,HighAmountTransfer
tx-428-C2107000276-C1629716841,ZeroedOriginBalance
tx-428-C188968777-C1189187545,FraudTransaction
tx-428-C188968777-C1189187545,HighAmountTransfer
tx-428-C188968777-C1189187545,ZeroedOriginBalance
tx-428-C1833004950-C1079318732,FraudTransaction
tx-428-C1833004950-C1079318732,ZeroedOriginBalance
tx-428-C1642000949-C2070997054,FraudTransaction
tx-428-C1642000949-C2070997054,ZeroedOriginBalance
tx-429-C653262851-C690345380,FraudTransaction
tx-429-C653262851-C690345380,ZeroedOriginBalance
tx-429-C1393117725-C525514833,FraudTransaction
tx-429-C1393117725-C525514833,ZeroedOriginBalance
tx-429-C23801397-C1324604423,FraudTransaction
tx-429-C23801397-C1324604423,ZeroedOriginBalance
tx-429-C300052859-C156651534,FraudTransaction
tx-429-C300052859-C156651534,ZeroedOriginBalance
tx-430-C687647842-C110165718,FraudTransaction
tx-430-C687647842-C110165718,ZeroedOriginBalance
tx-430-C406659405-C200475488,FraudTransaction
tx-430-C406659405-C200475488,ZeroedOriginBalance
tx-430-C541833778-C36684141,FraudTransaction
tx-430-C541833778-C36684141,ZeroedOriginBalance
tx-430-C860160503-C1834699516,FraudTransaction
tx-430-C860160503-C1834699516,ZeroedOriginBalance
tx-430-C2115449921-C314077583,FraudTransaction
tx-430-C2115449921-C314077583,HighAmountTransfer
tx-430-C2115449921-C314077583,ZeroedOriginBalance
tx-430-C265373063-C628493905,FraudTransaction
tx-430-C265373063-C628493905,HighAmountTransfer
tx-430-C265373063-C628493905,ZeroedOriginBalance
tx-430-C1916200037-C483349301,FraudTransaction
tx-430-C1916200037-C483349301,HighAmountTransfer
tx-430-C1916200037-C483349301,ZeroedOriginBalance
tx-430-C1776748909-C382300309,FraudTransaction
tx-430-C1776748909-C382300309,HighAmountTransfer
tx-430-C1776748909-C382300309,ZeroedOriginBalance
tx-431-C1724071075-C270502342,FraudTransaction
tx-431-C1724071075-C270502342,ZeroedOriginBalance
tx-431-C1197863770-C1419848942,FraudTransaction
tx-431-C1197863770-C1419848942,ZeroedOriginBalance
tx-431-C336342996-C190775867,FraudTransaction
tx-431-C336342996-C190775867,HighAmountTransfer
tx-431-C336342996-C190775867,ZeroedOriginBalance
tx-431-C1652874527-C1330039975,FraudTransaction
tx-431-C1652874527-C1330039975,HighAmountTransfer
tx-431-C1652874527-C1330039975,ZeroedOriginBalance
tx-431-C920351883-C870252964,FraudTransaction
tx-431-C920351883-C870252964,ZeroedOriginBalance
tx-431-C2016177370-C232228089,FraudTransaction
tx-431-C2016177370-C232228089,ZeroedOriginBalance
tx-432-C1606642992-C1232800795,FraudTransaction
tx-432-C1606642992-C1232800795,ZeroedOriginBalance
tx-432-C86620913-C1770382625,FraudTransaction
tx-432-C86620913-C1770382625,ZeroedOriginBalance
tx-432-C412631050-C1746289877,FraudTransaction
tx-432-C412631050-C1746289877,HighAmountTransfer
tx-432-C412631050-C1746289877,ZeroedOriginBalance
tx-432-C1171147328-C72945971,FraudTransaction
tx-432-C1171147328-C72945971,HighAmountTransfer
tx-432-C1171147328-C72945971,ZeroedOriginBalance
tx-433-C1852767807-C18879780,FraudTransaction
tx-433-C1852767807-C18879780,ZeroedOriginBalance
tx-433-C1431630057-C1051716016,FraudTransaction
tx-433-C1431630057-C1051716016,ZeroedOriginBalance
tx-433-C1578662968-C620731531,FraudTransaction
tx-433-C1578662968-C620731531,ZeroedOriginBalance
tx-433-C330958414-C1015835310,FraudTransaction
tx-433-C330958414-C1015835310,ZeroedOriginBalance
tx-433-C180129024-C1802674568,FraudTransaction
tx-433-C180129024-C1802674568,HighAmountTransfer
tx-433-C180129024-C1802674568,ZeroedOriginBalance
tx-433-C2023614214-C1887453436,FraudTransaction
tx-433-C2023614214-C1887453436,HighAmountTransfer
tx-433-C2023614214-C1887453436,ZeroedOriginBalance
tx-434-C1710865809-C1882736497,FraudTransaction
tx-434-C1710865809-C1882736497,ZeroedOriginBalance
tx-434-C640831254-C1389084287,FraudTransaction
tx-434-C640831254-C1389084287,ZeroedOriginBalance
tx-434-C1208488541-C1222558935,FraudTransaction
tx-434-C1208488541-C1222558935,HighAmountTransfer
tx-434-C1208488541-C1222558935,ZeroedOriginBalance
tx-434-C1606056333-C2110335244,FraudTransaction
tx-434-C1606056333-C2110335244,HighAmountTransfer
tx-434-C1606056333-C2110335244,ZeroedOriginBalance
tx-434-C1996964574-C1716850817,FraudTransaction
tx-434-C1996964574-C1716850817,HighAmountTransfer
tx-434-C1996964574-C1716850817,ZeroedOriginBalance
tx-434-C1140455895-C1640699182,FraudTransaction
tx-434-C1140455895-C1640699182,HighAmountTransfer
tx-434-C1140455895-C1640699182,ZeroedOriginBalance
tx-434-C1273725199-C357948041,FraudTransaction
tx-434-C1273725199-C357948041,HighAmountTransfer
tx-434-C1273725199-C357948041,ZeroedOriginBalance
tx-434-C1200746478-C1248241557,FraudTransaction
tx-434-C1200746478-C1248241557,HighAmountTransfer
tx-434-C1200746478-C1248241557,ZeroedOriginBalance
tx-435-C815195284-C181224560,FraudTransaction
tx-435-C815195284-C181224560,ZeroedOriginBalance
tx-435-C1014077257-C948907509,FraudTransaction
tx-435-C1014077257-C948907509,ZeroedOriginBalance
tx-435-C206561987-C1495554758,FraudTransaction
tx-435-C206561987-C1495554758,HighAmountTransfer
tx-435-C206561987-C1495554758,ZeroedOriginBalance
tx-435-C1347260506-C351378150,FraudTransaction
tx-435-C1347260506-C351378150,HighAmountTransfer
tx-435-C1347260506-C351378150,ZeroedOriginBalance
tx-436-C338287923-C522956447,FraudTransaction
tx-436-C338287923-C522956447,HighAmountTransfer
tx-436-C338287923-C522956447,ZeroedOriginBalance
tx-436-C685396140-C961098321,FraudTransaction
tx-436-C685396140-C961098321,HighAmountTransfer
tx-436-C685396140-C961098321,ZeroedOriginBalance
tx-436-C1440545718-C1822077806,FraudTransaction
tx-436-C1440545718-C1822077806,ZeroedOriginBalance
tx-436-C1061422162-C1799894308,FraudTransaction
tx-436-C1061422162-C1799894308,ZeroedOriginBalance
tx-436-C2022831297-C676778137,FraudTransaction
tx-436-C2022831297-C676778137,ZeroedOriginBalance
tx-436-C395534351-C356600887,FraudTransaction
tx-436-C395534351-C356600887,ZeroedOriginBalance
tx-436-C1250782425-C236114875,FraudTransaction
tx-436-C1250782425-C236114875,ZeroedOriginBalance
tx-436-C1492365838-C1180486169,FraudTransaction
tx-436-C1492365838-C1180486169,ZeroedOriginBalance
tx-436-C1496866222-C2010123268,FraudTransaction
tx-436-C1496866222-C2010123268,ZeroedOriginBalance
tx-436-C1985701449-C1862889538,FraudTransaction
tx-436-C1985701449-C1862889538,ZeroedOriginBalance
tx-436-C445035011-C1352079459,FraudTransaction
tx-436-C445035011-C1352079459,HighAmountTransfer
tx-436-C445035011-C1352079459,ZeroedOriginBalance
tx-436-C1937566319-C2079293375,FraudTransaction
tx-436-C1937566319-C2079293375,HighAmountTransfer
tx-436-C1937566319-C2079293375,ZeroedOriginBalance
tx-436-C862823643-C359107574,FraudTransaction
tx-436-C862823643-C359107574,ZeroedOriginBalance
tx-436-C2034397905-C497880242,FraudTransaction
tx-436-C2034397905-C497880242,ZeroedOriginBalance
tx-436-C1964768315-C205094205,FraudTransaction
tx-436-C1964768315-C205094205,HighAmountTransfer
tx-436-C1964768315-C205094205,ZeroedOriginBalance
tx-436-C1649836304-C14138104,FraudTransaction
tx-436-C1649836304-C14138104,HighAmountTransfer
tx-436-C1649836304-C14138104,ZeroedOriginBalance
tx-436-C1649836304-C14138104,RepeatedFraudDestination
tx-437-C1484407499-C86900925,FraudTransaction
tx-437-C1484407499-C86900925,ZeroedOriginBalance
tx-437-C662060364-C486861418,FraudTransaction
tx-437-C662060364-C486861418,ZeroedOriginBalance
tx-437-C1764648235-C894097120,FraudTransaction
tx-437-C1764648235-C894097120,HighAmountTransfer
tx-437-C1764648235-C894097120,ZeroedOriginBalance
tx-437-C761504463-C1857128616,FraudTransaction
tx-437-C761504463-C1857128616,HighAmountTransfer
tx-437-C761504463-C1857128616,ZeroedOriginBalance
tx-437-C654688690-C1092203712,FraudTransaction
tx-437-C654688690-C1092203712,ZeroedOriginBalance
tx-437-C823071811-C747395830,FraudTransaction
tx-437-C823071811-C747395830,ZeroedOriginBalance
tx-437-C730998900-C1043597983,FraudTransaction
tx-437-C730998900-C1043597983,ZeroedOriginBalance
tx-437-C458723859-C326321916,FraudTransaction
tx-437-C458723859-C326321916,ZeroedOriginBalance
tx-437-C316065946-C900839253,FraudTransaction
tx-437-C316065946-C900839253,ZeroedOriginBalance
tx-437-C1530035087-C2051847630,FraudTransaction
tx-437-C1530035087-C2051847630,ZeroedOriginBalance
tx-437-C1641625877-C156225699,FraudTransaction
tx-437-C1641625877-C156225699,ZeroedOriginBalance
tx-437-C1186588727-C1803677930,FraudTransaction
tx-437-C1186588727-C1803677930,ZeroedOriginBalance
tx-437-C1645177442-C1573230375,FraudTransaction
tx-437-C1645177442-C1573230375,ZeroedOriginBalance
tx-437-C715754415-C335051358,FraudTransaction
tx-437-C715754415-C335051358,ZeroedOriginBalance
tx-437-C42995326-C1947251824,FraudTransaction
tx-437-C42995326-C1947251824,HighAmountTransfer
tx-437-C42995326-C1947251824,ZeroedOriginBalance
tx-437-C199337547-C915485442,FraudTransaction
tx-437-C199337547-C915485442,HighAmountTransfer
tx-437-C199337547-C915485442,ZeroedOriginBalance
tx-438-C312774959-C2129735982,FraudTransaction
tx-438-C312774959-C2129735982,ZeroedOriginBalance
tx-438-C1949729831-C1178309251,FraudTransaction
tx-438-C1949729831-C1178309251,ZeroedOriginBalance
tx-438-C1985447713-C1824172019,FraudTransaction
tx-438-C1985447713-C1824172019,HighAmountTransfer
tx-438-C1985447713-C1824172019,ZeroedOriginBalance
tx-438-C1879221342-C280556441,FraudTransaction
tx-438-C1879221342-C280556441,HighAmountTransfer
tx-438-C1879221342-C280556441,ZeroedOriginBalance
tx-438-C1184464536-C919670437,FraudTransaction
tx-438-C1184464536-C919670437,HighAmountTransfer
tx-438-C1184464536-C919670437,ZeroedOriginBalance
tx-438-C114220496-C1447772866,FraudTransaction
tx-438-C114220496-C1447772866,HighAmountTransfer
tx-438-C114220496-C1447772866,ZeroedOriginBalance
tx-438-C1282030759-C2119586471,FraudTransaction
tx-438-C1282030759-C2119586471,ZeroedOriginBalance
tx-438-C699355424-C1385675142,FraudTransaction
tx-438-C699355424-C1385675142,ZeroedOriginBalance
tx-438-C609191731-C613117727,FraudTransaction
tx-438-C609191731-C613117727,ZeroedOriginBalance
tx-438-C1411378743-C1045414794,FraudTransaction
tx-438-C1411378743-C1045414794,ZeroedOriginBalance
tx-438-C2089576427-C1225621271,FraudTransaction
tx-438-C2089576427-C1225621271,ZeroedOriginBalance
tx-438-C2119382172-C2024067426,FraudTransaction
tx-438-C2119382172-C2024067426,ZeroedOriginBalance
tx-439-C1294508143-C1542262415,FraudTransaction
tx-439-C1294508143-C1542262415,ZeroedOriginBalance
tx-439-C860758125-C998349190,FraudTransaction
tx-439-C860758125-C998349190,ZeroedOriginBalance
tx-439-C208491415-C2131363055,FraudTransaction
tx-439-C208491415-C2131363055,ZeroedOriginBalance
tx-439-C1806758197-C1577735864,FraudTransaction
tx-439-C1806758197-C1577735864,ZeroedOriginBalance
tx-439-C1044963294-C503182041,FraudTransaction
tx-439-C1044963294-C503182041,ZeroedOriginBalance
tx-439-C1892976179-C1902905747,FraudTransaction
tx-439-C1892976179-C1902905747,ZeroedOriginBalance
tx-439-C260785530-C1654926688,FraudTransaction
tx-439-C260785530-C1654926688,ZeroedOriginBalance
tx-439-C567378649-C1804497744,FraudTransaction
tx-439-C567378649-C1804497744,ZeroedOriginBalance
tx-439-C1750635867-C175456218,FraudTransaction
tx-439-C1750635867-C175456218,HighAmountTransfer
tx-439-C1750635867-C175456218,ZeroedOriginBalance
tx-439-C1052486086-C437308793,FraudTransaction
tx-439-C1052486086-C437308793,HighAmountTransfer
tx-439-C1052486086-C437308793,ZeroedOriginBalance
tx-439-C38256696-C160187757,FraudTransaction
tx-439-C38256696-C160187757,HighAmountTransfer
tx-439-C38256696-C160187757,ZeroedOriginBalance
tx-439-C2144474125-C1652358920,FraudTransaction
tx-439-C2144474125-C1652358920,HighAmountTransfer
tx-439-C2144474125-C1652358920,ZeroedOriginBalance
tx-440-C1559534298-C1910926478,FraudTransaction
tx-440-C1559534298-C1910926478,HighAmountTransfer
tx-440-C731792064-C1744886336,FraudTransaction
tx-440-C731792064-C1744886336,HighAmountTransfer
tx-440-C731792064-C1744886336,ZeroedOriginBalance
tx-440-C2103234501-C667895388,FraudTransaction
tx-440-C2103234501-C667895388,HighAmountTransfer
tx-440-C2048555739-C180656543,FraudTransaction
tx-440-C2048555739-C180656543,HighAmountTransfer
tx-440-C2048555739-C180656543,ZeroedOriginBalance
tx-440-C46140680-C1767092108,FraudTransaction
tx-440-C46140680-C1767092108,HighAmountTransfer
tx-440-C46140680-C1767092108,ZeroedOriginBalance
tx-440-C1536280530-C150352911,FraudTransaction
tx-440-C1536280530-C150352911,HighAmountTransfer
tx-440-C1536280530-C150352911,ZeroedOriginBalance
tx-440-C1493770976-C1084758402,FraudTransaction
tx-440-C1493770976-C1084758402,ZeroedOriginBalance
tx-440-C637472789-C847232763,FraudTransaction
tx-440-C637472789-C847232763,ZeroedOriginBalance
tx-440-C1870904477-C1042117243,FraudTransaction
tx-440-C1870904477-C1042117243,HighAmountTransfer
tx-440-C1870904477-C1042117243,ZeroedOriginBalance
tx-440-C1074110688-C528690672,FraudTransaction
tx-440-C1074110688-C528690672,HighAmountTransfer
tx-440-C1074110688-C528690672,ZeroedOriginBalance
tx-440-C1351320610-C1808132497,FraudTransaction
tx-440-C1351320610-C1808132497,HighAmountTransfer
tx-440-C220809630-C1161159002,FraudTransaction
tx-440-C220809630-C1161159002,HighAmountTransfer
tx-440-C220809630-C1161159002,ZeroedOriginBalance
tx-440-C2134666226-C1039951237,FraudTransaction
tx-440-C2134666226-C1039951237,HighAmountTransfer
tx-440-C2134666226-C1039951237,ZeroedOriginBalance
tx-440-C315872853-C1139193095,FraudTransaction
tx-440-C315872853-C1139193095,HighAmountTransfer
tx-440-C315872853-C1139193095,ZeroedOriginBalance
tx-440-C511044281-C2122549663,FraudTransaction
tx-440-C511044281-C2122549663,HighAmountTransfer
tx-440-C1507276112-C1441560807,FraudTransaction
tx-440-C1507276112-C1441560807,HighAmountTransfer
tx-440-C1507276112-C1441560807,ZeroedOriginBalance
tx-440-C1168684643-C1353360075,FraudTransaction
tx-440-C1168684643-C1353360075,HighAmountTransfer
tx-440-C1168684643-C1353360075,ZeroedOriginBalance
tx-440-C1229304317-C1540888387,FraudTransaction
tx-440-C1229304317-C1540888387,HighAmountTransfer
tx-440-C1229304317-C1540888387,ZeroedOriginBalance
tx-441-C2027207246-C1388180627,FraudTransaction
tx-441-C2027207246-C1388180627,HighAmountTransfer
tx-441-C2027207246-C1388180627,ZeroedOriginBalance
tx-441-C415854001-C655461013,FraudTransaction
tx-441-C415854001-C655461013,HighAmountTransfer
tx-441-C415854001-C655461013,ZeroedOriginBalance
tx-441-C408079205-C1354584978,FraudTransaction
tx-441-C408079205-C1354584978,HighAmountTransfer
tx-441-C408079205-C1354584978,ZeroedOriginBalance
tx-441-C2096913355-C1234389458,FraudTransaction
tx-441-C2096913355-C1234389458,HighAmountTransfer
tx-441-C2096913355-C1234389458,ZeroedOriginBalance
tx-441-C564631760-C43570912,FraudTransaction
tx-441-C564631760-C43570912,ZeroedOriginBalance
tx-441-C1926290864-C1072661124,FraudTransaction
tx-441-C1926290864-C1072661124,ZeroedOriginBalance
tx-441-C2086087020-C1085840721,FraudTransaction
tx-441-C2086087020-C1085840721,HighAmountTransfer
tx-441-C2086087020-C1085840721,ZeroedOriginBalance
tx-441-C1659569966-C1072956803,FraudTransaction
tx-441-C1659569966-C1072956803,HighAmountTransfer
tx-441-C1659569966-C1072956803,ZeroedOriginBalance
tx-441-C2140627643-C1356176375,FraudTransaction
tx-441-C2140627643-C1356176375,ZeroedOriginBalance
tx-441-C199105956-C695036887,FraudTransaction
tx-441-C199105956-C695036887,ZeroedOriginBalance
tx-442-C1666354582-C910803312,FraudTransaction
tx-442-C1666354582-C910803312,ZeroedOriginBalance
tx-442-C770294842-C1211456762,FraudTransaction
tx-442-C770294842-C1211456762,ZeroedOriginBalance
tx-442-C277096632-C344711118,FraudTransaction
tx-442-C277096632-C344711118,HighAmountTransfer
tx-442-C277096632-C344711118,ZeroedOriginBalance
tx-442-C767286102-C1674131234,FraudTransaction
tx-442-C767286102-C1674131234,HighAmountTransfer
tx-442-C767286102-C1674131234,ZeroedOriginBalance
tx-442-C227175045-C765607741,FraudTransaction
tx-442-C227175045-C765607741,ZeroedOriginBalance
tx-442-C1246229535-C279162125,FraudTransaction
tx-442-C1246229535-C279162125,ZeroedOriginBalance
tx-442-C1294538821-C651427607,FraudTransaction
tx-442-C1294538821-C651427607,HighAmountTransfer
tx-442-C1294538821-C651427607,ZeroedOriginBalance
tx-442-C868212192-C678830967,FraudTransaction
tx-442-C868212192-C678830967,HighAmountTransfer
tx-442-C868212192-C678830967,ZeroedOriginBalance
tx-442-C1117911944-C1052869730,FraudTransaction
tx-442-C1117911944-C1052869730,ZeroedOriginBalance
tx-442-C1906628282-C120759853,FraudTransaction
tx-442-C1906628282-C120759853,ZeroedOriginBalance
tx-442-C2027331008-C235368108,FraudTransaction
tx-442-C2027331008-C235368108,ZeroedOriginBalance
tx-442-C460685151-C1818028349,FraudTransaction
tx-442-C460685151-C1818028349,ZeroedOriginBalance
tx-443-C920057135-C1730549845,FraudTransaction
tx-443-C920057135-C1730549845,HighAmountTransfer
tx-443-C920057135-C1730549845,ZeroedOriginBalance
tx-443-C154007666-C184163720,FraudTransaction
tx-443-C154007666-C184163720,HighAmountTransfer
tx-443-C154007666-C184163720,ZeroedOriginBalance
tx-443-C699874957-C2123434459,FraudTransaction
tx-443-C699874957-C2123434459,HighAmountTransfer
tx-443-C699874957-C2123434459,ZeroedOriginBalance
tx-443-C142314551-C1793840709,FraudTransaction
tx-443-C142314551-C1793840709,HighAmountTransfer
tx-443-C142314551-C1793840709,ZeroedOriginBalance
tx-443-C159739802-C381034638,FraudTransaction
tx-443-C159739802-C381034638,HighAmountTransfer
tx-443-C159739802-C381034638,ZeroedOriginBalance
tx-443-C1863182512-C2126274036,FraudTransaction
tx-443-C1863182512-C2126274036,HighAmountTransfer
tx-443-C1863182512-C2126274036,ZeroedOriginBalance
tx-443-C1721589363-C2136928394,FraudTransaction
tx-443-C1721589363-C2136928394,ZeroedOriginBalance
tx-443-C1627009225-C1624188690,FraudTransaction
tx-443-C1627009225-C1624188690,ZeroedOriginBalance
tx-443-C1373322164-C159626180,FraudTransaction
tx-443-C1373322164-C159626180,ZeroedOriginBalance
tx-443-C1632294441-C1959724635,FraudTransaction
tx-443-C1632294441-C1959724635,ZeroedOriginBalance
tx-444-C1831363253-C2045273924,FraudTransaction
tx-444-C1831363253-C2045273924,ZeroedOriginBalance
tx-444-C1558543265-C577153262,FraudTransaction
tx-444-C1558543265-C577153262,ZeroedOriginBalance
tx-444-C1424747794-C1922828230,FraudTransaction
tx-444-C1424747794-C1922828230,ZeroedOriginBalance
tx-444-C1671922232-C965261353,FraudTransaction
tx-444-C1671922232-C965261353,ZeroedOriginBalance
tx-444-C1295280435-C36989160,FraudTransaction
tx-444-C1295280435-C36989160,HighAmountTransfer
tx-444-C981150535-C539137020,FraudTransaction
tx-444-C981150535-C539137020,HighAmountTransfer
tx-444-C981150535-C539137020,ZeroedOriginBalance
tx-444-C838062695-C1614528665,FraudTransaction
tx-444-C838062695-C1614528665,HighAmountTransfer
tx-444-C1855594531-C301687974,FraudTransaction
tx-444-C1855594531-C301687974,HighAmountTransfer
tx-444-C1855594531-C301687974,ZeroedOriginBalance
tx-444-C635186-C1223255649,FraudTransaction
tx-444-C635186-C1223255649,HighAmountTransfer
tx-444-C635186-C1223255649,ZeroedOriginBalance
tx-444-C1674281831-C590901753,FraudTransaction
tx-444-C1674281831-C590901753,HighAmountTransfer
tx-444-C1674281831-C590901753,ZeroedOriginBalance
tx-444-C1275336083-C173424746,FraudTransaction
tx-444-C1275336083-C173424746,HighAmountTransfer
tx-444-C1275336083-C173424746,ZeroedOriginBalance
tx-444-C1939914504-C1046726968,FraudTransaction
tx-444-C1939914504-C1046726968,HighAmountTransfer
tx-444-C1939914504-C1046726968,ZeroedOriginBalance
tx-444-C1047335023-C1970958530,FraudTransaction
tx-444-C1047335023-C1970958530,HighAmountTransfer
tx-444-C1047335023-C1970958530,ZeroedOriginBalance
tx-444-C16940158-C273240830,FraudTransaction
tx-444-C16940158-C273240830,HighAmountTransfer
tx-444-C16940158-C273240830,ZeroedOriginBalance
tx-444-C1841711424-C622012367,FraudTransaction
tx-444-C1841711424-C622012367,ZeroedOriginBalance
tx-444-C468251407-C1669286784,FraudTransaction
tx-444-C468251407-C1669286784,ZeroedOriginBalance
tx-444-C1297114741-C1962820602,FraudTransaction
tx-444-C1297114741-C1962820602,ZeroedOriginBalance
tx-444-C1596133933-C2145440257,FraudTransaction
tx-444-C1596133933-C2145440257,ZeroedOriginBalance
tx-444-C1850675328-C7396544,FraudTransaction
tx-444-C1850675328-C7396544,ZeroedOriginBalance
tx-444-C1890301666-C1690450684,FraudTransaction
tx-444-C1890301666-C1690450684,ZeroedOriginBalance
tx-445-C1110061558-C1628647605,FraudTransaction
tx-445-C1110061558-C1628647605,ZeroedOriginBalance
tx-445-C1558137654-C1468294799,FraudTransaction
tx-445-C1558137654-C1468294799,ZeroedOriginBalance
tx-445-C10702255-C1366837839,FraudTransaction
tx-445-C10702255-C1366837839,HighAmountTransfer
tx-445-C10702255-C1366837839,ZeroedOriginBalance
tx-445-C130301961-C338862629,FraudTransaction
tx-445-C130301961-C338862629,HighAmountTransfer
tx-445-C130301961-C338862629,ZeroedOriginBalance
tx-445-C1861496569-C286946367,FraudTransaction
tx-445-C1861496569-C286946367,ZeroedOriginBalance
tx-445-C1596300422-C1818578637,FraudTransaction
tx-445-C1596300422-C1818578637,ZeroedOriginBalance
tx-446-C1751529795-C1669818195,FraudTransaction
tx-446-C1751529795-C1669818195,HighAmountTransfer
tx-446-C1751529795-C1669818195,ZeroedOriginBalance
tx-446-C1751529795-C1669818195,RepeatedFraudDestination
tx-446-C1601590561-C970433237,FraudTransaction
tx-446-C1601590561-C970433237,HighAmountTransfer
tx-446-C1601590561-C970433237,ZeroedOriginBalance
tx-446-C1614403626-C802921475,FraudTransaction
tx-446-C1614403626-C802921475,ZeroedOriginBalance
tx-446-C1056720143-C1846017772,FraudTransaction
tx-446-C1056720143-C1846017772,ZeroedOriginBalance
tx-446-C1728700338-C1489729408,FraudTransaction
tx-446-C1728700338-C1489729408,ZeroedOriginBalance
tx-446-C171655471-C73957643,FraudTransaction
tx-446-C171655471-C73957643,ZeroedOriginBalance
tx-446-C1998926306-C619524298,FraudTransaction
tx-446-C1998926306-C619524298,HighAmountTransfer
tx-446-C1998926306-C619524298,ZeroedOriginBalance
tx-446-C398909840-C1072954107,FraudTransaction
tx-446-C398909840-C1072954107,HighAmountTransfer
tx-446-C398909840-C1072954107,ZeroedOriginBalance
tx-446-C1674336510-C31094949,FraudTransaction
tx-446-C1674336510-C31094949,ZeroedOriginBalance
tx-446-C771336671-C2075775339,FraudTransaction
tx-446-C771336671-C2075775339,ZeroedOriginBalance
tx-446-C1938630563-C138592034,FraudTransaction
tx-446-C1938630563-C138592034,ZeroedOriginBalance
tx-446-C1399296547-C1447642335,FraudTransaction
tx-446-C1399296547-C1447642335,ZeroedOriginBalance
tx-447-C1391274777-C1330816547,FraudTransaction
tx-447-C1391274777-C1330816547,ZeroedOriginBalance
tx-447-C851101642-C1583598303,FraudTransaction
tx-447-C851101642-C1583598303,ZeroedOriginBalance
tx-447-C680549889-C682169691,FraudTransaction
tx-447-C680549889-C682169691,ZeroedOriginBalance
tx-447-C1200170938-C1762108679,FraudTransaction
tx-447-C1200170938-C1762108679,ZeroedOriginBalance
tx-447-C1632929877-C2080860593,FraudTransaction
tx-447-C1632929877-C2080860593,HighAmountTransfer
tx-447-C1632929877-C2080860593,ZeroedOriginBalance
tx-447-C1897864068-C1441419882,FraudTransaction
tx-447-C1897864068-C1441419882,HighAmountTransfer
tx-447-C1897864068-C1441419882,ZeroedOriginBalance
tx-447-C786548391-C1008141615,FraudTransaction
tx-447-C786548391-C1008141615,HighAmountTransfer
tx-447-C786548391-C1008141615,ZeroedOriginBalance
tx-447-C1072591824-C2109925830,FraudTransaction
tx-447-C1072591824-C2109925830,HighAmountTransfer
tx-447-C1072591824-C2109925830,ZeroedOriginBalance
tx-447-C2050839128-C8466598,FraudTransaction
tx-447-C2050839128-C8466598,ZeroedOriginBalance
tx-447-C1937221024-C176494011,FraudTransaction
tx-447-C1937221024-C176494011,ZeroedOriginBalance
tx-448-C1634310470-C826378920,FraudTransaction
tx-448-C1634310470-C826378920,ZeroedOriginBalance
tx-448-C949838768-C392215840,FraudTransaction
tx-448-C949838768-C392215840,ZeroedOriginBalance
tx-448-C551192635-C1704120261,FraudTransaction
tx-448-C551192635-C1704120261,ZeroedOriginBalance
tx-448-C1841955309-C565887974,FraudTransaction
tx-448-C1841955309-C565887974,ZeroedOriginBalance
tx-448-C966717890-C1756376418,FraudTransaction
tx-448-C966717890-C1756376418,ZeroedOriginBalance
tx-448-C1293936707-C855445362,FraudTransaction
tx-448-C1293936707-C855445362,ZeroedOriginBalance
tx-449-C743603317-C1963533045,FraudTransaction
tx-449-C743603317-C1963533045,ZeroedOriginBalance
tx-449-C782460784-C260277833,FraudTransaction
tx-449-C782460784-C260277833,ZeroedOriginBalance
tx-449-C692202599-C1404927892,FraudTransaction
tx-449-C692202599-C1404927892,ZeroedOriginBalance
tx-449-C1410981762-C1352381069,FraudTransaction
tx-449-C1410981762-C1352381069,ZeroedOriginBalance
tx-449-C635739031-C829764239,FraudTransaction
tx-449-C635739031-C829764239,HighAmountTransfer
tx-449-C635739031-C829764239,ZeroedOriginBalance
tx-449-C1721232424-C895676218,FraudTransaction
tx-449-C1721232424-C895676218,HighAmountTransfer
tx-449-C1721232424-C895676218,ZeroedOriginBalance
tx-450-C754902447-C201681253,FraudTransaction
tx-450-C754902447-C201681253,ZeroedOriginBalance
tx-450-C1961860165-C91534435,FraudTransaction
tx-450-C1961860165-C91534435,ZeroedOriginBalance
tx-450-C982513894-C865044477,FraudTransaction
tx-450-C982513894-C865044477,ZeroedOriginBalance
tx-450-C281930322-C1655359478,FraudTransaction
tx-450-C281930322-C1655359478,ZeroedOriginBalance
tx-450-C281930322-C1655359478,RepeatedFraudDestination
tx-450-C1271248505-C78762401,FraudTransaction
tx-450-C1271248505-C78762401,ZeroedOriginBalance
tx-450-C1128269552-C1346281468,FraudTransaction
tx-450-C1128269552-C1346281468,ZeroedOriginBalance
tx-450-C105750198-C1172379830,FraudTransaction
tx-450-C105750198-C1172379830,ZeroedOriginBalance
tx-450-C2033019735-C1759587587,FraudTransaction
tx-450-C2033019735-C1759587587,ZeroedOriginBalance
tx-450-C524119157-C1979637041,FraudTransaction
tx-450-C524119157-C1979637041,HighAmountTransfer
tx-450-C1552522980-C2104816494,FraudTransaction
tx-450-C1552522980-C2104816494,HighAmountTransfer
tx-450-C1552522980-C2104816494,ZeroedOriginBalance
tx-450-C920327149-C118210084,FraudTransaction
tx-450-C920327149-C118210084,HighAmountTransfer
tx-450-C920327149-C118210084,ZeroedOriginBalance
tx-450-C616477106-C1405637035,FraudTransaction
tx-450-C616477106-C1405637035,HighAmountTransfer
tx-450-C616477106-C1405637035,ZeroedOriginBalance
tx-450-C1343500180-C284636751,FraudTransaction
tx-450-C1343500180-C284636751,ZeroedOriginBalance
tx-450-C1090188748-C847781012,FraudTransaction
tx-450-C1090188748-C847781012,ZeroedOriginBalance
tx-450-C777044549-C89609219,FraudTransaction
tx-450-C777044549-C89609219,HighAmountTransfer
tx-450-C777044549-C89609219,ZeroedOriginBalance
tx-450-C2142422300-C1173885211,FraudTransaction
tx-450-C2142422300-C1173885211,HighAmountTransfer
tx-450-C2142422300-C1173885211,ZeroedOriginBalance
tx-451-C1329487815-C1936702457,FraudTransaction
tx-451-C1329487815-C1936702457,ZeroedOriginBalance
tx-451-C2101131639-C1937187979,FraudTransaction
tx-451-C2101131639-C1937187979,ZeroedOriginBalance
tx-451-C733845370-C1425128293,FraudTransaction
tx-451-C733845370-C1425128293,ZeroedOriginBalance
tx-451-C23091724-C798547691,FraudTransaction
tx-451-C23091724-C798547691,ZeroedOriginBalance
tx-452-C1275005774-C1128985646,FraudTransaction
tx-452-C1275005774-C1128985646,ZeroedOriginBalance
tx-452-C1693403052-C1457990651,FraudTransaction
tx-452-C1693403052-C1457990651,ZeroedOriginBalance
tx-452-C1477586121-C2081301197,FraudTransaction
tx-452-C1477586121-C2081301197,ZeroedOriginBalance
tx-452-C523460795-C64387721,FraudTransaction
tx-452-C523460795-C64387721,ZeroedOriginBalance
tx-452-C523315738-C1520782025,FraudTransaction
tx-452-C523315738-C1520782025,ZeroedOriginBalance
tx-452-C1852618568-C1829345728,FraudTransaction
tx-452-C1852618568-C1829345728,ZeroedOriginBalance
tx-452-C599862051-C220508389,FraudTransaction
tx-452-C599862051-C220508389,HighAmountTransfer
tx-452-C599862051-C220508389,ZeroedOriginBalance
tx-452-C254541375-C135531312,FraudTransaction
tx-452-C254541375-C135531312,HighAmountTransfer
tx-452-C254541375-C135531312,ZeroedOriginBalance
tx-452-C1538555812-C1230453143,FraudTransaction
tx-452-C1538555812-C1230453143,HighAmountTransfer
tx-452-C1538555812-C1230453143,ZeroedOriginBalance
tx-452-C1390409394-C1709267320,FraudTransaction
tx-452-C1390409394-C1709267320,HighAmountTransfer
tx-452-C1390409394-C1709267320,ZeroedOriginBalance
tx-453-C1443740367-C465493916,FraudTransaction
tx-453-C1443740367-C465493916,ZeroedOriginBalance
tx-453-C922243256-C1604176054,FraudTransaction
tx-453-C922243256-C1604176054,ZeroedOriginBalance
tx-453-C897190163-C2117423610,FraudTransaction
tx-453-C897190163-C2117423610,HighAmountTransfer
tx-453-C897190163-C2117423610,ZeroedOriginBalance
tx-453-C1015856166-C1424612838,FraudTransaction
tx-453-C1015856166-C1424612838,HighAmountTransfer
tx-453-C1015856166-C1424612838,ZeroedOriginBalance
tx-453-C1674374999-C1352876312,FraudTransaction
tx-453-C1674374999-C1352876312,HighAmountTransfer
tx-453-C1674374999-C1352876312,ZeroedOriginBalance
tx-453-C951701114-C1839908342,FraudTransaction
tx-453-C951701114-C1839908342,HighAmountTransfer
tx-453-C951701114-C1839908342,ZeroedOriginBalance
tx-453-C1285139783-C2050267427,FraudTransaction
tx-453-C1285139783-C2050267427,ZeroedOriginBalance
tx-453-C964493655-C471673536,FraudTransaction
tx-453-C964493655-C471673536,ZeroedOriginBalance
tx-454-C545398254-C657638073,FraudTransaction
tx-454-C545398254-C657638073,HighAmountTransfer
tx-454-C545398254-C657638073,ZeroedOriginBalance
tx-454-C506025543-C339280589,FraudTransaction
tx-454-C506025543-C339280589,HighAmountTransfer
tx-454-C506025543-C339280589,ZeroedOriginBalance
tx-454-C1287154806-C351712967,FraudTransaction
tx-454-C1287154806-C351712967,ZeroedOriginBalance
tx-454-C1310120773-C434003582,FraudTransaction
tx-454-C1310120773-C434003582,ZeroedOriginBalance
tx-454-C270286609-C311232614,FraudTransaction
tx-454-C270286609-C311232614,ZeroedOriginBalance
tx-454-C47565118-C939725119,FraudTransaction
tx-454-C47565118-C939725119,ZeroedOriginBalance
tx-455-C2093423573-C1147445635,FraudTransaction
tx-455-C2093423573-C1147445635,ZeroedOriginBalance
tx-455-C1670265588-C1200107950,FraudTransaction
tx-455-C1670265588-C1200107950,ZeroedOriginBalance
tx-455-C1155509146-C1138077225,FraudTransaction
tx-455-C1155509146-C1138077225,ZeroedOriginBalance
tx-455-C2113537795-C1152345873,FraudTransaction
tx-455-C2113537795-C1152345873,ZeroedOriginBalance
tx-455-C517758721-C121014715,FraudTransaction
tx-455-C517758721-C121014715,HighAmountTransfer
tx-455-C517758721-C121014715,ZeroedOriginBalance
tx-455-C759307305-C611078934,FraudTransaction
tx-455-C759307305-C611078934,HighAmountTransfer
tx-455-C759307305-C611078934,ZeroedOriginBalance
tx-455-C572669478-C899620238,FraudTransaction
tx-455-C572669478-C899620238,ZeroedOriginBalance
tx-455-C651782265-C571026687,FraudTransaction
tx-455-C651782265-C571026687,ZeroedOriginBalance
tx-455-C1572407780-C892688622,FraudTransaction
tx-455-C1572407780-C892688622,ZeroedOriginBalance
tx-455-C1803700149-C1702786373,FraudTransaction
tx-455-C1803700149-C1702786373,ZeroedOriginBalance
tx-456-C874085933-C2077005975,FraudTransaction
tx-456-C874085933-C2077005975,ZeroedOriginBalance
tx-456-C978638319-C1081325178,FraudTransaction
tx-456-C978638319-C1081325178,ZeroedOriginBalance
tx-456-C571696283-C340828714,FraudTransaction
tx-456-C571696283-C340828714,HighAmountTransfer
tx-456-C571696283-C340828714,ZeroedOriginBalance
tx-456-C826677509-C1483869567,FraudTransaction
tx-456-C826677509-C1483869567,HighAmountTransfer
tx-456-C826677509-C1483869567,ZeroedOriginBalance
tx-456-C1322381590-C876969670,FraudTransaction
tx-456-C1322381590-C876969670,ZeroedOriginBalance
tx-456-C1387708046-C1963829295,FraudTransaction
tx-456-C1387708046-C1963829295,ZeroedOriginBalance
tx-456-C1807237119-C1910239392,FraudTransaction
tx-456-C1807237119-C1910239392,HighAmountTransfer
tx-456-C1790414268-C1595458981,FraudTransaction
tx-456-C1790414268-C1595458981,HighAmountTransfer
tx-456-C1790414268-C1595458981,ZeroedOriginBalance
tx-456-C732924093-C1550431717,FraudTransaction
tx-456-C732924093-C1550431717,ZeroedOriginBalance
tx-456-C1275728264-C62774884,FraudTransaction
tx-456-C1275728264-C62774884,ZeroedOriginBalance
tx-456-C1726453809-C1824298603,FraudTransaction
tx-456-C1726453809-C1824298603,ZeroedOriginBalance
tx-456-C812331836-C1874670723,FraudTransaction
tx-456-C812331836-C1874670723,ZeroedOriginBalance
tx-456-C1733734380-C1612257977,FraudTransaction
tx-456-C1733734380-C1612257977,ZeroedOriginBalance
tx-456-C2076996831-C1951439287,FraudTransaction
tx-456-C2076996831-C1951439287,ZeroedOriginBalance
tx-456-C556813703-C1076802652,FraudTransaction
tx-456-C556813703-C1076802652,ZeroedOriginBalance
tx-456-C1210808398-C475311068,FraudTransaction
tx-456-C1210808398-C475311068,ZeroedOriginBalance
tx-456-C449877864-C727110696,FraudTransaction
tx-456-C449877864-C727110696,ZeroedOriginBalance
tx-456-C44196449-C477039753,FraudTransaction
tx-456-C44196449-C477039753,ZeroedOriginBalance
tx-457-C202768349-C568155079,FraudTransaction
tx-457-C202768349-C568155079,ZeroedOriginBalance
tx-457-C2066174694-C708073508,FraudTransaction
tx-457-C2066174694-C708073508,ZeroedOriginBalance
tx-457-C828404341-C1030933184,FraudTransaction
tx-457-C828404341-C1030933184,ZeroedOriginBalance
tx-457-C1663497956-C1331429328,FraudTransaction
tx-457-C1663497956-C1331429328,ZeroedOriginBalance
tx-457-C1089341002-C1168895160,FraudTransaction
tx-457-C1089341002-C1168895160,ZeroedOriginBalance
tx-457-C27253971-C325487676,FraudTransaction
tx-457-C27253971-C325487676,ZeroedOriginBalance
tx-457-C870245711-C143653184,FraudTransaction
tx-457-C870245711-C143653184,HighAmountTransfer
tx-457-C870245711-C143653184,ZeroedOriginBalance
tx-457-C1729864710-C497024092,FraudTransaction
tx-457-C1729864710-C497024092,HighAmountTransfer
tx-457-C1729864710-C497024092,ZeroedOriginBalance
tx-457-C2075685093-C1475814137,FraudTransaction
tx-457-C2075685093-C1475814137,ZeroedOriginBalance
tx-457-C1919721161-C248420364,FraudTransaction
tx-457-C1919721161-C248420364,ZeroedOriginBalance
tx-458-C2126395117-C999470580,FraudTransaction
tx-458-C2126395117-C999470580,ZeroedOriginBalance
tx-458-C1479418663-C756475678,FraudTransaction
tx-458-C1479418663-C756475678,ZeroedOriginBalance
tx-458-C1165837899-C2049883242,FraudTransaction
tx-458-C1165837899-C2049883242,ZeroedOriginBalance
tx-458-C964445001-C1195194203,FraudTransaction
tx-458-C964445001-C1195194203,ZeroedOriginBalance
tx-458-C1032891419-C347989965,FraudTransaction
tx-458-C1032891419-C347989965,ZeroedOriginBalance
tx-458-C679560563-C1441581953,FraudTransaction
tx-458-C679560563-C1441581953,ZeroedOriginBalance
tx-459-C1504417393-C413981813,FraudTransaction
tx-459-C1504417393-C413981813,ZeroedOriginBalance
tx-459-C1685125917-C1463620824,FraudTransaction
tx-459-C1685125917-C1463620824,ZeroedOriginBalance
tx-459-C1045907901-C1384446029,FraudTransaction
tx-459-C1045907901-C1384446029,ZeroedOriginBalance
tx-459-C1862849619-C1553982195,FraudTransaction
tx-459-C1862849619-C1553982195,ZeroedOriginBalance
tx-459-C1788207069-C2113625922,FraudTransaction
tx-459-C1788207069-C2113625922,HighAmountTransfer
tx-459-C1788207069-C2113625922,ZeroedOriginBalance
tx-459-C165575041-C1041543827,FraudTransaction
tx-459-C165575041-C1041543827,HighAmountTransfer
tx-459-C165575041-C1041543827,ZeroedOriginBalance
tx-459-C1304518547-C230736806,FraudTransaction
tx-459-C1304518547-C230736806,ZeroedOriginBalance
tx-459-C2028451849-C677754789,FraudTransaction
tx-459-C2028451849-C677754789,ZeroedOriginBalance
tx-460-C2008095547-C2016906281,FraudTransaction
tx-460-C2008095547-C2016906281,ZeroedOriginBalance
tx-460-C2032238862-C881850638,FraudTransaction
tx-460-C2032238862-C881850638,ZeroedOriginBalance
tx-460-C1107781229-C2074418507,FraudTransaction
tx-460-C1107781229-C2074418507,ZeroedOriginBalance
tx-460-C175000067-C1507172682,FraudTransaction
tx-460-C175000067-C1507172682,ZeroedOriginBalance
tx-460-C1506089450-C1564280287,FraudTransaction
tx-460-C1506089450-C1564280287,HighAmountTransfer
tx-460-C1506089450-C1564280287,ZeroedOriginBalance
tx-460-C617173071-C706638819,FraudTransaction
tx-460-C617173071-C706638819,HighAmountTransfer
tx-460-C617173071-C706638819,ZeroedOriginBalance
tx-460-C847706686-C719419922,FraudTransaction
tx-460-C847706686-C719419922,ZeroedOriginBalance
tx-460-C719693497-C1184164392,FraudTransaction
tx-460-C719693497-C1184164392,ZeroedOriginBalance
tx-460-C1558078875-C1062681354,FraudTransaction
tx-460-C1558078875-C1062681354,ZeroedOriginBalance
tx-460-C593887896-C434667197,FraudTransaction
tx-460-C593887896-C434667197,ZeroedOriginBalance
tx-460-C155431672-C1327043210,FraudTransaction
tx-460-C155431672-C1327043210,ZeroedOriginBalance
tx-460-C625520344-C1699367271,FraudTransaction
tx-460-C625520344-C1699367271,ZeroedOriginBalance
tx-460-C2100813963-C2073514796,FraudTransaction
tx-460-C2100813963-C2073514796,ZeroedOriginBalance
tx-460-C1488044664-C60471121,FraudTransaction
tx-460-C1488044664-C60471121,ZeroedOriginBalance
tx-460-C777622163-C413417554,FraudTransaction
tx-460-C777622163-C413417554,HighAmountTransfer
tx-460-C777622163-C413417554,ZeroedOriginBalance
tx-460-C9486206-C2094181723,FraudTransaction
tx-460-C9486206-C2094181723,HighAmountTransfer
tx-460-C9486206-C2094181723,ZeroedOriginBalance
tx-461-C915102234-C475837987,FraudTransaction
tx-461-C915102234-C475837987,HighAmountTransfer
tx-461-C915102234-C475837987,ZeroedOriginBalance
tx-461-C1138281794-C1873232780,FraudTransaction
tx-461-C1138281794-C1873232780,HighAmountTransfer
tx-461-C1138281794-C1873232780,ZeroedOriginBalance
tx-461-C1269763321-C7990337,FraudTransaction
tx-461-C1269763321-C7990337,HighAmountTransfer
tx-461-C1269763321-C7990337,ZeroedOriginBalance
tx-461-C107395739-C133285167,FraudTransaction
tx-461-C107395739-C133285167,HighAmountTransfer
tx-461-C107395739-C133285167,ZeroedOriginBalance
tx-461-C469537628-C161770106,FraudTransaction
tx-461-C469537628-C161770106,HighAmountTransfer
tx-461-C469537628-C161770106,ZeroedOriginBalance
tx-461-C2004363483-C165602524,FraudTransaction
tx-461-C2004363483-C165602524,HighAmountTransfer
tx-461-C2004363483-C165602524,ZeroedOriginBalance
tx-461-C1460980455-C698942634,FraudTransaction
tx-461-C1460980455-C698942634,ZeroedOriginBalance
tx-461-C1856719659-C1226867237,FraudTransaction
tx-461-C1856719659-C1226867237,ZeroedOriginBalance
tx-461-C1642150548-C1757788418,FraudTransaction
tx-461-C1642150548-C1757788418,ZeroedOriginBalance
tx-461-C307666203-C1498742715,FraudTransaction
tx-461-C307666203-C1498742715,ZeroedOriginBalance
tx-461-C1856023832-C625389009,FraudTransaction
tx-461-C1856023832-C625389009,ZeroedOriginBalance
tx-461-C528486707-C759025632,FraudTransaction
tx-461-C528486707-C759025632,ZeroedOriginBalance
tx-461-C32167725-C1980945664,FraudTransaction
tx-461-C32167725-C1980945664,ZeroedOriginBalance
tx-461-C1180847965-C217315121,FraudTransaction
tx-461-C1180847965-C217315121,ZeroedOriginBalance
tx-461-C1210027591-C673284647,FraudTransaction
tx-461-C1210027591-C673284647,ZeroedOriginBalance
tx-461-C98982423-C229328572,FraudTransaction
tx-461-C98982423-C229328572,ZeroedOriginBalance
tx-462-C1101966116-C1518422608,FraudTransaction
tx-462-C1101966116-C1518422608,ZeroedOriginBalance
tx-462-C1333813455-C1158263027,FraudTransaction
tx-462-C1333813455-C1158263027,ZeroedOriginBalance
tx-462-C1976332867-C1903233179,FraudTransaction
tx-462-C1976332867-C1903233179,HighAmountTransfer
tx-462-C1976332867-C1903233179,ZeroedOriginBalance
tx-462-C978314426-C1219260366,FraudTransaction
tx-462-C978314426-C1219260366,HighAmountTransfer
tx-462-C978314426-C1219260366,ZeroedOriginBalance
tx-462-C244092764-C1927485075,FraudTransaction
tx-462-C244092764-C1927485075,ZeroedOriginBalance
tx-462-C1120272474-C521660749,FraudTransaction
tx-462-C1120272474-C521660749,ZeroedOriginBalance
tx-462-C1418607659-C1595540217,FraudTransaction
tx-462-C1418607659-C1595540217,ZeroedOriginBalance
tx-462-C287402036-C95792829,FraudTransaction
tx-462-C287402036-C95792829,ZeroedOriginBalance
tx-462-C2067653411-C1402116137,FraudTransaction
tx-462-C2067653411-C1402116137,ZeroedOriginBalance
tx-462-C160168142-C1459561697,FraudTransaction
tx-462-C160168142-C1459561697,ZeroedOriginBalance
tx-462-C750908080-C279725072,FraudTransaction
tx-462-C750908080-C279725072,ZeroedOriginBalance
tx-462-C909860820-C411004597,FraudTransaction
tx-462-C909860820-C411004597,ZeroedOriginBalance
tx-462-C579573451-C987393521,FraudTransaction
tx-462-C579573451-C987393521,ZeroedOriginBalance
tx-462-C1955616732-C1170488365,FraudTransaction
tx-462-C1955616732-C1170488365,ZeroedOriginBalance
tx-462-C1474789260-C991335856,FraudTransaction
tx-462-C1474789260-C991335856,HighAmountTransfer
tx-462-C1474789260-C991335856,ZeroedOriginBalance
tx-462-C994987867-C725098002,FraudTransaction
tx-462-C994987867-C725098002,HighAmountTransfer
tx-462-C994987867-C725098002,ZeroedOriginBalance
tx-463-C1158527799-C1983304819,FraudTransaction
tx-463-C1158527799-C1983304819,HighAmountTransfer
tx-463-C1158527799-C1983304819,ZeroedOriginBalance
tx-463-C869608189-C1391783413,FraudTransaction
tx-463-C869608189-C1391783413,HighAmountTransfer
tx-463-C869608189-C1391783413,ZeroedOriginBalance
tx-463-C1604466708-C1732055737,FraudTransaction
tx-463-C1604466708-C1732055737,HighAmountTransfer
tx-463-C1604466708-C1732055737,ZeroedOriginBalance
tx-463-C383746092-C794646915,FraudTransaction
tx-463-C383746092-C794646915,HighAmountTransfer
tx-463-C383746092-C794646915,ZeroedOriginBalance
tx-463-C1042499011-C1660783549,FraudTransaction
tx-463-C1042499011-C1660783549,ZeroedOriginBalance
tx-463-C616239672-C583085719,FraudTransaction
tx-463-C616239672-C583085719,ZeroedOriginBalance
tx-463-C1548769886-C1779956771,FraudTransaction
tx-463-C1548769886-C1779956771,HighAmountTransfer
tx-463-C1548769886-C1779956771,ZeroedOriginBalance
tx-463-C1471437030-C765536045,FraudTransaction
tx-463-C1471437030-C765536045,HighAmountTransfer
tx-463-C1471437030-C765536045,ZeroedOriginBalance
tx-463-C60906417-C1482453836,FraudTransaction
tx-463-C60906417-C1482453836,ZeroedOriginBalance
tx-463-C1410654808-C1763889280,FraudTransaction
tx-463-C1410654808-C1763889280,ZeroedOriginBalance
tx-464-C180932654-C1673286866,FraudTransaction
tx-464-C180932654-C1673286866,HighAmountTransfer
tx-464-C180932654-C1673286866,ZeroedOriginBalance
tx-464-C2144262905-C1372520966,FraudTransaction
tx-464-C2144262905-C1372520966,HighAmountTransfer
tx-464-C2144262905-C1372520966,ZeroedOriginBalance
tx-464-C1991993954-C1163515588,FraudTransaction
tx-464-C1991993954-C1163515588,ZeroedOriginBalance
tx-464-C97407183-C665978376,FraudTransaction
tx-464-C97407183-C665978376,ZeroedOriginBalance
tx-464-C357942750-C1229695480,FraudTransaction
tx-464-C357942750-C1229695480,HighAmountTransfer
tx-464-C357942750-C1229695480,ZeroedOriginBalance
tx-464-C1256913473-C967785353,FraudTransaction
tx-464-C1256913473-C967785353,HighAmountTransfer
tx-464-C1256913473-C967785353,ZeroedOriginBalance
tx-464-C2080701542-C446782589,FraudTransaction
tx-464-C2080701542-C446782589,HighAmountTransfer
tx-464-C2080701542-C446782589,ZeroedOriginBalance
tx-464-C1009032350-C1867593514,FraudTransaction
tx-464-C1009032350-C1867593514,HighAmountTransfer
tx-464-C1009032350-C1867593514,ZeroedOriginBalance
tx-464-C132433393-C254097050,FraudTransaction
tx-464-C132433393-C254097050,ZeroedOriginBalance
tx-464-C448860094-C1332940364,FraudTransaction
tx-464-C448860094-C1332940364,ZeroedOriginBalance
tx-464-C1107109708-C2110704276,FraudTransaction
tx-464-C1107109708-C2110704276,HighAmountTransfer
tx-464-C1107109708-C2110704276,ZeroedOriginBalance
tx-464-C1504023425-C538717920,FraudTransaction
tx-464-C1504023425-C538717920,HighAmountTransfer
tx-464-C1504023425-C538717920,ZeroedOriginBalance
tx-464-C2018450953-C1122913595,FraudTransaction
tx-464-C2018450953-C1122913595,ZeroedOriginBalance
tx-464-C1793151553-C1653796300,FraudTransaction
tx-464-C1793151553-C1653796300,ZeroedOriginBalance
tx-464-C1108270870-C815315430,FraudTransaction
tx-464-C1108270870-C815315430,ZeroedOriginBalance
tx-464-C927102285-C1526518047,FraudTransaction
tx-464-C927102285-C1526518047,ZeroedOriginBalance
tx-465-C939367162-C2087484651,FraudTransaction
tx-465-C939367162-C2087484651,HighAmountTransfer
tx-465-C939367162-C2087484651,ZeroedOriginBalance
tx-465-C1475261726-C1054474053,FraudTransaction
tx-465-C1475261726-C1054474053,HighAmountTransfer
tx-465-C1475261726-C1054474053,ZeroedOriginBalance
tx-465-C1663837850-C76747824,FraudTransaction
tx-465-C1663837850-C76747824,ZeroedOriginBalance
tx-465-C1205919663-C1646816538,FraudTransaction
tx-465-C1205919663-C1646816538,ZeroedOriginBalance
tx-465-C470923235-C588226024,FraudTransaction
tx-465-C470923235-C588226024,ZeroedOriginBalance
tx-465-C1047897914-C559992116,FraudTransaction
tx-465-C1047897914-C559992116,ZeroedOriginBalance
tx-465-C1504640849-C1013931672,FraudTransaction
tx-465-C1504640849-C1013931672,ZeroedOriginBalance
tx-465-C1797253023-C1822942612,FraudTransaction
tx-465-C1797253023-C1822942612,ZeroedOriginBalance
tx-465-C43271707-C2144586539,FraudTransaction
tx-465-C43271707-C2144586539,HighAmountTransfer
tx-465-C43271707-C2144586539,ZeroedOriginBalance
tx-465-C1265105517-C1603347069,FraudTransaction
tx-465-C1265105517-C1603347069,HighAmountTransfer
tx-465-C1265105517-C1603347069,ZeroedOriginBalance
tx-465-C1704841255-C1345313578,FraudTransaction
tx-465-C1704841255-C1345313578,HighAmountTransfer
tx-465-C1704841255-C1345313578,ZeroedOriginBalance
tx-465-C1907027988-C1368065448,FraudTransaction
tx-465-C1907027988-C1368065448,HighAmountTransfer
tx-465-C1907027988-C1368065448,ZeroedOriginBalance
tx-466-C952245558-C2101227966,FraudTransaction
tx-466-C952245558-C2101227966,ZeroedOriginBalance
tx-466-C1321085787-C203735779,FraudTransaction
tx-466-C1321085787-C203735779,ZeroedOriginBalance
tx-466-C1197632627-C736141903,FraudTransaction
tx-466-C1197632627-C736141903,HighAmountTransfer
tx-466-C1197632627-C736141903,ZeroedOriginBalance
tx-466-C821777202-C1421637972,FraudTransaction
tx-466-C821777202-C1421637972,HighAmountTransfer
tx-466-C821777202-C1421637972,ZeroedOriginBalance
tx-466-C549647828-C13373079,FraudTransaction
tx-466-C549647828-C13373079,ZeroedOriginBalance
tx-466-C1891374197-C1590958349,FraudTransaction
tx-466-C1891374197-C1590958349,ZeroedOriginBalance
tx-467-C1057975418-C864888723,FraudTransaction
tx-467-C1057975418-C864888723,ZeroedOriginBalance
tx-467-C859067773-C936547996,FraudTransaction
tx-467-C859067773-C936547996,ZeroedOriginBalance
tx-467-C904059459-C1237495348,FraudTransaction
tx-467-C904059459-C1237495348,ZeroedOriginBalance
tx-467-C1719825701-C1058945845,FraudTransaction
tx-467-C1719825701-C1058945845,ZeroedOriginBalance
tx-467-C581609779-C224105862,FraudTransaction
tx-467-C581609779-C224105862,HighAmountTransfer
tx-467-C581609779-C224105862,ZeroedOriginBalance
tx-467-C858034086-C233159904,FraudTransaction
tx-467-C858034086-C233159904,HighAmountTransfer
tx-467-C858034086-C233159904,ZeroedOriginBalance
tx-467-C280460099-C1478799121,FraudTransaction
tx-467-C280460099-C1478799121,ZeroedOriginBalance
tx-467-C1709776685-C1845662039,FraudTransaction
tx-467-C1709776685-C1845662039,ZeroedOriginBalance
tx-467-C747042147-C310235538,FraudTransaction
tx-467-C747042147-C310235538,ZeroedOriginBalance
tx-467-C1873382948-C916193312,FraudTransaction
tx-467-C1873382948-C916193312,ZeroedOriginBalance
tx-467-C1294019179-C63457750,FraudTransaction
tx-467-C1294019179-C63457750,ZeroedOriginBalance
tx-467-C1478536822-C1266929646,FraudTransaction
tx-467-C1478536822-C1266929646,ZeroedOriginBalance
tx-468-C1125545468-C1693214292,FraudTransaction
tx-468-C1125545468-C1693214292,HighAmountTransfer
tx-468-C1125545468-C1693214292,ZeroedOriginBalance
tx-468-C1626151700-C184686299,FraudTransaction
tx-468-C1626151700-C184686299,HighAmountTransfer
tx-468-C1626151700-C184686299,ZeroedOriginBalance
tx-468-C618333968-C830994571,FraudTransaction
tx-468-C618333968-C830994571,ZeroedOriginBalance
tx-468-C2035637987-C1696840371,FraudTransaction
tx-468-C2035637987-C1696840371,ZeroedOriginBalance
tx-468-C161250720-C314194629,FraudTransaction
tx-468-C161250720-C314194629,ZeroedOriginBalance
tx-468-C19001916-C654239643,FraudTransaction
tx-468-C19001916-C654239643,ZeroedOriginBalance
tx-468-C851249845-C2109638287,FraudTransaction
tx-468-C851249845-C2109638287,ZeroedOriginBalance
tx-468-C1743463751-C400200038,FraudTransaction
tx-468-C1743463751-C400200038,ZeroedOriginBalance
tx-468-C1459301109-C1248513597,FraudTransaction
tx-468-C1459301109-C1248513597,HighAmountTransfer
tx-468-C1459301109-C1248513597,ZeroedOriginBalance
tx-468-C1519723202-C2047987740,FraudTransaction
tx-468-C1519723202-C2047987740,HighAmountTransfer
tx-468-C1519723202-C2047987740,ZeroedOriginBalance
tx-468-C10974087-C1896366978,FraudTransaction
tx-468-C10974087-C1896366978,ZeroedOriginBalance
tx-468-C1054388169-C1350880657,FraudTransaction
tx-468-C1054388169-C1350880657,ZeroedOriginBalance
tx-469-C2061241585-C558432551,FraudTransaction
tx-469-C2061241585-C558432551,HighAmountTransfer
tx-469-C2061241585-C558432551,ZeroedOriginBalance
tx-469-C790582807-C690378183,FraudTransaction
tx-469-C790582807-C690378183,HighAmountTransfer
tx-469-C790582807-C690378183,ZeroedOriginBalance
tx-469-C568285041-C867659609,FraudTransaction
tx-469-C568285041-C867659609,ZeroedOriginBalance
tx-469-C1403929359-C1934932538,FraudTransaction
tx-469-C1403929359-C1934932538,ZeroedOriginBalance
tx-469-C1519426085-C1185086386,FraudTransaction
tx-469-C1519426085-C1185086386,HighAmountTransfer
tx-469-C210168934-C1856701476,FraudTransaction
tx-469-C210168934-C1856701476,HighAmountTransfer
tx-469-C210168934-C1856701476,ZeroedOriginBalance
tx-469-C2041942844-C1100722756,FraudTransaction
tx-469-C2041942844-C1100722756,HighAmountTransfer
tx-469-C2041942844-C1100722756,ZeroedOriginBalance
tx-469-C370286354-C1781740019,FraudTransaction
tx-469-C370286354-C1781740019,HighAmountTransfer
tx-469-C370286354-C1781740019,ZeroedOriginBalance
tx-470-C182934676-C1568271281,FraudTransaction
tx-470-C182934676-C1568271281,ZeroedOriginBalance
tx-470-C1959891582-C1804810309,FraudTransaction
tx-470-C1959891582-C1804810309,ZeroedOriginBalance
tx-470-C1053675722-C503599136,FraudTransaction
tx-470-C1053675722-C503599136,ZeroedOriginBalance
tx-470-C1664997307-C1806348809,FraudTransaction
tx-470-C1664997307-C1806348809,ZeroedOriginBalance
tx-470-C1393439924-C851338379,FraudTransaction
tx-470-C1393439924-C851338379,HighAmountTransfer
tx-470-C1393439924-C851338379,ZeroedOriginBalance
tx-470-C733220553-C362029597,FraudTransaction
tx-470-C733220553-C362029597,HighAmountTransfer
tx-470-C733220553-C362029597,ZeroedOriginBalance
tx-470-C2075115765-C2025150574,FraudTransaction
tx-470-C2075115765-C2025150574,HighAmountTransfer
tx-470-C2075115765-C2025150574,ZeroedOriginBalance
tx-470-C1981956148-C289828816,FraudTransaction
tx-470-C1981956148-C289828816,HighAmountTransfer
tx-470-C1981956148-C289828816,ZeroedOriginBalance
tx-470-C504859386-C1412133328,FraudTransaction
tx-470-C504859386-C1412133328,ZeroedOriginBalance
tx-470-C676427076-C1523524779,FraudTransaction
tx-470-C676427076-C1523524779,ZeroedOriginBalance
tx-470-C1360860736-C832749526,FraudTransaction
tx-470-C1360860736-C832749526,ZeroedOriginBalance
tx-470-C2122237253-C1217175630,FraudTransaction
tx-470-C2122237253-C1217175630,ZeroedOriginBalance
tx-471-C653557164-C37138390,FraudTransaction
tx-471-C653557164-C37138390,ZeroedOriginBalance
tx-471-C1384579214-C1459458578,FraudTransaction
tx-471-C1384579214-C1459458578,ZeroedOriginBalance
tx-472-C2045012639-C529372268,FraudTransaction
tx-472-C2045012639-C529372268,ZeroedOriginBalance
tx-472-C951521494-C2063022949,FraudTransaction
tx-472-C951521494-C2063022949,ZeroedOriginBalance
tx-472-C957619820-C1424435329,FraudTransaction
tx-472-C957619820-C1424435329,HighAmountTransfer
tx-472-C957619820-C1424435329,ZeroedOriginBalance
tx-472-C342873826-C1459518542,FraudTransaction
tx-472-C342873826-C1459518542,HighAmountTransfer
tx-472-C342873826-C1459518542,ZeroedOriginBalance
tx-472-C951821221-C1535144828,FraudTransaction
tx-472-C951821221-C1535144828,ZeroedOriginBalance
tx-472-C1069288733-C1731869105,FraudTransaction
tx-472-C1069288733-C1731869105,ZeroedOriginBalance
tx-472-C1431701654-C906449417,FraudTransaction
tx-472-C1431701654-C906449417,ZeroedOriginBalance
tx-472-C1047682756-C1400720500,FraudTransaction
tx-472-C1047682756-C1400720500,ZeroedOriginBalance
tx-473-C731157772-C182956313,FraudTransaction
tx-473-C731157772-C182956313,ZeroedOriginBalance
tx-473-C867506541-C1424690592,FraudTransaction
tx-473-C867506541-C1424690592,ZeroedOriginBalance
tx-473-C1833923167-C2045180381,FraudTransaction
tx-473-C1833923167-C2045180381,ZeroedOriginBalance
tx-473-C281624402-C197249105,FraudTransaction
tx-473-C281624402-C197249105,ZeroedOriginBalance
tx-473-C528147634-C1140712757,FraudTransaction
tx-473-C528147634-C1140712757,ZeroedOriginBalance
tx-473-C77588545-C826538510,FraudTransaction
tx-473-C77588545-C826538510,ZeroedOriginBalance
tx-473-C307539719-C434694643,FraudTransaction
tx-473-C307539719-C434694643,ZeroedOriginBalance
tx-473-C1270751664-C1991324873,FraudTransaction
tx-473-C1270751664-C1991324873,ZeroedOriginBalance
tx-473-C53019393-C304768770,FraudTransaction
tx-473-C53019393-C304768770,ZeroedOriginBalance
tx-473-C2022649541-C239424906,FraudTransaction
tx-473-C2022649541-C239424906,ZeroedOriginBalance
tx-474-C1618990848-C959315595,FraudTransaction
tx-474-C1618990848-C959315595,ZeroedOriginBalance
tx-474-C817565031-C2032615769,FraudTransaction
tx-474-C817565031-C2032615769,ZeroedOriginBalance
tx-474-C535716283-C1659926495,FraudTransaction
tx-474-C535716283-C1659926495,ZeroedOriginBalance
tx-474-C1846777916-C1899546171,FraudTransaction
tx-474-C1846777916-C1899546171,ZeroedOriginBalance
tx-474-C687615410-C1163176037,FraudTransaction
tx-474-C687615410-C1163176037,HighAmountTransfer
tx-474-C687615410-C1163176037,ZeroedOriginBalance
tx-474-C285314242-C345891541,FraudTransaction
tx-474-C285314242-C345891541,HighAmountTransfer
tx-474-C285314242-C345891541,ZeroedOriginBalance
tx-474-C107566089-C956043310,FraudTransaction
tx-474-C107566089-C956043310,HighAmountTransfer
tx-474-C107566089-C956043310,ZeroedOriginBalance
tx-474-C1827869035-C372062896,FraudTransaction
tx-474-C1827869035-C372062896,HighAmountTransfer
tx-474-C1827869035-C372062896,ZeroedOriginBalance
tx-475-C932045964-C69741433,FraudTransaction
tx-475-C932045964-C69741433,HighAmountTransfer
tx-475-C932045964-C69741433,ZeroedOriginBalance
tx-475-C1191482277-C174516315,FraudTransaction
tx-475-C1191482277-C174516315,HighAmountTransfer
tx-475-C1191482277-C174516315,ZeroedOriginBalance
tx-475-C1483122432-C1940362937,FraudTransaction
tx-475-C1483122432-C1940362937,ZeroedOriginBalance
tx-475-C1127304441-C1403814902,FraudTransaction
tx-475-C1127304441-C1403814902,ZeroedOriginBalance
tx-475-C644302607-C457206167,FraudTransaction
tx-475-C644302607-C457206167,ZeroedOriginBalance
tx-475-C1538717187-C685749303,FraudTransaction
tx-475-C1538717187-C685749303,ZeroedOriginBalance
tx-475-C5272295-C1553362573,FraudTransaction
tx-475-C5272295-C1553362573,ZeroedOriginBalance
tx-475-C743231238-C488128368,FraudTransaction
tx-475-C743231238-C488128368,ZeroedOriginBalance
tx-475-C806333119-C922111429,FraudTransaction
tx-475-C806333119-C922111429,ZeroedOriginBalance
tx-475-C1550140499-C119015629,FraudTransaction
tx-475-C1550140499-C119015629,ZeroedOriginBalance
tx-475-C1596047986-C1251374638,FraudTransaction
tx-475-C1596047986-C1251374638,ZeroedOriginBalance
tx-475-C358552175-C11759889,FraudTransaction
tx-475-C358552175-C11759889,ZeroedOriginBalance
tx-475-C1481115689-C370888897,FraudTransaction
tx-475-C1481115689-C370888897,ZeroedOriginBalance
tx-475-C779716783-C1919160151,FraudTransaction
tx-475-C779716783-C1919160151,ZeroedOriginBalance
tx-476-C1023402674-C1914393339,FraudTransaction
tx-476-C1023402674-C1914393339,ZeroedOriginBalance
tx-476-C360538311-C1834951696,FraudTransaction
tx-476-C360538311-C1834951696,ZeroedOriginBalance
tx-476-C1637636459-C514013862,FraudTransaction
tx-476-C1637636459-C514013862,HighAmountTransfer
tx-476-C1637636459-C514013862,ZeroedOriginBalance
tx-476-C169415375-C1774696541,FraudTransaction
tx-476-C169415375-C1774696541,HighAmountTransfer
tx-476-C169415375-C1774696541,ZeroedOriginBalance
tx-476-C961613398-C1939685950,FraudTransaction
tx-476-C961613398-C1939685950,ZeroedOriginBalance
tx-476-C82858527-C390897002,FraudTransaction
tx-476-C82858527-C390897002,ZeroedOriginBalance
tx-476-C883298030-C441954287,FraudTransaction
tx-476-C883298030-C441954287,ZeroedOriginBalance
tx-476-C534886270-C998024073,FraudTransaction
tx-476-C534886270-C998024073,ZeroedOriginBalance
tx-477-C958803448-C229298168,FraudTransaction
tx-477-C958803448-C229298168,ZeroedOriginBalance
tx-477-C1232836519-C1361370826,FraudTransaction
tx-477-C1232836519-C1361370826,ZeroedOriginBalance
tx-477-C2023738276-C1104022737,FraudTransaction
tx-477-C2023738276-C1104022737,HighAmountTransfer
tx-477-C2023738276-C1104022737,ZeroedOriginBalance
tx-477-C356905617-C1736990542,FraudTransaction
tx-477-C356905617-C1736990542,HighAmountTransfer
tx-477-C356905617-C1736990542,ZeroedOriginBalance
tx-477-C1490771263-C486822956,FraudTransaction
tx-477-C1490771263-C486822956,HighAmountTransfer
tx-477-C1490771263-C486822956,ZeroedOriginBalance
tx-477-C560583390-C1975522590,FraudTransaction
tx-477-C560583390-C1975522590,HighAmountTransfer
tx-477-C560583390-C1975522590,ZeroedOriginBalance
tx-477-C535695455-C888712424,FraudTransaction
tx-477-C535695455-C888712424,HighAmountTransfer
tx-477-C535695455-C888712424,ZeroedOriginBalance
tx-477-C1928293922-C2120663616,FraudTransaction
tx-477-C1928293922-C2120663616,HighAmountTransfer
tx-477-C1928293922-C2120663616,ZeroedOriginBalance
tx-477-C1885333477-C742632200,FraudTransaction
tx-477-C1885333477-C742632200,ZeroedOriginBalance
tx-477-C533672978-C1910425961,FraudTransaction
tx-477-C533672978-C1910425961,ZeroedOriginBalance
tx-478-C1119251343-C1394440708,FraudTransaction
tx-478-C1119251343-C1394440708,HighAmountTransfer
tx-478-C1119251343-C1394440708,ZeroedOriginBalance
tx-478-C1472018335-C1247462330,FraudTransaction
tx-478-C1472018335-C1247462330,HighAmountTransfer
tx-478-C1472018335-C1247462330,ZeroedOriginBalance
tx-478-C1357479917-C2091222833,FraudTransaction
tx-478-C1357479917-C2091222833,ZeroedOriginBalance
tx-478-C63485295-C801090621,FraudTransaction
tx-478-C63485295-C801090621,ZeroedOriginBalance
tx-478-C1783931496-C10748060,FraudTransaction
tx-478-C1783931496-C10748060,ZeroedOriginBalance
tx-478-C1702286599-C2107067819,FraudTransaction
tx-478-C1702286599-C2107067819,ZeroedOriginBalance
tx-479-C1780532253-C2065569880,FraudTransaction
tx-479-C1780532253-C2065569880,HighAmountTransfer
tx-479-C1780532253-C2065569880,ZeroedOriginBalance
tx-479-C155884105-C52395788,FraudTransaction
tx-479-C155884105-C52395788,HighAmountTransfer
tx-479-C155884105-C52395788,ZeroedOriginBalance
tx-479-C805718496-C1770271268,FraudTransaction
tx-479-C805718496-C1770271268,ZeroedOriginBalance
tx-479-C1299137401-C466144148,FraudTransaction
tx-479-C1299137401-C466144148,ZeroedOriginBalance
tx-480-C159173164-C1585124596,FraudTransaction
tx-480-C159173164-C1585124596,ZeroedOriginBalance
tx-480-C705070035-C1831159717,FraudTransaction
tx-480-C705070035-C1831159717,ZeroedOriginBalance
tx-480-C2060560456-C297560462,FraudTransaction
tx-480-C2060560456-C297560462,ZeroedOriginBalance
tx-480-C1368229796-C491258942,FraudTransaction
tx-480-C1368229796-C491258942,ZeroedOriginBalance
tx-480-C1053760019-C902583523,FraudTransaction
tx-480-C1053760019-C902583523,ZeroedOriginBalance
tx-480-C541658626-C911995008,FraudTransaction
tx-480-C541658626-C911995008,ZeroedOriginBalance
tx-481-C349322282-C1470984619,FraudTransaction
tx-481-C349322282-C1470984619,ZeroedOriginBalance
tx-481-C1722932683-C1992581465,FraudTransaction
tx-481-C1722932683-C1992581465,ZeroedOriginBalance
tx-481-C1457867360-C1143524875,FraudTransaction
tx-481-C1457867360-C1143524875,ZeroedOriginBalance
tx-481-C1505496365-C1263395993,FraudTransaction
tx-481-C1505496365-C1263395993,ZeroedOriginBalance
tx-481-C1544182108-C1927390532,FraudTransaction
tx-481-C1544182108-C1927390532,ZeroedOriginBalance
tx-481-C884840595-C1836069154,FraudTransaction
tx-481-C884840595-C1836069154,ZeroedOriginBalance
tx-481-C1215783470-C1131260473,FraudTransaction
tx-481-C1215783470-C1131260473,ZeroedOriginBalance
tx-481-C1897651048-C372865996,FraudTransaction
tx-481-C1897651048-C372865996,ZeroedOriginBalance
tx-481-C2136325294-C1970232075,FraudTransaction
tx-481-C2136325294-C1970232075,HighAmountTransfer
tx-481-C2136325294-C1970232075,ZeroedOriginBalance
tx-481-C670354135-C577804571,FraudTransaction
tx-481-C670354135-C577804571,HighAmountTransfer
tx-481-C670354135-C577804571,ZeroedOriginBalance
tx-481-C1415686677-C384177810,FraudTransaction
tx-481-C1415686677-C384177810,ZeroedOriginBalance
tx-481-C2072968042-C1480258945,FraudTransaction
tx-481-C2072968042-C1480258945,ZeroedOriginBalance
tx-481-C703367289-C428179224,FraudTransaction
tx-481-C703367289-C428179224,ZeroedOriginBalance
tx-481-C676285921-C1205336218,FraudTransaction
tx-481-C676285921-C1205336218,ZeroedOriginBalance
tx-482-C1898408959-C38559733,FraudTransaction
tx-482-C1898408959-C38559733,ZeroedOriginBalance
tx-482-C2105445146-C10585515,FraudTransaction
tx-482-C2105445146-C10585515,ZeroedOriginBalance
tx-482-C807173004-C1577384296,FraudTransaction
tx-482-C807173004-C1577384296,ZeroedOriginBalance
tx-482-C1659770923-C381855260,FraudTransaction
tx-482-C1659770923-C381855260,ZeroedOriginBalance
tx-482-C677179162-C520559752,FraudTransaction
tx-482-C677179162-C520559752,ZeroedOriginBalance
tx-482-C561223504-C212208463,FraudTransaction
tx-482-C561223504-C212208463,ZeroedOriginBalance
tx-482-C1918912745-C1999367128,FraudTransaction
tx-482-C1918912745-C1999367128,HighAmountTransfer
tx-482-C1918912745-C1999367128,ZeroedOriginBalance
tx-482-C1625110990-C1705027319,FraudTransaction
tx-482-C1625110990-C1705027319,HighAmountTransfer
tx-482-C1625110990-C1705027319,ZeroedOriginBalance
tx-482-C792080112-C1606793865,FraudTransaction
tx-482-C792080112-C1606793865,ZeroedOriginBalance
tx-482-C306373969-C1858951589,FraudTransaction
tx-482-C306373969-C1858951589,ZeroedOriginBalance
tx-482-C1888769481-C1653981424,FraudTransaction
tx-482-C1888769481-C1653981424,HighAmountTransfer
tx-482-C1888769481-C1653981424,ZeroedOriginBalance
tx-482-C727140107-C1279293168,FraudTransaction
tx-482-C727140107-C1279293168,HighAmountTransfer
tx-482-C727140107-C1279293168,ZeroedOriginBalance
tx-482-C1162461767-C1883074444,FraudTransaction
tx-482-C1162461767-C1883074444,ZeroedOriginBalance
tx-482-C1939829449-C1329996187,FraudTransaction
tx-482-C1939829449-C1329996187,ZeroedOriginBalance
tx-482-C561470318-C1565320699,FraudTransaction
tx-482-C561470318-C1565320699,ZeroedOriginBalance
tx-482-C805912404-C2095346026,FraudTransaction
tx-482-C805912404-C2095346026,ZeroedOriginBalance
tx-483-C1713336918-C1279746199,FraudTransaction
tx-483-C1713336918-C1279746199,HighAmountTransfer
tx-483-C1713336918-C1279746199,ZeroedOriginBalance
tx-483-C1658688393-C2021292359,FraudTransaction
tx-483-C1658688393-C2021292359,HighAmountTransfer
tx-483-C1658688393-C2021292359,ZeroedOriginBalance
tx-483-C149249593-C210740885,FraudTransaction
tx-483-C149249593-C210740885,HighAmountTransfer
tx-483-C149249593-C210740885,ZeroedOriginBalance
tx-483-C195861117-C1350236324,FraudTransaction
tx-483-C195861117-C1350236324,HighAmountTransfer
tx-483-C195861117-C1350236324,ZeroedOriginBalance
tx-483-C1418432811-C1543578666,FraudTransaction
tx-483-C1418432811-C1543578666,ZeroedOriginBalance
tx-483-C919319560-C856187523,FraudTransaction
tx-483-C919319560-C856187523,ZeroedOriginBalance
tx-483-C701300416-C2001415186,FraudTransaction
tx-483-C701300416-C2001415186,ZeroedOriginBalance
tx-483-C1055498407-C277547037,FraudTransaction
tx-483-C1055498407-C277547037,ZeroedOriginBalance
tx-484-C1373191789-C542398643,FraudTransaction
tx-484-C1373191789-C542398643,ZeroedOriginBalance
tx-484-C1608782511-C465350675,FraudTransaction
tx-484-C1608782511-C465350675,ZeroedOriginBalance
tx-484-C1677319859-C581356334,FraudTransaction
tx-484-C1677319859-C581356334,ZeroedOriginBalance
tx-484-C389614238-C643171110,FraudTransaction
tx-484-C389614238-C643171110,ZeroedOriginBalance
tx-484-C755286039-C2094079166,FraudTransaction
tx-484-C755286039-C2094079166,ZeroedOriginBalance
tx-484-C473772146-C1600956649,FraudTransaction
tx-484-C473772146-C1600956649,ZeroedOriginBalance
tx-485-C1844195426-C832338176,FraudTransaction
tx-485-C1844195426-C832338176,HighAmountTransfer
tx-485-C1844195426-C832338176,ZeroedOriginBalance
tx-485-C1558861751-C939990653,FraudTransaction
tx-485-C1558861751-C939990653,HighAmountTransfer
tx-485-C1558861751-C939990653,ZeroedOriginBalance
tx-485-C1505030258-C275418011,FraudTransaction
tx-485-C1505030258-C275418011,ZeroedOriginBalance
tx-485-C1606328682-C435666818,FraudTransaction
tx-485-C1606328682-C435666818,ZeroedOriginBalance
tx-485-C1398662623-C840864986,FraudTransaction
tx-485-C1398662623-C840864986,ZeroedOriginBalance
tx-485-C1568950252-C370224798,FraudTransaction
tx-485-C1568950252-C370224798,ZeroedOriginBalance
tx-485-C600644430-C1183535106,FraudTransaction
tx-485-C600644430-C1183535106,HighAmountTransfer
tx-485-C600644430-C1183535106,ZeroedOriginBalance
tx-485-C164780972-C380842084,FraudTransaction
tx-485-C164780972-C380842084,HighAmountTransfer
tx-485-C164780972-C380842084,ZeroedOriginBalance
tx-485-C899490900-C1200745570,FraudTransaction
tx-485-C899490900-C1200745570,HighAmountTransfer
tx-485-C899490900-C1200745570,ZeroedOriginBalance
tx-485-C1247391276-C2010547624,FraudTransaction
tx-485-C1247391276-C2010547624,HighAmountTransfer
tx-485-C1247391276-C2010547624,ZeroedOriginBalance
tx-485-C17156930-C1931513332,FraudTransaction
tx-485-C17156930-C1931513332,ZeroedOriginBalance
tx-485-C437383157-C943161690,FraudTransaction
tx-485-C437383157-C943161690,ZeroedOriginBalance
tx-486-C1190315879-C1109288229,FraudTransaction
tx-486-C1190315879-C1109288229,ZeroedOriginBalance
tx-486-C1105017179-C1386404249,FraudTransaction
tx-486-C1105017179-C1386404249,ZeroedOriginBalance
tx-486-C1899244815-C1848485369,FraudTransaction
tx-486-C1899244815-C1848485369,HighAmountTransfer
tx-486-C1899244815-C1848485369,ZeroedOriginBalance
tx-486-C1075946907-C1978376659,FraudTransaction
tx-486-C1075946907-C1978376659,HighAmountTransfer
tx-486-C1075946907-C1978376659,ZeroedOriginBalance
tx-486-C1298336422-C66079679,FraudTransaction
tx-486-C1298336422-C66079679,HighAmountTransfer
tx-486-C1298336422-C66079679,ZeroedOriginBalance
tx-486-C790188952-C472356199,FraudTransaction
tx-486-C790188952-C472356199,HighAmountTransfer
tx-486-C790188952-C472356199,ZeroedOriginBalance
tx-486-C2140495649-C423543548,FraudTransaction
tx-486-C2140495649-C423543548,ZeroedOriginBalance
tx-486-C852832309-C781959592,FraudTransaction
tx-486-C852832309-C781959592,ZeroedOriginBalance
tx-487-C1295000556-C1061559557,FraudTransaction
tx-487-C1295000556-C1061559557,ZeroedOriginBalance
tx-487-C1997658145-C688618982,FraudTransaction
tx-487-C1997658145-C688618982,ZeroedOriginBalance
tx-487-C56372848-C583505603,FraudTransaction
tx-487-C56372848-C583505603,HighAmountTransfer
tx-487-C56372848-C583505603,ZeroedOriginBalance
tx-487-C626221636-C1866292696,FraudTransaction
tx-487-C626221636-C1866292696,HighAmountTransfer
tx-487-C626221636-C1866292696,ZeroedOriginBalance
tx-487-C509024717-C136074678,FraudTransaction
tx-487-C509024717-C136074678,ZeroedOriginBalance
tx-487-C28062325-C2067322767,FraudTransaction
tx-487-C28062325-C2067322767,ZeroedOriginBalance
tx-487-C1553540945-C758612821,FraudTransaction
tx-487-C1553540945-C758612821,HighAmountTransfer
tx-487-C1553540945-C758612821,ZeroedOriginBalance
tx-487-C408988375-C131871009,FraudTransaction
tx-487-C408988375-C131871009,HighAmountTransfer
tx-487-C408988375-C131871009,ZeroedOriginBalance
tx-487-C467131548-C170544554,FraudTransaction
tx-487-C467131548-C170544554,ZeroedOriginBalance
tx-487-C1094519972-C1202883151,FraudTransaction
tx-487-C1094519972-C1202883151,ZeroedOriginBalance
tx-487-C1573491047-C1416004532,FraudTransaction
tx-487-C1573491047-C1416004532,ZeroedOriginBalance
tx-487-C556184876-C1449793778,FraudTransaction
tx-487-C556184876-C1449793778,ZeroedOriginBalance
tx-487-C863742411-C1644420879,FraudTransaction
tx-487-C863742411-C1644420879,HighAmountTransfer
tx-487-C863742411-C1644420879,ZeroedOriginBalance
tx-487-C1689112462-C353554883,FraudTransaction
tx-487-C1689112462-C353554883,HighAmountTransfer
tx-487-C1689112462-C353554883,ZeroedOriginBalance
tx-488-C260298539-C1861429530,FraudTransaction
tx-488-C260298539-C1861429530,ZeroedOriginBalance
tx-488-C732624402-C1786899731,FraudTransaction
tx-488-C732624402-C1786899731,ZeroedOriginBalance
tx-488-C928616706-C911339546,FraudTransaction
tx-488-C928616706-C911339546,ZeroedOriginBalance
tx-488-C1714051510-C502023164,FraudTransaction
tx-488-C1714051510-C502023164,ZeroedOriginBalance
tx-488-C726617458-C1996615895,FraudTransaction
tx-488-C726617458-C1996615895,ZeroedOriginBalance
tx-488-C1348697498-C499332323,FraudTransaction
tx-488-C1348697498-C499332323,ZeroedOriginBalance
tx-488-C46940943-C1142866922,FraudTransaction
tx-488-C46940943-C1142866922,HighAmountTransfer
tx-488-C46940943-C1142866922,ZeroedOriginBalance
tx-488-C1085308330-C403495240,FraudTransaction
tx-488-C1085308330-C403495240,HighAmountTransfer
tx-488-C1085308330-C403495240,ZeroedOriginBalance
tx-489-C289774611-C359505480,FraudTransaction
tx-489-C289774611-C359505480,ZeroedOriginBalance
tx-489-C1510063116-C772067797,FraudTransaction
tx-489-C1510063116-C772067797,ZeroedOriginBalance
tx-489-C984959096-C134109335,FraudTransaction
tx-489-C984959096-C134109335,ZeroedOriginBalance
tx-489-C2041261993-C174559228,FraudTransaction
tx-489-C2041261993-C174559228,ZeroedOriginBalance
tx-489-C1144230283-C1501063702,FraudTransaction
tx-489-C1144230283-C1501063702,HighAmountTransfer
tx-489-C1144230283-C1501063702,ZeroedOriginBalance
tx-489-C319141085-C1942668370,FraudTransaction
tx-489-C319141085-C1942668370,HighAmountTransfer
tx-489-C319141085-C1942668370,ZeroedOriginBalance
tx-489-C65259597-C355360625,FraudTransaction
tx-489-C65259597-C355360625,ZeroedOriginBalance
tx-489-C596998655-C1550443264,FraudTransaction
tx-489-C596998655-C1550443264,ZeroedOriginBalance
tx-489-C2071075791-C2019441541,FraudTransaction
tx-489-C2071075791-C2019441541,ZeroedOriginBalance
tx-489-C1173355296-C265276524,FraudTransaction
tx-489-C1173355296-C265276524,ZeroedOriginBalance
tx-489-C1481892464-C1868266376,FraudTransaction
tx-489-C1481892464-C1868266376,HighAmountTransfer
tx-489-C1481892464-C1868266376,ZeroedOriginBalance
tx-489-C1342251524-C322342819,FraudTransaction
tx-489-C1342251524-C322342819,HighAmountTransfer
tx-489-C1342251524-C322342819,ZeroedOriginBalance
tx-489-C1002895272-C2080434931,FraudTransaction
tx-489-C1002895272-C2080434931,ZeroedOriginBalance
tx-489-C21638411-C1781045188,FraudTransaction
tx-489-C21638411-C1781045188,ZeroedOriginBalance
tx-490-C996566642-C1200267069,FraudTransaction
tx-490-C996566642-C1200267069,HighAmountTransfer
tx-490-C996566642-C1200267069,ZeroedOriginBalance
tx-490-C1366299519-C1848657199,FraudTransaction
tx-490-C1366299519-C1848657199,HighAmountTransfer
tx-490-C1366299519-C1848657199,ZeroedOriginBalance
tx-490-C48098605-C1547394308,FraudTransaction
tx-490-C48098605-C1547394308,HighAmountTransfer
tx-490-C48098605-C1547394308,ZeroedOriginBalance
tx-490-C630013429-C1658435128,FraudTransaction
tx-490-C630013429-C1658435128,HighAmountTransfer
tx-490-C630013429-C1658435128,ZeroedOriginBalance
tx-490-C404384076-C1947044006,FraudTransaction
tx-490-C404384076-C1947044006,ZeroedOriginBalance
tx-490-C1886113938-C861197285,FraudTransaction
tx-490-C1886113938-C861197285,ZeroedOriginBalance
tx-490-C2071106864-C548881736,FraudTransaction
tx-490-C2071106864-C548881736,HighAmountTransfer
tx-490-C2071106864-C548881736,ZeroedOriginBalance
tx-490-C520336445-C1651162496,FraudTransaction
tx-490-C520336445-C1651162496,HighAmountTransfer
tx-490-C520336445-C1651162496,ZeroedOriginBalance
tx-490-C923004972-C243729608,FraudTransaction
tx-490-C923004972-C243729608,HighAmountTransfer
tx-490-C923004972-C243729608,ZeroedOriginBalance
tx-490-C463684846-C872339657,FraudTransaction
tx-490-C463684846-C872339657,HighAmountTransfer
tx-490-C463684846-C872339657,ZeroedOriginBalance
tx-491-C542986012-C628613220,FraudTransaction
tx-491-C542986012-C628613220,ZeroedOriginBalance
tx-491-C1192213620-C70209751,FraudTransaction
tx-491-C1192213620-C70209751,ZeroedOriginBalance
tx-491-C816802649-C1270749460,FraudTransaction
tx-491-C816802649-C1270749460,HighAmountTransfer
tx-491-C816802649-C1270749460,ZeroedOriginBalance
tx-491-C994518144-C469694911,FraudTransaction
tx-491-C994518144-C469694911,HighAmountTransfer
tx-491-C994518144-C469694911,ZeroedOriginBalance
tx-491-C1898490203-C228352671,FraudTransaction
tx-491-C1898490203-C228352671,HighAmountTransfer
tx-491-C1898490203-C228352671,ZeroedOriginBalance
tx-491-C1274959638-C870195127,FraudTransaction
tx-491-C1274959638-C870195127,HighAmountTransfer
tx-491-C1274959638-C870195127,ZeroedOriginBalance
tx-491-C12585107-C1287650869,FraudTransaction
tx-491-C12585107-C1287650869,ZeroedOriginBalance
tx-491-C44130095-C836633488,FraudTransaction
tx-491-C44130095-C836633488,ZeroedOriginBalance
tx-491-C946427395-C922180689,FraudTransaction
tx-491-C946427395-C922180689,HighAmountTransfer
tx-491-C946427395-C922180689,ZeroedOriginBalance
tx-491-C489467109-C1464476266,FraudTransaction
tx-491-C489467109-C1464476266,HighAmountTransfer
tx-491-C489467109-C1464476266,ZeroedOriginBalance
tx-491-C1069177491-C131895413,FraudTransaction
tx-491-C1069177491-C131895413,ZeroedOriginBalance
tx-491-C194800493-C830552686,FraudTransaction
tx-491-C194800493-C830552686,ZeroedOriginBalance
tx-492-C1911667833-C423310949,FraudTransaction
tx-492-C1911667833-C423310949,HighAmountTransfer
tx-492-C1911667833-C423310949,ZeroedOriginBalance
tx-492-C738609409-C1728230521,FraudTransaction
tx-492-C738609409-C1728230521,HighAmountTransfer
tx-492-C738609409-C1728230521,ZeroedOriginBalance
tx-492-C937734682-C122818160,FraudTransaction
tx-492-C937734682-C122818160,HighAmountTransfer
tx-492-C937734682-C122818160,ZeroedOriginBalance
tx-492-C1400717591-C231455368,FraudTransaction
tx-492-C1400717591-C231455368,HighAmountTransfer
tx-492-C1400717591-C231455368,ZeroedOriginBalance
tx-492-C2111179588-C581054448,FraudTransaction
tx-492-C2111179588-C581054448,ZeroedOriginBalance
tx-492-C1133500128-C1665056886,FraudTransaction
tx-492-C1133500128-C1665056886,ZeroedOriginBalance
tx-493-C1579869749-C1291615113,FraudTransaction
tx-493-C1579869749-C1291615113,HighAmountTransfer
tx-493-C1579869749-C1291615113,ZeroedOriginBalance
tx-493-C1966863341-C570490831,FraudTransaction
tx-493-C1966863341-C570490831,HighAmountTransfer
tx-493-C1966863341-C570490831,ZeroedOriginBalance
tx-493-C1141104763-C1209725124,FraudTransaction
tx-493-C1141104763-C1209725124,ZeroedOriginBalance
tx-493-C1064034527-C1937398960,FraudTransaction
tx-493-C1064034527-C1937398960,ZeroedOriginBalance
tx-493-C317779855-C1088161711,FraudTransaction
tx-493-C317779855-C1088161711,ZeroedOriginBalance
tx-493-C1127265876-C661987351,FraudTransaction
tx-493-C1127265876-C661987351,ZeroedOriginBalance
tx-493-C1640703547-C2025320594,FraudTransaction
tx-493-C1640703547-C2025320594,ZeroedOriginBalance
tx-493-C258213312-C1204527929,FraudTransaction
tx-493-C258213312-C1204527929,ZeroedOriginBalance
tx-494-C973279667-C2055520993,FraudTransaction
tx-494-C973279667-C2055520993,HighAmountTransfer
tx-494-C973279667-C2055520993,ZeroedOriginBalance
tx-494-C151517061-C51144678,FraudTransaction
tx-494-C151517061-C51144678,HighAmountTransfer
tx-494-C151517061-C51144678,ZeroedOriginBalance
tx-494-C1267328802-C593181726,FraudTransaction
tx-494-C1267328802-C593181726,ZeroedOriginBalance
tx-494-C755656980-C432121402,FraudTransaction
tx-494-C755656980-C432121402,ZeroedOriginBalance
tx-494-C964891508-C262568847,FraudTransaction
tx-494-C964891508-C262568847,HighAmountTransfer
tx-494-C964891508-C262568847,ZeroedOriginBalance
tx-494-C1013288403-C581415324,FraudTransaction
tx-494-C1013288403-C581415324,HighAmountTransfer
tx-494-C1013288403-C581415324,ZeroedOriginBalance
tx-494-C1648943042-C1134805695,FraudTransaction
tx-494-C1648943042-C1134805695,ZeroedOriginBalance
tx-494-C488038887-C862778283,FraudTransaction
tx-494-C488038887-C862778283,ZeroedOriginBalance
tx-495-C1033789899-C361594462,FraudTransaction
tx-495-C1033789899-C361594462,ZeroedOriginBalance
tx-495-C1873655308-C445308859,FraudTransaction
tx-495-C1873655308-C445308859,ZeroedOriginBalance
tx-495-C1055011986-C182489820,FraudTransaction
tx-495-C1055011986-C182489820,ZeroedOriginBalance
tx-495-C1138417563-C1647906907,FraudTransaction
tx-495-C1138417563-C1647906907,ZeroedOriginBalance
tx-495-C1311695181-C603927604,FraudTransaction
tx-495-C1311695181-C603927604,HighAmountTransfer
tx-495-C1311695181-C603927604,ZeroedOriginBalance
tx-495-C1069559758-C1931212575,FraudTransaction
tx-495-C1069559758-C1931212575,HighAmountTransfer
tx-495-C1069559758-C1931212575,ZeroedOriginBalance
tx-495-C1386844753-C808323881,FraudTransaction
tx-495-C1386844753-C808323881,HighAmountTransfer
tx-495-C1386844753-C808323881,ZeroedOriginBalance
tx-495-C1072584456-C672563653,FraudTransaction
tx-495-C1072584456-C672563653,HighAmountTransfer
tx-495-C1072584456-C672563653,ZeroedOriginBalance
tx-495-C185461868-C91345740,FraudTransaction
tx-495-C185461868-C91345740,ZeroedOriginBalance
tx-495-C517543393-C1684807831,FraudTransaction
tx-495-C517543393-C1684807831,ZeroedOriginBalance
tx-495-C1143038776-C742185953,FraudTransaction
tx-495-C1143038776-C742185953,ZeroedOriginBalance
tx-495-C1439806480-C1102600880,FraudTransaction
tx-495-C1439806480-C1102600880,ZeroedOriginBalance
tx-495-C136928681-C689814483,FraudTransaction
tx-495-C136928681-C689814483,ZeroedOriginBalance
tx-495-C1122268687-C349781301,FraudTransaction
tx-495-C1122268687-C349781301,ZeroedOriginBalance
tx-495-C900480774-C667043624,FraudTransaction
tx-495-C900480774-C667043624,ZeroedOriginBalance
tx-495-C853913532-C721674315,FraudTransaction
tx-495-C853913532-C721674315,ZeroedOriginBalance
tx-496-C698568387-C137059515,FraudTransaction
tx-496-C698568387-C137059515,ZeroedOriginBalance
tx-496-C1679215077-C2091877200,FraudTransaction
tx-496-C1679215077-C2091877200,ZeroedOriginBalance
tx-496-C2014325113-C432435900,FraudTransaction
tx-496-C2014325113-C432435900,ZeroedOriginBalance
tx-496-C146839469-C550372434,FraudTransaction
tx-496-C146839469-C550372434,ZeroedOriginBalance
tx-496-C1936176559-C892298445,FraudTransaction
tx-496-C1936176559-C892298445,ZeroedOriginBalance
tx-496-C2114580288-C643578860,FraudTransaction
tx-496-C2114580288-C643578860,ZeroedOriginBalance
tx-497-C1534934111-C1232151858,FraudTransaction
tx-497-C1534934111-C1232151858,HighAmountTransfer
tx-497-C1534934111-C1232151858,ZeroedOriginBalance
tx-497-C1062431728-C1354064635,FraudTransaction
tx-497-C1062431728-C1354064635,HighAmountTransfer
tx-497-C1062431728-C1354064635,ZeroedOriginBalance
tx-497-C673357794-C497497385,FraudTransaction
tx-497-C673357794-C497497385,HighAmountTransfer
tx-497-C673357794-C497497385,ZeroedOriginBalance
tx-497-C1454351572-C93303375,FraudTransaction
tx-497-C1454351572-C93303375,HighAmountTransfer
tx-497-C1454351572-C93303375,ZeroedOriginBalance
tx-497-C1046272255-C1677911450,FraudTransaction
tx-497-C1046272255-C1677911450,HighAmountTransfer
tx-497-C1046272255-C1677911450,ZeroedOriginBalance
tx-497-C2115602581-C1565972600,FraudTransaction
tx-497-C2115602581-C1565972600,HighAmountTransfer
tx-497-C2115602581-C1565972600,ZeroedOriginBalance
tx-497-C557530807-C1466553904,FraudTransaction
tx-497-C557530807-C1466553904,HighAmountTransfer
tx-497-C25889412-C1671906752,FraudTransaction
tx-497-C25889412-C1671906752,HighAmountTransfer
tx-497-C25889412-C1671906752,ZeroedOriginBalance
tx-497-C1497936234-C305200409,FraudTransaction
tx-497-C1497936234-C305200409,HighAmountTransfer
tx-497-C1497936234-C305200409,ZeroedOriginBalance
tx-497-C1797769206-C676671018,FraudTransaction
tx-497-C1797769206-C676671018,HighAmountTransfer
tx-497-C1797769206-C676671018,ZeroedOriginBalance
tx-497-C328303267-C1304018729,FraudTransaction
tx-497-C328303267-C1304018729,ZeroedOriginBalance
tx-497-C1243051391-C654276349,FraudTransaction
tx-497-C1243051391-C654276349,ZeroedOriginBalance
tx-497-C1455972022-C811273575,FraudTransaction
tx-497-C1455972022-C811273575,HighAmountTransfer
tx-497-C1455972022-C811273575,ZeroedOriginBalance
tx-497-C59063278-C2038304513,FraudTransaction
tx-497-C59063278-C2038304513,HighAmountTransfer
tx-497-C59063278-C2038304513,ZeroedOriginBalance
tx-497-C480126375-C1995515228,FraudTransaction
tx-497-C480126375-C1995515228,ZeroedOriginBalance
tx-497-C1842546630-C1559008731,FraudTransaction
tx-497-C1842546630-C1559008731,ZeroedOriginBalance
tx-497-C2046482724-C2067556284,FraudTransaction
tx-497-C2046482724-C2067556284,ZeroedOriginBalance
tx-497-C1401604030-C1193568854,FraudTransaction
tx-497-C1401604030-C1193568854,ZeroedOriginBalance
tx-497-C1401604030-C1193568854,RepeatedFraudDestination
tx-497-C1045717877-C2003987697,FraudTransaction
tx-497-C1045717877-C2003987697,ZeroedOriginBalance
tx-497-C1263320654-C135650185,FraudTransaction
tx-497-C1263320654-C135650185,ZeroedOriginBalance
tx-498-C1691381242-C2147250733,FraudTransaction
tx-498-C1691381242-C2147250733,ZeroedOriginBalance
tx-498-C1633870313-C623604516,FraudTransaction
tx-498-C1633870313-C623604516,ZeroedOriginBalance
tx-498-C2091936123-C843542552,FraudTransaction
tx-498-C2091936123-C843542552,ZeroedOriginBalance
tx-498-C1386219117-C1444718945,FraudTransaction
tx-498-C1386219117-C1444718945,ZeroedOriginBalance
tx-498-C905449086-C1254399120,FraudTransaction
tx-498-C905449086-C1254399120,HighAmountTransfer
tx-498-C905449086-C1254399120,ZeroedOriginBalance
tx-498-C1139006593-C116028327,FraudTransaction
tx-498-C1139006593-C116028327,HighAmountTransfer
tx-498-C1139006593-C116028327,ZeroedOriginBalance
tx-498-C1013419575-C1389517539,FraudTransaction
tx-498-C1013419575-C1389517539,ZeroedOriginBalance
tx-498-C1856398520-C1898820013,FraudTransaction
tx-498-C1856398520-C1898820013,ZeroedOriginBalance
tx-498-C1764331146-C458755308,FraudTransaction
tx-498-C1764331146-C458755308,HighAmountTransfer
tx-498-C1016892734-C634337503,FraudTransaction
tx-498-C1016892734-C634337503,HighAmountTransfer
tx-498-C1016892734-C634337503,ZeroedOriginBalance
tx-498-C1050497545-C457890781,FraudTransaction
tx-498-C1050497545-C457890781,HighAmountTransfer
tx-498-C1050497545-C457890781,ZeroedOriginBalance
tx-498-C1463520187-C1508969508,FraudTransaction
tx-498-C1463520187-C1508969508,HighAmountTransfer
tx-498-C1463520187-C1508969508,ZeroedOriginBalance
tx-499-C1925386760-C1909453139,FraudTransaction
tx-499-C1925386760-C1909453139,ZeroedOriginBalance
tx-499-C711889939-C1052521330,FraudTransaction
tx-499-C711889939-C1052521330,ZeroedOriginBalance
tx-499-C2117568077-C1238599279,FraudTransaction
tx-499-C2117568077-C1238599279,ZeroedOriginBalance
tx-499-C1968880739-C897542866,FraudTransaction
tx-499-C1968880739-C897542866,ZeroedOriginBalance
tx-499-C226825556-C526627730,FraudTransaction
tx-499-C226825556-C526627730,ZeroedOriginBalance
tx-499-C722954269-C1084850642,FraudTransaction
tx-499-C722954269-C1084850642,ZeroedOriginBalance
tx-499-C427871642-C590191709,FraudTransaction
tx-499-C427871642-C590191709,ZeroedOriginBalance
tx-499-C1873019648-C636323541,FraudTransaction
tx-499-C1873019648-C636323541,ZeroedOriginBalance
tx-499-C1244562453-C1559662408,FraudTransaction
tx-499-C1244562453-C1559662408,ZeroedOriginBalance
tx-499-C1516853965-C678670921,FraudTransaction
tx-499-C1516853965-C678670921,ZeroedOriginBalance
tx-500-C676595441-C1168246841,FraudTransaction
tx-500-C676595441-C1168246841,ZeroedOriginBalance
tx-500-C1061051753-C1461294954,FraudTransaction
tx-500-C1061051753-C1461294954,ZeroedOriginBalance
tx-500-C2086908548-C418623592,FraudTransaction
tx-500-C2086908548-C418623592,ZeroedOriginBalance
tx-500-C1802633720-C1187210067,FraudTransaction
tx-500-C1802633720-C1187210067,ZeroedOriginBalance
tx-501-C2091895045-C1852963634,FraudTransaction
tx-501-C2091895045-C1852963634,ZeroedOriginBalance
tx-501-C197049364-C523103800,FraudTransaction
tx-501-C197049364-C523103800,ZeroedOriginBalance
tx-501-C22591109-C1801693441,FraudTransaction
tx-501-C22591109-C1801693441,HighAmountTransfer
tx-501-C22591109-C1801693441,ZeroedOriginBalance
tx-501-C250375030-C826954839,FraudTransaction
tx-501-C250375030-C826954839,HighAmountTransfer
tx-501-C250375030-C826954839,ZeroedOriginBalance
tx-501-C201944143-C167433721,FraudTransaction
tx-501-C201944143-C167433721,ZeroedOriginBalance
tx-501-C1923690438-C143683095,FraudTransaction
tx-501-C1923690438-C143683095,ZeroedOriginBalance
tx-501-C29170093-C914441096,FraudTransaction
tx-501-C29170093-C914441096,HighAmountTransfer
tx-501-C29170093-C914441096,ZeroedOriginBalance
tx-501-C1034418491-C2100824966,FraudTransaction
tx-501-C1034418491-C2100824966,HighAmountTransfer
tx-501-C1034418491-C2100824966,ZeroedOriginBalance
tx-501-C1812075808-C656119442,FraudTransaction
tx-501-C1812075808-C656119442,ZeroedOriginBalance
tx-501-C533533320-C1635587214,FraudTransaction
tx-501-C533533320-C1635587214,ZeroedOriginBalance
tx-501-C1985220781-C1058239852,FraudTransaction
tx-501-C1985220781-C1058239852,HighAmountTransfer
tx-501-C1985220781-C1058239852,ZeroedOriginBalance
tx-501-C1949843837-C392599315,FraudTransaction
tx-501-C1949843837-C392599315,HighAmountTransfer
tx-501-C1949843837-C392599315,ZeroedOriginBalance
tx-501-C149938639-C1918368485,FraudTransaction
tx-501-C149938639-C1918368485,HighAmountTransfer
tx-501-C149938639-C1918368485,ZeroedOriginBalance
tx-501-C2143419144-C754497050,FraudTransaction
tx-501-C2143419144-C754497050,HighAmountTransfer
tx-501-C2143419144-C754497050,ZeroedOriginBalance
tx-501-C692473125-C695203021,FraudTransaction
tx-501-C692473125-C695203021,ZeroedOriginBalance
tx-501-C524534489-C1625163928,FraudTransaction
tx-501-C524534489-C1625163928,ZeroedOriginBalance
tx-501-C1750444391-C854032336,FraudTransaction
tx-501-C1750444391-C854032336,ZeroedOriginBalance
tx-501-C414975710-C1058395716,FraudTransaction
tx-501-C414975710-C1058395716,ZeroedOriginBalance
tx-501-C50880393-C590550775,FraudTransaction
tx-501-C50880393-C590550775,HighAmountTransfer
tx-501-C47972411-C2059078386,FraudTransaction
tx-501-C47972411-C2059078386,HighAmountTransfer
tx-501-C47972411-C2059078386,ZeroedOriginBalance
tx-501-C1191681942-C916997353,FraudTransaction
tx-501-C1191681942-C916997353,HighAmountTransfer
tx-501-C1191681942-C916997353,ZeroedOriginBalance
tx-501-C1073081182-C797209152,FraudTransaction
tx-501-C1073081182-C797209152,HighAmountTransfer
tx-501-C1073081182-C797209152,ZeroedOriginBalance
tx-501-C2118127422-C1915328569,FraudTransaction
tx-501-C2118127422-C1915328569,ZeroedOriginBalance
tx-501-C486475029-C710448547,FraudTransaction
tx-501-C486475029-C710448547,ZeroedOriginBalance
tx-501-C1736430131-C735378190,FraudTransaction
tx-501-C1736430131-C735378190,ZeroedOriginBalance
tx-501-C2000710297-C1602054456,FraudTransaction
tx-501-C2000710297-C1602054456,ZeroedOriginBalance
tx-501-C151499440-C870411715,FraudTransaction
tx-501-C151499440-C870411715,ZeroedOriginBalance
tx-501-C1832180008-C1558734299,FraudTransaction
tx-501-C1832180008-C1558734299,ZeroedOriginBalance
tx-502-C538641339-C1444289566,FraudTransaction
tx-502-C538641339-C1444289566,ZeroedOriginBalance
tx-502-C257009232-C2051261530,FraudTransaction
tx-502-C257009232-C2051261530,ZeroedOriginBalance
tx-502-C64369214-C189270859,FraudTransaction
tx-502-C64369214-C189270859,ZeroedOriginBalance
tx-502-C1744558124-C1412203774,FraudTransaction
tx-502-C1744558124-C1412203774,ZeroedOriginBalance
tx-502-C1980530073-C1685608858,FraudTransaction
tx-502-C1980530073-C1685608858,ZeroedOriginBalance
tx-502-C1566921402-C1640218672,FraudTransaction
tx-502-C1566921402-C1640218672,ZeroedOriginBalance
tx-502-C1619207700-C1332058815,FraudTransaction
tx-502-C1619207700-C1332058815,HighAmountTransfer
tx-502-C1619207700-C1332058815,ZeroedOriginBalance
tx-502-C386160700-C1099214627,FraudTransaction
tx-502-C386160700-C1099214627,HighAmountTransfer
tx-502-C386160700-C1099214627,ZeroedOriginBalance
tx-502-C1927843897-C1253561836,FraudTransaction
tx-502-C1927843897-C1253561836,HighAmountTransfer
tx-502-C1927843897-C1253561836,ZeroedOriginBalance
tx-502-C1958197086-C350442116,FraudTransaction
tx-502-C1958197086-C350442116,HighAmountTransfer
tx-502-C1958197086-C350442116,ZeroedOriginBalance
tx-502-C1679714245-C45579719,FraudTransaction
tx-502-C1679714245-C45579719,ZeroedOriginBalance
tx-502-C776030932-C407092830,FraudTransaction
tx-502-C776030932-C407092830,ZeroedOriginBalance
tx-503-C1645429111-C1386808946,FraudTransaction
tx-503-C1645429111-C1386808946,ZeroedOriginBalance
tx-503-C1414793795-C1137450827,FraudTransaction
tx-503-C1414793795-C1137450827,ZeroedOriginBalance
tx-503-C1336518891-C1940750830,FraudTransaction
tx-503-C1336518891-C1940750830,ZeroedOriginBalance
tx-503-C1637109620-C1172208987,FraudTransaction
tx-503-C1637109620-C1172208987,ZeroedOriginBalance
tx-503-C873811972-C1296531770,FraudTransaction
tx-503-C873811972-C1296531770,ZeroedOriginBalance
tx-503-C1206601325-C1160408555,FraudTransaction
tx-503-C1206601325-C1160408555,ZeroedOriginBalance
tx-503-C1112029444-C1819822165,FraudTransaction
tx-503-C1112029444-C1819822165,ZeroedOriginBalance
tx-503-C1957817562-C1713552362,FraudTransaction
tx-503-C1957817562-C1713552362,ZeroedOriginBalance
tx-503-C578374752-C1508064575,FraudTransaction
tx-503-C578374752-C1508064575,ZeroedOriginBalance
tx-503-C1383859392-C431850862,FraudTransaction
tx-503-C1383859392-C431850862,ZeroedOriginBalance
tx-504-C678590002-C1721123505,FraudTransaction
tx-504-C678590002-C1721123505,ZeroedOriginBalance
tx-504-C1216671275-C1747817225,FraudTransaction
tx-504-C1216671275-C1747817225,ZeroedOriginBalance
tx-504-C1107477281-C1615965100,FraudTransaction
tx-504-C1107477281-C1615965100,ZeroedOriginBalance
tx-504-C1874877556-C2097103123,FraudTransaction
tx-504-C1874877556-C2097103123,ZeroedOriginBalance
tx-504-C1421370456-C386359877,FraudTransaction
tx-504-C1421370456-C386359877,HighAmountTransfer
tx-504-C1421370456-C386359877,ZeroedOriginBalance
tx-504-C1000484178-C895750711,FraudTransaction
tx-504-C1000484178-C895750711,HighAmountTransfer
tx-504-C1000484178-C895750711,ZeroedOriginBalance
tx-504-C1877863116-C1533281477,FraudTransaction
tx-504-C1877863116-C1533281477,ZeroedOriginBalance
tx-504-C35858617-C134087262,FraudTransaction
tx-504-C35858617-C134087262,ZeroedOriginBalance
tx-504-C355341825-C1803466498,FraudTransaction
tx-504-C355341825-C1803466498,HighAmountTransfer
tx-504-C355341825-C1803466498,ZeroedOriginBalance
tx-504-C1061974347-C2132628284,FraudTransaction
tx-504-C1061974347-C2132628284,HighAmountTransfer
tx-504-C1061974347-C2132628284,ZeroedOriginBalance
tx-505-C1960849749-C785239841,FraudTransaction
tx-505-C1960849749-C785239841,HighAmountTransfer
tx-505-C1960849749-C785239841,ZeroedOriginBalance
tx-505-C811947733-C216058028,FraudTransaction
tx-505-C811947733-C216058028,HighAmountTransfer
tx-505-C811947733-C216058028,ZeroedOriginBalance
tx-505-C1987026797-C1139368675,FraudTransaction
tx-505-C1987026797-C1139368675,HighAmountTransfer
tx-505-C1987026797-C1139368675,ZeroedOriginBalance
tx-505-C485487495-C49397017,FraudTransaction
tx-505-C485487495-C49397017,HighAmountTransfer
tx-505-C485487495-C49397017,ZeroedOriginBalance
tx-505-C2129553279-C1601194258,FraudTransaction
tx-505-C2129553279-C1601194258,ZeroedOriginBalance
tx-505-C189207115-C1009906459,FraudTransaction
tx-505-C189207115-C1009906459,ZeroedOriginBalance
tx-505-C1904352957-C436096516,FraudTransaction
tx-505-C1904352957-C436096516,HighAmountTransfer
tx-505-C1904352957-C436096516,ZeroedOriginBalance
tx-505-C1670945356-C788738425,FraudTransaction
tx-505-C1670945356-C788738425,HighAmountTransfer
tx-505-C1670945356-C788738425,ZeroedOriginBalance
tx-506-C1355391463-C1870887119,FraudTransaction
tx-506-C1355391463-C1870887119,HighAmountTransfer
tx-506-C1355391463-C1870887119,ZeroedOriginBalance
tx-506-C858739147-C1868986147,FraudTransaction
tx-506-C858739147-C1868986147,HighAmountTransfer
tx-506-C858739147-C1868986147,ZeroedOriginBalance
tx-506-C1784131536-C585236390,FraudTransaction
tx-506-C1784131536-C585236390,ZeroedOriginBalance
tx-506-C307372020-C1513349035,FraudTransaction
tx-506-C307372020-C1513349035,ZeroedOriginBalance
tx-506-C260657856-C801890101,FraudTransaction
tx-506-C260657856-C801890101,HighAmountTransfer
tx-506-C1180822515-C758711155,FraudTransaction
tx-506-C1180822515-C758711155,HighAmountTransfer
tx-506-C1180822515-C758711155,ZeroedOriginBalance
tx-506-C295695808-C1634584019,FraudTransaction
tx-506-C295695808-C1634584019,HighAmountTransfer
tx-506-C295695808-C1634584019,ZeroedOriginBalance
tx-506-C321971640-C2084611108,FraudTransaction
tx-506-C321971640-C2084611108,HighAmountTransfer
tx-506-C321971640-C2084611108,ZeroedOriginBalance
tx-507-C1998191223-C1458219596,FraudTransaction
tx-507-C1998191223-C1458219596,ZeroedOriginBalance
tx-507-C2019808660-C1739573191,FraudTransaction
tx-507-C2019808660-C1739573191,ZeroedOriginBalance
tx-507-C1613024092-C1699421282,FraudTransaction
tx-507-C1613024092-C1699421282,ZeroedOriginBalance
tx-507-C687559493-C1777553960,FraudTransaction
tx-507-C687559493-C1777553960,ZeroedOriginBalance
tx-507-C277466735-C1988225772,FraudTransaction
tx-507-C277466735-C1988225772,HighAmountTransfer
tx-507-C277466735-C1988225772,ZeroedOriginBalance
tx-507-C1981839007-C2021932305,FraudTransaction
tx-507-C1981839007-C2021932305,HighAmountTransfer
tx-507-C1981839007-C2021932305,ZeroedOriginBalance
tx-507-C815279404-C388526228,FraudTransaction
tx-507-C815279404-C388526228,ZeroedOriginBalance
tx-507-C1116414209-C978336894,FraudTransaction
tx-507-C1116414209-C978336894,ZeroedOriginBalance
tx-507-C472872329-C819459156,FraudTransaction
tx-507-C472872329-C819459156,ZeroedOriginBalance
tx-507-C1775139869-C127797193,FraudTransaction
tx-507-C1775139869-C127797193,ZeroedOriginBalance
tx-507-C1386014813-C407821637,FraudTransaction
tx-507-C1386014813-C407821637,HighAmountTransfer
tx-507-C531780975-C19233081,FraudTransaction
tx-507-C531780975-C19233081,HighAmountTransfer
tx-507-C531780975-C19233081,ZeroedOriginBalance
tx-507-C1855522502-C2122742965,FraudTransaction
tx-507-C1855522502-C2122742965,HighAmountTransfer
tx-507-C1855522502-C2122742965,ZeroedOriginBalance
tx-507-C116882584-C2083647720,FraudTransaction
tx-507-C116882584-C2083647720,HighAmountTransfer
tx-507-C116882584-C2083647720,ZeroedOriginBalance
tx-508-C497827854-C865907227,FraudTransaction
tx-508-C497827854-C865907227,ZeroedOriginBalance
tx-508-C1629594935-C1259203714,FraudTransaction
tx-508-C1629594935-C1259203714,ZeroedOriginBalance
tx-508-C1965622293-C632271407,FraudTransaction
tx-508-C1965622293-C632271407,ZeroedOriginBalance
tx-508-C1823869539-C65252492,FraudTransaction
tx-508-C1823869539-C65252492,ZeroedOriginBalance
tx-508-C325422027-C434577794,FraudTransaction
tx-508-C325422027-C434577794,ZeroedOriginBalance
tx-508-C2139196557-C1438967690,FraudTransaction
tx-508-C2139196557-C1438967690,ZeroedOriginBalance
tx-509-C2101272000-C255541655,FraudTransaction
tx-509-C2101272000-C255541655,ZeroedOriginBalance
tx-509-C1100198651-C247352056,FraudTransaction
tx-509-C1100198651-C247352056,ZeroedOriginBalance
tx-509-C419252042-C903832238,FraudTransaction
tx-509-C419252042-C903832238,ZeroedOriginBalance
tx-509-C1339675214-C812692879,FraudTransaction
tx-509-C1339675214-C812692879,ZeroedOriginBalance
tx-509-C434841874-C1134131764,FraudTransaction
tx-509-C434841874-C1134131764,ZeroedOriginBalance
tx-509-C407271321-C2052825559,FraudTransaction
tx-509-C407271321-C2052825559,ZeroedOriginBalance
tx-509-C1019433665-C90138221,FraudTransaction
tx-509-C1019433665-C90138221,HighAmountTransfer
tx-509-C1019433665-C90138221,ZeroedOriginBalance
tx-509-C759396393-C899155690,FraudTransaction
tx-509-C759396393-C899155690,HighAmountTransfer
tx-509-C759396393-C899155690,ZeroedOriginBalance
tx-509-C96305554-C1951018311,FraudTransaction
tx-509-C96305554-C1951018311,HighAmountTransfer
tx-509-C96305554-C1951018311,ZeroedOriginBalance
tx-509-C2059919874-C1227773063,FraudTransaction
tx-509-C2059919874-C1227773063,HighAmountTransfer
tx-509-C2059919874-C1227773063,ZeroedOriginBalance
tx-509-C705419652-C252146807,FraudTransaction
tx-509-C705419652-C252146807,ZeroedOriginBalance
tx-509-C555672165-C252489504,FraudTransaction
tx-509-C555672165-C252489504,ZeroedOriginBalance
tx-509-C1504021552-C1271314586,FraudTransaction
tx-509-C1504021552-C1271314586,ZeroedOriginBalance
tx-509-C1373058287-C648225636,FraudTransaction
tx-509-C1373058287-C648225636,ZeroedOriginBalance
tx-510-C1554179748-C1181413990,FraudTransaction
tx-510-C1554179748-C1181413990,ZeroedOriginBalance
tx-510-C1071582702-C2098599173,FraudTransaction
tx-510-C1071582702-C2098599173,ZeroedOriginBalance
tx-510-C1737336360-C328014311,FraudTransaction
tx-510-C1737336360-C328014311,HighAmountTransfer
tx-510-C1737336360-C328014311,ZeroedOriginBalance
tx-510-C288197113-C793143843,FraudTransaction
tx-510-C288197113-C793143843,HighAmountTransfer
tx-510-C288197113-C793143843,ZeroedOriginBalance
tx-510-C1633390625-C1517406910,FraudTransaction
tx-510-C1633390625-C1517406910,ZeroedOriginBalance
tx-510-C1985542113-C121844862,FraudTransaction
tx-510-C1985542113-C121844862,ZeroedOriginBalance
tx-510-C1539613036-C1789883459,FraudTransaction
tx-510-C1539613036-C1789883459,ZeroedOriginBalance
tx-510-C1805892433-C1785173435,FraudTransaction
tx-510-C1805892433-C1785173435,ZeroedOriginBalance
tx-510-C1447355548-C110798588,FraudTransaction
tx-510-C1447355548-C110798588,HighAmountTransfer
tx-510-C1447355548-C110798588,ZeroedOriginBalance
tx-510-C1729291850-C900441286,FraudTransaction
tx-510-C1729291850-C900441286,HighAmountTransfer
tx-510-C1729291850-C900441286,ZeroedOriginBalance
tx-511-C421782533-C2098308110,FraudTransaction
tx-511-C421782533-C2098308110,ZeroedOriginBalance
tx-511-C1873591619-C484357624,FraudTransaction
tx-511-C1873591619-C484357624,ZeroedOriginBalance
tx-511-C507368494-C1527314462,FraudTransaction
tx-511-C507368494-C1527314462,HighAmountTransfer
tx-511-C507368494-C1527314462,ZeroedOriginBalance
tx-511-C1861046549-C1305620964,FraudTransaction
tx-511-C1861046549-C1305620964,HighAmountTransfer
tx-511-C1861046549-C1305620964,ZeroedOriginBalance
tx-511-C1751683841-C1911344900,FraudTransaction
tx-511-C1751683841-C1911344900,ZeroedOriginBalance
tx-511-C1646554602-C120002331,FraudTransaction
tx-511-C1646554602-C120002331,ZeroedOriginBalance
tx-512-C1873188115-C315115812,FraudTransaction
tx-512-C1873188115-C315115812,ZeroedOriginBalance
tx-512-C867732679-C1122391470,FraudTransaction
tx-512-C867732679-C1122391470,ZeroedOriginBalance
tx-512-C1305247312-C2071973719,FraudTransaction
tx-512-C1305247312-C2071973719,HighAmountTransfer
tx-512-C1305247312-C2071973719,ZeroedOriginBalance
tx-512-C213706912-C961243143,FraudTransaction
tx-512-C213706912-C961243143,HighAmountTransfer
tx-512-C213706912-C961243143,ZeroedOriginBalance
tx-512-C1466563113-C1693955122,FraudTransaction
tx-512-C1466563113-C1693955122,HighAmountTransfer
tx-512-C1466563113-C1693955122,ZeroedOriginBalance
tx-512-C549493431-C1727929401,FraudTransaction
tx-512-C549493431-C1727929401,HighAmountTransfer
tx-512-C549493431-C1727929401,ZeroedOriginBalance
tx-512-C248536577-C1475442278,FraudTransaction
tx-512-C248536577-C1475442278,ZeroedOriginBalance
tx-512-C1698844307-C1470257177,FraudTransaction
tx-512-C1698844307-C1470257177,ZeroedOriginBalance
tx-512-C1354307131-C2111981728,FraudTransaction
tx-512-C1354307131-C2111981728,ZeroedOriginBalance
tx-512-C474888989-C234115776,FraudTransaction
tx-512-C474888989-C234115776,ZeroedOriginBalance
tx-512-C139582618-C574551822,FraudTransaction
tx-512-C139582618-C574551822,ZeroedOriginBalance
tx-512-C130072062-C681167784,FraudTransaction
tx-512-C130072062-C681167784,ZeroedOriginBalance
tx-513-C525368307-C576603787,FraudTransaction
tx-513-C525368307-C576603787,ZeroedOriginBalance
tx-513-C1923821015-C993688560,FraudTransaction
tx-513-C1923821015-C993688560,ZeroedOriginBalance
tx-513-C1956153876-C515991541,FraudTransaction
tx-513-C1956153876-C515991541,ZeroedOriginBalance
tx-513-C1991632436-C693486169,FraudTransaction
tx-513-C1991632436-C693486169,ZeroedOriginBalance
tx-513-C1780909298-C1196822116,FraudTransaction
tx-513-C1780909298-C1196822116,ZeroedOriginBalance
tx-513-C1095293428-C1796245916,FraudTransaction
tx-513-C1095293428-C1796245916,ZeroedOriginBalance
tx-513-C1898980323-C458386953,FraudTransaction
tx-513-C1898980323-C458386953,HighAmountTransfer
tx-513-C1898980323-C458386953,ZeroedOriginBalance
tx-513-C678293431-C1229558199,FraudTransaction
tx-513-C678293431-C1229558199,HighAmountTransfer
tx-513-C678293431-C1229558199,ZeroedOriginBalance
tx-513-C1983049564-C991884461,FraudTransaction
tx-513-C1983049564-C991884461,ZeroedOriginBalance
tx-513-C1899106071-C1046276504,FraudTransaction
tx-513-C1899106071-C1046276504,ZeroedOriginBalance
tx-514-C132837208-C457634395,FraudTransaction
tx-514-C132837208-C457634395,ZeroedOriginBalance
tx-514-C1316740417-C665634935,FraudTransaction
tx-514-C1316740417-C665634935,ZeroedOriginBalance
tx-514-C424417978-C1218914376,FraudTransaction
tx-514-C424417978-C1218914376,ZeroedOriginBalance
tx-514-C1580498026-C191934228,FraudTransaction
tx-514-C1580498026-C191934228,ZeroedOriginBalance
tx-514-C278286115-C1132642715,FraudTransaction
tx-514-C278286115-C1132642715,ZeroedOriginBalance
tx-514-C1514010687-C854835248,FraudTransaction
tx-514-C1514010687-C854835248,ZeroedOriginBalance
tx-514-C642807002-C177097272,FraudTransaction
tx-514-C642807002-C177097272,HighAmountTransfer
tx-514-C1274141620-C743250798,FraudTransaction
tx-514-C1274141620-C743250798,HighAmountTransfer
tx-514-C1274141620-C743250798,ZeroedOriginBalance
tx-514-C1709845779-C1035435015,FraudTransaction
tx-514-C1709845779-C1035435015,HighAmountTransfer
tx-514-C1709845779-C1035435015,ZeroedOriginBalance
tx-514-C863943949-C2070535347,FraudTransaction
tx-514-C863943949-C2070535347,HighAmountTransfer
tx-514-C863943949-C2070535347,ZeroedOriginBalance
tx-514-C1210787759-C149454749,FraudTransaction
tx-514-C1210787759-C149454749,HighAmountTransfer
tx-514-C1210787759-C149454749,ZeroedOriginBalance
tx-514-C724176081-C1715461224,FraudTransaction
tx-514-C724176081-C1715461224,HighAmountTransfer
tx-514-C724176081-C1715461224,ZeroedOriginBalance
tx-514-C1229636623-C349802040,FraudTransaction
tx-514-C1229636623-C349802040,ZeroedOriginBalance
tx-514-C1078822434-C347056727,FraudTransaction
tx-514-C1078822434-C347056727,ZeroedOriginBalance
tx-515-C276602564-C58143708,FraudTransaction
tx-515-C276602564-C58143708,ZeroedOriginBalance
tx-515-C1644604977-C2119322419,FraudTransaction
tx-515-C1644604977-C2119322419,ZeroedOriginBalance
tx-515-C482842350-C1815024407,FraudTransaction
tx-515-C482842350-C1815024407,ZeroedOriginBalance
tx-515-C293831245-C100500839,FraudTransaction
tx-515-C293831245-C100500839,ZeroedOriginBalance
tx-515-C1711121415-C27575040,FraudTransaction
tx-515-C1711121415-C27575040,ZeroedOriginBalance
tx-515-C845019567-C1089594209,FraudTransaction
tx-515-C845019567-C1089594209,ZeroedOriginBalance
tx-516-C877406862-C311261676,FraudTransaction
tx-516-C877406862-C311261676,ZeroedOriginBalance
tx-516-C324127688-C1220479555,FraudTransaction
tx-516-C324127688-C1220479555,ZeroedOriginBalance
tx-516-C387226180-C1242120613,FraudTransaction
tx-516-C387226180-C1242120613,ZeroedOriginBalance
tx-516-C2033187907-C1230670919,FraudTransaction
tx-516-C2033187907-C1230670919,ZeroedOriginBalance
tx-516-C744665522-C299290002,FraudTransaction
tx-516-C744665522-C299290002,ZeroedOriginBalance
tx-516-C829436029-C1738520779,FraudTransaction
tx-516-C829436029-C1738520779,ZeroedOriginBalance
tx-516-C266064444-C33901229,FraudTransaction
tx-516-C266064444-C33901229,ZeroedOriginBalance
tx-516-C1278483248-C1516833359,FraudTransaction
tx-516-C1278483248-C1516833359,ZeroedOriginBalance
tx-516-C315155195-C224104774,FraudTransaction
tx-516-C315155195-C224104774,HighAmountTransfer
tx-516-C179123496-C150091086,FraudTransaction
tx-516-C179123496-C150091086,HighAmountTransfer
tx-516-C179123496-C150091086,ZeroedOriginBalance
tx-516-C1530285171-C705319954,FraudTransaction
tx-516-C1530285171-C705319954,HighAmountTransfer
tx-516-C934748606-C1976182150,FraudTransaction
tx-516-C934748606-C1976182150,HighAmountTransfer
tx-516-C934748606-C1976182150,ZeroedOriginBalance
tx-516-C1656607369-C391839907,FraudTransaction
tx-516-C1656607369-C391839907,HighAmountTransfer
tx-516-C1656607369-C391839907,ZeroedOriginBalance
tx-516-C31108995-C1373418055,FraudTransaction
tx-516-C31108995-C1373418055,HighAmountTransfer
tx-516-C31108995-C1373418055,ZeroedOriginBalance
tx-517-C86350927-C1577873680,FraudTransaction
tx-517-C86350927-C1577873680,HighAmountTransfer
tx-517-C86350927-C1577873680,ZeroedOriginBalance
tx-517-C1437493877-C489326905,FraudTransaction
tx-517-C1437493877-C489326905,HighAmountTransfer
tx-517-C1437493877-C489326905,ZeroedOriginBalance
tx-517-C735610108-C1408037662,FraudTransaction
tx-517-C735610108-C1408037662,ZeroedOriginBalance
tx-517-C103568596-C1742143760,FraudTransaction
tx-517-C103568596-C1742143760,ZeroedOriginBalance
tx-517-C308889454-C141414644,FraudTransaction
tx-517-C308889454-C141414644,ZeroedOriginBalance
tx-517-C482849190-C1421855505,FraudTransaction
tx-517-C482849190-C1421855505,ZeroedOriginBalance
tx-518-C494221581-C1477702767,FraudTransaction
tx-518-C494221581-C1477702767,ZeroedOriginBalance
tx-518-C523279178-C149546103,FraudTransaction
tx-518-C523279178-C149546103,ZeroedOriginBalance
tx-518-C199518027-C519508909,FraudTransaction
tx-518-C199518027-C519508909,HighAmountTransfer
tx-518-C199518027-C519508909,ZeroedOriginBalance
tx-518-C1489843213-C784775373,FraudTransaction
tx-518-C1489843213-C784775373,HighAmountTransfer
tx-518-C1489843213-C784775373,ZeroedOriginBalance
tx-518-C1780908136-C70941868,FraudTransaction
tx-518-C1780908136-C70941868,ZeroedOriginBalance
tx-518-C286737908-C1676953469,FraudTransaction
tx-518-C286737908-C1676953469,ZeroedOriginBalance
tx-518-C492567713-C1040142745,FraudTransaction
tx-518-C492567713-C1040142745,ZeroedOriginBalance
tx-518-C1098333645-C2133878060,FraudTransaction
tx-518-C1098333645-C2133878060,ZeroedOriginBalance
tx-519-C1390328972-C849805012,FraudTransaction
tx-519-C1390328972-C849805012,ZeroedOriginBalance
tx-519-C1383213814-C1068795979,FraudTransaction
tx-519-C1383213814-C1068795979,ZeroedOriginBalance
tx-519-C1153466023-C1719300863,FraudTransaction
tx-519-C1153466023-C1719300863,ZeroedOriginBalance
tx-519-C1328326914-C1112423132,FraudTransaction
tx-519-C1328326914-C1112423132,ZeroedOriginBalance
tx-519-C811362525-C1819509063,FraudTransaction
tx-519-C811362525-C1819509063,ZeroedOriginBalance
tx-519-C1895636765-C386641787,FraudTransaction
tx-519-C1895636765-C386641787,ZeroedOriginBalance
tx-519-C923759331-C289680070,FraudTransaction
tx-519-C923759331-C289680070,HighAmountTransfer
tx-519-C923759331-C289680070,ZeroedOriginBalance
tx-519-C499231161-C1478004882,FraudTransaction
tx-519-C499231161-C1478004882,HighAmountTransfer
tx-519-C499231161-C1478004882,ZeroedOriginBalance
tx-519-C1309155420-C1022058652,FraudTransaction
tx-519-C1309155420-C1022058652,ZeroedOriginBalance
tx-519-C1444273015-C254515783,FraudTransaction
tx-519-C1444273015-C254515783,ZeroedOriginBalance
tx-519-C448865084-C154141586,FraudTransaction
tx-519-C448865084-C154141586,HighAmountTransfer
tx-519-C448865084-C154141586,ZeroedOriginBalance
tx-519-C182308284-C691520434,FraudTransaction
tx-519-C182308284-C691520434,HighAmountTransfer
tx-519-C182308284-C691520434,ZeroedOriginBalance
tx-520-C649961237-C1812152397,FraudTransaction
tx-520-C649961237-C1812152397,HighAmountTransfer
tx-520-C649961237-C1812152397,ZeroedOriginBalance
tx-520-C547834649-C1618701019,FraudTransaction
tx-520-C547834649-C1618701019,HighAmountTransfer
tx-520-C547834649-C1618701019,ZeroedOriginBalance
tx-520-C955101286-C1205312123,FraudTransaction
tx-520-C955101286-C1205312123,HighAmountTransfer
tx-520-C955101286-C1205312123,ZeroedOriginBalance
tx-520-C381354324-C825395175,FraudTransaction
tx-520-C381354324-C825395175,HighAmountTransfer
tx-520-C381354324-C825395175,ZeroedOriginBalance
tx-520-C779464023-C1165490053,FraudTransaction
tx-520-C779464023-C1165490053,HighAmountTransfer
tx-520-C779464023-C1165490053,ZeroedOriginBalance
tx-520-C1825598858-C1736623686,FraudTransaction
tx-520-C1825598858-C1736623686,HighAmountTransfer
tx-520-C1825598858-C1736623686,ZeroedOriginBalance
tx-520-C1540627735-C1584956712,FraudTransaction
tx-520-C1540627735-C1584956712,HighAmountTransfer
tx-520-C1540627735-C1584956712,ZeroedOriginBalance
tx-520-C1741031215-C1048619563,FraudTransaction
tx-520-C1741031215-C1048619563,HighAmountTransfer
tx-520-C1741031215-C1048619563,ZeroedOriginBalance
tx-520-C270550084-C1331040083,FraudTransaction
tx-520-C270550084-C1331040083,ZeroedOriginBalance
tx-520-C1591981184-C1131267206,FraudTransaction
tx-520-C1591981184-C1131267206,ZeroedOriginBalance
tx-520-C1169625105-C1123290650,FraudTransaction
tx-520-C1169625105-C1123290650,ZeroedOriginBalance
tx-520-C343171866-C1639651535,FraudTransaction
tx-520-C343171866-C1639651535,ZeroedOriginBalance
tx-521-C1471407934-C1180721612,FraudTransaction
tx-521-C1471407934-C1180721612,ZeroedOriginBalance
tx-521-C939463498-C2076838677,FraudTransaction
tx-521-C939463498-C2076838677,ZeroedOriginBalance
tx-521-C1720256828-C1859977645,FraudTransaction
tx-521-C1720256828-C1859977645,HighAmountTransfer
tx-521-C1720256828-C1859977645,ZeroedOriginBalance
tx-521-C1987097058-C1995541082,FraudTransaction
tx-521-C1987097058-C1995541082,HighAmountTransfer
tx-521-C1987097058-C1995541082,ZeroedOriginBalance
tx-521-C1051865605-C2005579238,FraudTransaction
tx-521-C1051865605-C2005579238,ZeroedOriginBalance
tx-521-C1897399258-C1433317922,FraudTransaction
tx-521-C1897399258-C1433317922,ZeroedOriginBalance
tx-521-C1601578028-C49314331,FraudTransaction
tx-521-C1601578028-C49314331,ZeroedOriginBalance
tx-521-C754606465-C387977807,FraudTransaction
tx-521-C754606465-C387977807,ZeroedOriginBalance
tx-521-C66538497-C586669216,FraudTransaction
tx-521-C66538497-C586669216,ZeroedOriginBalance
tx-521-C843090294-C1217435263,FraudTransaction
tx-521-C843090294-C1217435263,ZeroedOriginBalance
tx-521-C1551473750-C1759829035,FraudTransaction
tx-521-C1551473750-C1759829035,ZeroedOriginBalance
tx-521-C602933297-C950801074,FraudTransaction
tx-521-C602933297-C950801074,ZeroedOriginBalance
tx-521-C442425098-C684431527,FraudTransaction
tx-521-C442425098-C684431527,ZeroedOriginBalance
tx-521-C744746510-C1563109259,FraudTransaction
tx-521-C744746510-C1563109259,ZeroedOriginBalance
tx-522-C1333169684-C722968916,FraudTransaction
tx-522-C1333169684-C722968916,HighAmountTransfer
tx-522-C1333169684-C722968916,ZeroedOriginBalance
tx-522-C1351380996-C1325425132,FraudTransaction
tx-522-C1351380996-C1325425132,HighAmountTransfer
tx-522-C1351380996-C1325425132,ZeroedOriginBalance
tx-522-C802285127-C1728741843,FraudTransaction
tx-522-C802285127-C1728741843,HighAmountTransfer
tx-522-C802285127-C1728741843,ZeroedOriginBalance
tx-522-C1183754268-C2139688742,FraudTransaction
tx-522-C1183754268-C2139688742,HighAmountTransfer
tx-522-C1183754268-C2139688742,ZeroedOriginBalance
tx-522-C1845085414-C1517088370,FraudTransaction
tx-522-C1845085414-C1517088370,ZeroedOriginBalance
tx-522-C671542977-C433418204,FraudTransaction
tx-522-C671542977-C433418204,ZeroedOriginBalance
tx-522-C2104935185-C1426723471,FraudTransaction
tx-522-C2104935185-C1426723471,ZeroedOriginBalance
tx-522-C911183330-C109980101,FraudTransaction
tx-522-C911183330-C109980101,ZeroedOriginBalance
tx-522-C1184365797-C1197863823,FraudTransaction
tx-522-C1184365797-C1197863823,ZeroedOriginBalance
tx-522-C68418619-C1298522904,FraudTransaction
tx-522-C68418619-C1298522904,ZeroedOriginBalance
tx-522-C2131112952-C1058934760,FraudTransaction
tx-522-C2131112952-C1058934760,ZeroedOriginBalance
tx-522-C1361675449-C1985866614,FraudTransaction
tx-522-C1361675449-C1985866614,ZeroedOriginBalance
tx-522-C411677025-C1526938808,FraudTransaction
tx-522-C411677025-C1526938808,ZeroedOriginBalance
tx-522-C961768451-C898783752,FraudTransaction
tx-522-C961768451-C898783752,ZeroedOriginBalance
tx-523-C1672263305-C1495920841,FraudTransaction
tx-523-C1672263305-C1495920841,HighAmountTransfer
tx-523-C1672263305-C1495920841,ZeroedOriginBalance
tx-523-C1668909596-C1668215397,FraudTransaction
tx-523-C1668909596-C1668215397,HighAmountTransfer
tx-523-C1668909596-C1668215397,ZeroedOriginBalance
tx-523-C946605831-C417515200,FraudTransaction
tx-523-C946605831-C417515200,ZeroedOriginBalance
tx-523-C2096987876-C641152271,FraudTransaction
tx-523-C2096987876-C641152271,ZeroedOriginBalance
tx-523-C2053342988-C1967338222,FraudTransaction
tx-523-C2053342988-C1967338222,ZeroedOriginBalance
tx-523-C1441123126-C667076483,FraudTransaction
tx-523-C1441123126-C667076483,ZeroedOriginBalance
tx-523-C220852922-C1681916503,FraudTransaction
tx-523-C220852922-C1681916503,HighAmountTransfer
tx-523-C220852922-C1681916503,ZeroedOriginBalance
tx-523-C439658405-C1436830952,FraudTransaction
tx-523-C439658405-C1436830952,HighAmountTransfer
tx-523-C439658405-C1436830952,ZeroedOriginBalance
tx-523-C2080970760-C723423255,FraudTransaction
tx-523-C2080970760-C723423255,ZeroedOriginBalance
tx-523-C122605764-C1571077374,FraudTransaction
tx-523-C122605764-C1571077374,ZeroedOriginBalance
tx-523-C1169186485-C933941946,FraudTransaction
tx-523-C1169186485-C933941946,ZeroedOriginBalance
tx-523-C2047262761-C997122049,FraudTransaction
tx-523-C2047262761-C997122049,ZeroedOriginBalance
tx-523-C1325096505-C427393645,FraudTransaction
tx-523-C1325096505-C427393645,ZeroedOriginBalance
tx-523-C1069707218-C1691436572,FraudTransaction
tx-523-C1069707218-C1691436572,ZeroedOriginBalance
tx-523-C2025900905-C860186566,FraudTransaction
tx-523-C2025900905-C860186566,ZeroedOriginBalance
tx-523-C881548240-C1750630273,FraudTransaction
tx-523-C881548240-C1750630273,ZeroedOriginBalance
tx-523-C538300910-C158509882,FraudTransaction
tx-523-C538300910-C158509882,HighAmountTransfer
tx-523-C538300910-C158509882,ZeroedOriginBalance
tx-523-C201692865-C1546968291,FraudTransaction
tx-523-C201692865-C1546968291,HighAmountTransfer
tx-523-C201692865-C1546968291,ZeroedOriginBalance
tx-523-C1918934955-C2113597324,FraudTransaction
tx-523-C1918934955-C2113597324,ZeroedOriginBalance
tx-523-C484122604-C286444496,FraudTransaction
tx-523-C484122604-C286444496,ZeroedOriginBalance
tx-523-C315569976-C1189969071,FraudTransaction
tx-523-C315569976-C1189969071,ZeroedOriginBalance
tx-523-C853284926-C1409000148,FraudTransaction
tx-523-C853284926-C1409000148,ZeroedOriginBalance
tx-523-C1144476681-C899185516,FraudTransaction
tx-523-C1144476681-C899185516,HighAmountTransfer
tx-523-C1144476681-C899185516,ZeroedOriginBalance
tx-523-C5707548-C554572940,FraudTransaction
tx-523-C5707548-C554572940,HighAmountTransfer
tx-523-C5707548-C554572940,ZeroedOriginBalance
tx-523-C1800046297-C125702772,FraudTransaction
tx-523-C1800046297-C125702772,HighAmountTransfer
tx-523-C956657254-C383956352,FraudTransaction
tx-523-C956657254-C383956352,HighAmountTransfer
tx-523-C956657254-C383956352,ZeroedOriginBalance
tx-523-C1206710867-C2020321619,FraudTransaction
tx-523-C1206710867-C2020321619,HighAmountTransfer
tx-523-C1206710867-C2020321619,ZeroedOriginBalance
tx-523-C2134635077-C1893331060,FraudTransaction
tx-523-C2134635077-C1893331060,HighAmountTransfer
tx-523-C2134635077-C1893331060,ZeroedOriginBalance
tx-523-C1090051893-C1403321467,FraudTransaction
tx-523-C1090051893-C1403321467,ZeroedOriginBalance
tx-523-C1377632018-C20127425,FraudTransaction
tx-523-C1377632018-C20127425,ZeroedOriginBalance
tx-524-C263849171-C1903470107,FraudTransaction
tx-524-C263849171-C1903470107,ZeroedOriginBalance
tx-524-C1937012052-C1933153294,FraudTransaction
tx-524-C1937012052-C1933153294,ZeroedOriginBalance
tx-524-C768066152-C1886597663,FraudTransaction
tx-524-C768066152-C1886597663,ZeroedOriginBalance
tx-524-C1424948489-C414953640,FraudTransaction
tx-524-C1424948489-C414953640,ZeroedOriginBalance
tx-525-C1590627375-C272145854,FraudTransaction
tx-525-C1590627375-C272145854,ZeroedOriginBalance
tx-525-C1031966846-C686334805,FraudTransaction
tx-525-C1031966846-C686334805,ZeroedOriginBalance
tx-525-C1031966846-C686334805,RepeatedFraudDestination
tx-526-C298176113-C1307679452,FraudTransaction
tx-526-C298176113-C1307679452,ZeroedOriginBalance
tx-526-C1023831762-C1070499276,FraudTransaction
tx-526-C1023831762-C1070499276,ZeroedOriginBalance
tx-526-C1980512356-C591114803,FraudTransaction
tx-526-C1980512356-C591114803,ZeroedOriginBalance
tx-526-C1503324262-C1528513380,FraudTransaction
tx-526-C1503324262-C1528513380,ZeroedOriginBalance
tx-526-C1346194314-C2046261868,FraudTransaction
tx-526-C1346194314-C2046261868,ZeroedOriginBalance
tx-526-C804647095-C2035017998,FraudTransaction
tx-526-C804647095-C2035017998,ZeroedOriginBalance
tx-526-C57383792-C474654746,FraudTransaction
tx-526-C57383792-C474654746,ZeroedOriginBalance
tx-526-C774105103-C1018085685,FraudTransaction
tx-526-C774105103-C1018085685,ZeroedOriginBalance
tx-526-C1257308807-C1842247299,FraudTransaction
tx-526-C1257308807-C1842247299,ZeroedOriginBalance
tx-526-C998785780-C2120671448,FraudTransaction
tx-526-C998785780-C2120671448,ZeroedOriginBalance
tx-526-C136863855-C461054573,FraudTransaction
tx-526-C136863855-C461054573,ZeroedOriginBalance
tx-526-C1319949415-C1382326459,FraudTransaction
tx-526-C1319949415-C1382326459,ZeroedOriginBalance
tx-527-C1749621461-C1910771897,FraudTransaction
tx-527-C1749621461-C1910771897,HighAmountTransfer
tx-527-C1749621461-C1910771897,ZeroedOriginBalance
tx-527-C171594186-C31581400,FraudTransaction
tx-527-C171594186-C31581400,HighAmountTransfer
tx-527-C171594186-C31581400,ZeroedOriginBalance
tx-527-C1153823414-C973123570,FraudTransaction
tx-527-C1153823414-C973123570,ZeroedOriginBalance
tx-527-C1399341304-C2113418561,FraudTransaction
tx-527-C1399341304-C2113418561,ZeroedOriginBalance
tx-527-C2043835965-C1646194293,FraudTransaction
tx-527-C2043835965-C1646194293,ZeroedOriginBalance
tx-527-C645627086-C616112992,FraudTransaction
tx-527-C645627086-C616112992,ZeroedOriginBalance
tx-528-C610113599-C1123337350,FraudTransaction
tx-528-C610113599-C1123337350,ZeroedOriginBalance
tx-528-C1087737188-C2145025000,FraudTransaction
tx-528-C1087737188-C2145025000,ZeroedOriginBalance
tx-528-C927887851-C1921605128,FraudTransaction
tx-528-C927887851-C1921605128,HighAmountTransfer
tx-528-C927887851-C1921605128,ZeroedOriginBalance
tx-528-C662152824-C1412203460,FraudTransaction
tx-528-C662152824-C1412203460,HighAmountTransfer
tx-528-C662152824-C1412203460,ZeroedOriginBalance
tx-528-C1409061891-C1663472922,FraudTransaction
tx-528-C1409061891-C1663472922,ZeroedOriginBalance
tx-528-C658485772-C1576836568,FraudTransaction
tx-528-C658485772-C1576836568,ZeroedOriginBalance
tx-528-C1229752535-C1345788432,FraudTransaction
tx-528-C1229752535-C1345788432,ZeroedOriginBalance
tx-528-C1036084713-C1070700458,FraudTransaction
tx-528-C1036084713-C1070700458,ZeroedOriginBalance
tx-528-C1635920550-C942070496,FraudTransaction
tx-528-C1635920550-C942070496,ZeroedOriginBalance
tx-528-C1795452410-C1484612212,FraudTransaction
tx-528-C1795452410-C1484612212,ZeroedOriginBalance
tx-528-C1614163884-C345391268,FraudTransaction
tx-528-C1614163884-C345391268,HighAmountTransfer
tx-528-C1614163884-C345391268,ZeroedOriginBalance
tx-528-C1057118340-C1458829900,FraudTransaction
tx-528-C1057118340-C1458829900,HighAmountTransfer
tx-528-C1057118340-C1458829900,ZeroedOriginBalance
tx-528-C612108923-C1962731404,FraudTransaction
tx-528-C612108923-C1962731404,ZeroedOriginBalance
tx-528-C742098592-C886096623,FraudTransaction
tx-528-C742098592-C886096623,ZeroedOriginBalance
tx-529-C1982613524-C1995262823,FraudTransaction
tx-529-C1982613524-C1995262823,HighAmountTransfer
tx-529-C1982613524-C1995262823,ZeroedOriginBalance
tx-529-C1093594459-C50284383,FraudTransaction
tx-529-C1093594459-C50284383,HighAmountTransfer
tx-529-C1093594459-C50284383,ZeroedOriginBalance
tx-529-C1420554412-C424524612,FraudTransaction
tx-529-C1420554412-C424524612,HighAmountTransfer
tx-529-C1420554412-C424524612,ZeroedOriginBalance
tx-529-C907660116-C1464428552,FraudTransaction
tx-529-C907660116-C1464428552,HighAmountTransfer
tx-529-C907660116-C1464428552,ZeroedOriginBalance
tx-529-C1973530723-C689231463,FraudTransaction
tx-529-C1973530723-C689231463,HighAmountTransfer
tx-529-C1973530723-C689231463,ZeroedOriginBalance
tx-529-C355424107-C318965454,FraudTransaction
tx-529-C355424107-C318965454,HighAmountTransfer
tx-529-C355424107-C318965454,ZeroedOriginBalance
tx-530-C836986280-C1080337447,FraudTransaction
tx-530-C836986280-C1080337447,ZeroedOriginBalance
tx-530-C1554476444-C1448973297,FraudTransaction
tx-530-C1554476444-C1448973297,ZeroedOriginBalance
tx-530-C1798813609-C488265159,FraudTransaction
tx-530-C1798813609-C488265159,ZeroedOriginBalance
tx-530-C158699247-C1193716224,FraudTransaction
tx-530-C158699247-C1193716224,ZeroedOriginBalance
tx-530-C1894511289-C780914963,FraudTransaction
tx-530-C1894511289-C780914963,ZeroedOriginBalance
tx-530-C85776880-C36414271,FraudTransaction
tx-530-C85776880-C36414271,ZeroedOriginBalance
tx-530-C1687894218-C943795253,FraudTransaction
tx-530-C1687894218-C943795253,ZeroedOriginBalance
tx-530-C547292617-C1499118681,FraudTransaction
tx-530-C547292617-C1499118681,ZeroedOriginBalance
tx-531-C83063124-C1421025429,FraudTransaction
tx-531-C83063124-C1421025429,HighAmountTransfer
tx-531-C83063124-C1421025429,ZeroedOriginBalance
tx-531-C1800446138-C1584873843,FraudTransaction
tx-531-C1800446138-C1584873843,HighAmountTransfer
tx-531-C1800446138-C1584873843,ZeroedOriginBalance
tx-531-C1934752840-C221266057,FraudTransaction
tx-531-C1934752840-C221266057,HighAmountTransfer
tx-531-C1934752840-C221266057,ZeroedOriginBalance
tx-531-C1192862458-C1255659415,FraudTransaction
tx-531-C1192862458-C1255659415,HighAmountTransfer
tx-531-C1192862458-C1255659415,ZeroedOriginBalance
tx-531-C558321458-C1072132804,FraudTransaction
tx-531-C558321458-C1072132804,ZeroedOriginBalance
tx-531-C647849713-C1237314192,FraudTransaction
tx-531-C647849713-C1237314192,ZeroedOriginBalance
tx-531-C923057067-C247187997,FraudTransaction
tx-531-C923057067-C247187997,ZeroedOriginBalance
tx-531-C1736966722-C1399883678,FraudTransaction
tx-531-C1736966722-C1399883678,ZeroedOriginBalance
tx-531-C56420164-C840005543,FraudTransaction
tx-531-C56420164-C840005543,ZeroedOriginBalance
tx-531-C1584841041-C180700180,FraudTransaction
tx-531-C1584841041-C180700180,ZeroedOriginBalance
tx-531-C1722830841-C394038835,FraudTransaction
tx-531-C1722830841-C394038835,ZeroedOriginBalance
tx-531-C1157110061-C1111669331,FraudTransaction
tx-531-C1157110061-C1111669331,ZeroedOriginBalance
tx-531-C1354536718-C927202154,FraudTransaction
tx-531-C1354536718-C927202154,HighAmountTransfer
tx-531-C1354536718-C927202154,ZeroedOriginBalance
tx-531-C1642321508-C2125497646,FraudTransaction
tx-531-C1642321508-C2125497646,HighAmountTransfer
tx-531-C1642321508-C2125497646,ZeroedOriginBalance
tx-532-C1984333377-C382299931,FraudTransaction
tx-532-C1984333377-C382299931,ZeroedOriginBalance
tx-532-C2098633557-C868509779,FraudTransaction
tx-532-C2098633557-C868509779,ZeroedOriginBalance
tx-532-C1828919793-C1458046968,FraudTransaction
tx-532-C1828919793-C1458046968,ZeroedOriginBalance
tx-532-C1634365603-C192491518,FraudTransaction
tx-532-C1634365603-C192491518,ZeroedOriginBalance
tx-532-C2071768911-C922817338,FraudTransaction
tx-532-C2071768911-C922817338,ZeroedOriginBalance
tx-532-C1226913771-C1276739496,FraudTransaction
tx-532-C1226913771-C1276739496,ZeroedOriginBalance
tx-533-C2050862672-C905665675,FraudTransaction
tx-533-C2050862672-C905665675,ZeroedOriginBalance
tx-533-C2043903762-C1460468335,FraudTransaction
tx-533-C2043903762-C1460468335,ZeroedOriginBalance
tx-533-C1028433606-C1309625211,FraudTransaction
tx-533-C1028433606-C1309625211,HighAmountTransfer
tx-533-C1028433606-C1309625211,ZeroedOriginBalance
tx-533-C393618449-C1976403391,FraudTransaction
tx-533-C393618449-C1976403391,HighAmountTransfer
tx-533-C393618449-C1976403391,ZeroedOriginBalance
tx-533-C11425665-C1844668736,FraudTransaction
tx-533-C11425665-C1844668736,HighAmountTransfer
tx-533-C11425665-C1844668736,ZeroedOriginBalance
tx-533-C1650955113-C2091086284,FraudTransaction
tx-533-C1650955113-C2091086284,HighAmountTransfer
tx-533-C1650955113-C2091086284,ZeroedOriginBalance
tx-533-C977625973-C1844577837,FraudTransaction
tx-533-C977625973-C1844577837,ZeroedOriginBalance
tx-533-C473271936-C356431385,FraudTransaction
tx-533-C473271936-C356431385,ZeroedOriginBalance
tx-533-C1851117784-C705045817,FraudTransaction
tx-533-C1851117784-C705045817,ZeroedOriginBalance
tx-533-C813165216-C65111466,FraudTransaction
tx-533-C813165216-C65111466,ZeroedOriginBalance
tx-533-C709213920-C565737744,FraudTransaction
tx-533-C709213920-C565737744,ZeroedOriginBalance
tx-533-C391166048-C1123547777,FraudTransaction
tx-533-C391166048-C1123547777,ZeroedOriginBalance
tx-534-C447114205-C1658435419,FraudTransaction
tx-534-C447114205-C1658435419,ZeroedOriginBalance
tx-534-C1192577940-C486241837,FraudTransaction
tx-534-C1192577940-C486241837,ZeroedOriginBalance
tx-534-C98283050-C1232672480,FraudTransaction
tx-534-C98283050-C1232672480,ZeroedOriginBalance
tx-534-C104137128-C1483261155,FraudTransaction
tx-534-C104137128-C1483261155,ZeroedOriginBalance
tx-534-C1127605507-C1392260750,FraudTransaction
tx-534-C1127605507-C1392260750,ZeroedOriginBalance
tx-534-C1724748563-C905835807,FraudTransaction
tx-534-C1724748563-C905835807,ZeroedOriginBalance
tx-534-C31495948-C1914529575,FraudTransaction
tx-534-C31495948-C1914529575,HighAmountTransfer
tx-534-C31495948-C1914529575,ZeroedOriginBalance
tx-534-C1515790640-C1288810506,FraudTransaction
tx-534-C1515790640-C1288810506,HighAmountTransfer
tx-534-C1515790640-C1288810506,ZeroedOriginBalance
tx-534-C1839099341-C1683016763,FraudTransaction
tx-534-C1839099341-C1683016763,ZeroedOriginBalance
tx-534-C213707796-C1017891074,FraudTransaction
tx-534-C213707796-C1017891074,ZeroedOriginBalance
tx-534-C1728027611-C1170151190,FraudTransaction
tx-534-C1728027611-C1170151190,ZeroedOriginBalance
tx-534-C1604057641-C773898763,FraudTransaction
tx-534-C1604057641-C773898763,ZeroedOriginBalance
tx-535-C602476051-C2044007748,FraudTransaction
tx-535-C602476051-C2044007748,ZeroedOriginBalance
tx-535-C1911204207-C1641192093,FraudTransaction
tx-535-C1911204207-C1641192093,ZeroedOriginBalance
tx-535-C1068111301-C124815861,FraudTransaction
tx-535-C1068111301-C124815861,ZeroedOriginBalance
tx-535-C1080600836-C1836993798,FraudTransaction
tx-535-C1080600836-C1836993798,ZeroedOriginBalance
tx-535-C723173004-C702315593,FraudTransaction
tx-535-C723173004-C702315593,ZeroedOriginBalance
tx-535-C253741905-C575853652,FraudTransaction
tx-535-C253741905-C575853652,ZeroedOriginBalance
tx-536-C2132571279-C1626661706,FraudTransaction
tx-536-C2132571279-C1626661706,ZeroedOriginBalance
tx-536-C723208527-C2063324566,FraudTransaction
tx-536-C723208527-C2063324566,ZeroedOriginBalance
tx-536-C1401632766-C1786081115,FraudTransaction
tx-536-C1401632766-C1786081115,ZeroedOriginBalance
tx-536-C1226035706-C1526048317,FraudTransaction
tx-536-C1226035706-C1526048317,ZeroedOriginBalance
tx-536-C1429695579-C1381280025,FraudTransaction
tx-536-C1429695579-C1381280025,ZeroedOriginBalance
tx-536-C605492867-C64627863,FraudTransaction
tx-536-C605492867-C64627863,ZeroedOriginBalance
tx-536-C774500664-C996012482,FraudTransaction
tx-536-C774500664-C996012482,HighAmountTransfer
tx-536-C774500664-C996012482,ZeroedOriginBalance
tx-536-C2036496646-C38219456,FraudTransaction
tx-536-C2036496646-C38219456,HighAmountTransfer
tx-536-C2036496646-C38219456,ZeroedOriginBalance
tx-536-C219417445-C391747525,FraudTransaction
tx-536-C219417445-C391747525,ZeroedOriginBalance
tx-536-C1857315735-C541525278,FraudTransaction
tx-536-C1857315735-C541525278,ZeroedOriginBalance
tx-536-C1799496993-C6772429,FraudTransaction
tx-536-C1799496993-C6772429,ZeroedOriginBalance
tx-536-C2026773227-C1098688796,FraudTransaction
tx-536-C2026773227-C1098688796,ZeroedOriginBalance
tx-537-C1437366708-C913630133,FraudTransaction
tx-537-C1437366708-C913630133,ZeroedOriginBalance
tx-537-C415825997-C1295268522,FraudTransaction
tx-537-C415825997-C1295268522,ZeroedOriginBalance
tx-537-C1649956184-C2125667405,FraudTransaction
tx-537-C1649956184-C2125667405,ZeroedOriginBalance
tx-537-C1783169722-C1911284764,FraudTransaction
tx-537-C1783169722-C1911284764,ZeroedOriginBalance
tx-537-C1545516958-C121750661,FraudTransaction
tx-537-C1545516958-C121750661,HighAmountTransfer
tx-537-C1545516958-C121750661,ZeroedOriginBalance
tx-537-C201662264-C995043220,FraudTransaction
tx-537-C201662264-C995043220,HighAmountTransfer
tx-537-C201662264-C995043220,ZeroedOriginBalance
tx-537-C743926133-C1763736933,FraudTransaction
tx-537-C743926133-C1763736933,ZeroedOriginBalance
tx-537-C237626007-C649046930,FraudTransaction
tx-537-C237626007-C649046930,ZeroedOriginBalance
tx-537-C656541323-C1611688554,FraudTransaction
tx-537-C656541323-C1611688554,ZeroedOriginBalance
tx-537-C58339720-C1656842502,FraudTransaction
tx-537-C58339720-C1656842502,ZeroedOriginBalance
tx-537-C58339720-C1656842502,RepeatedFraudDestination
tx-537-C1561774472-C351398995,FraudTransaction
tx-537-C1561774472-C351398995,ZeroedOriginBalance
tx-537-C1746999041-C1695279760,FraudTransaction
tx-537-C1746999041-C1695279760,ZeroedOriginBalance
tx-537-C365708951-C805847256,FraudTransaction
tx-537-C365708951-C805847256,ZeroedOriginBalance
tx-537-C208199068-C1904322081,FraudTransaction
tx-537-C208199068-C1904322081,ZeroedOriginBalance
tx-537-C1733889808-C370140887,FraudTransaction
tx-537-C1733889808-C370140887,ZeroedOriginBalance
tx-537-C127960549-C1692377188,FraudTransaction
tx-537-C127960549-C1692377188,ZeroedOriginBalance
tx-537-C1882162040-C991907314,FraudTransaction
tx-537-C1882162040-C991907314,ZeroedOriginBalance
tx-537-C987837660-C2119771429,FraudTransaction
tx-537-C987837660-C2119771429,ZeroedOriginBalance
tx-538-C1855947267-C1347484785,FraudTransaction
tx-538-C1855947267-C1347484785,HighAmountTransfer
tx-538-C1855947267-C1347484785,ZeroedOriginBalance
tx-538-C874241747-C762678995,FraudTransaction
tx-538-C874241747-C762678995,HighAmountTransfer
tx-538-C874241747-C762678995,ZeroedOriginBalance
tx-538-C913417990-C1582467338,FraudTransaction
tx-538-C913417990-C1582467338,HighAmountTransfer
tx-538-C913417990-C1582467338,ZeroedOriginBalance
tx-538-C615843583-C634573611,FraudTransaction
tx-538-C615843583-C634573611,HighAmountTransfer
tx-538-C615843583-C634573611,ZeroedOriginBalance
tx-538-C1447646431-C1137974608,FraudTransaction
tx-538-C1447646431-C1137974608,ZeroedOriginBalance
tx-538-C432604452-C22286417,FraudTransaction
tx-538-C432604452-C22286417,ZeroedOriginBalance
tx-538-C985397867-C131807418,FraudTransaction
tx-538-C985397867-C131807418,ZeroedOriginBalance
tx-538-C434098204-C671296081,FraudTransaction
tx-538-C434098204-C671296081,ZeroedOriginBalance
tx-538-C1147685648-C834380248,FraudTransaction
tx-538-C1147685648-C834380248,HighAmountTransfer
tx-538-C1147685648-C834380248,ZeroedOriginBalance
tx-538-C2016314393-C1340510647,FraudTransaction
tx-538-C2016314393-C1340510647,HighAmountTransfer
tx-538-C2016314393-C1340510647,ZeroedOriginBalance
tx-539-C1580456535-C1660535185,FraudTransaction
tx-539-C1580456535-C1660535185,ZeroedOriginBalance
tx-539-C1673158726-C543602105,FraudTransaction
tx-539-C1673158726-C543602105,ZeroedOriginBalance
tx-539-C1091619735-C93455814,FraudTransaction
tx-539-C1091619735-C93455814,ZeroedOriginBalance
tx-539-C149676565-C1488768076,FraudTransaction
tx-539-C149676565-C1488768076,ZeroedOriginBalance
tx-540-C374837876-C369028557,FraudTransaction
tx-540-C374837876-C369028557,HighAmountTransfer
tx-540-C374837876-C369028557,ZeroedOriginBalance
tx-540-C633635438-C1640217168,FraudTransaction
tx-540-C633635438-C1640217168,HighAmountTransfer
tx-540-C633635438-C1640217168,ZeroedOriginBalance
tx-540-C498197079-C1500413954,FraudTransaction
tx-540-C498197079-C1500413954,ZeroedOriginBalance
tx-540-C1947443919-C1241262856,FraudTransaction
tx-540-C1947443919-C1241262856,ZeroedOriginBalance
tx-540-C1191467360-C1694026164,FraudTransaction
tx-540-C1191467360-C1694026164,HighAmountTransfer
tx-540-C1191467360-C1694026164,ZeroedOriginBalance
tx-540-C393149689-C928608101,FraudTransaction
tx-540-C393149689-C928608101,HighAmountTransfer
tx-540-C393149689-C928608101,ZeroedOriginBalance
tx-541-C411433616-C1948800216,FraudTransaction
tx-541-C411433616-C1948800216,HighAmountTransfer
tx-541-C411433616-C1948800216,ZeroedOriginBalance
tx-541-C1395197193-C1975481357,FraudTransaction
tx-541-C1395197193-C1975481357,HighAmountTransfer
tx-541-C1395197193-C1975481357,ZeroedOriginBalance
tx-541-C127338416-C10331994,FraudTransaction
tx-541-C127338416-C10331994,HighAmountTransfer
tx-541-C430326245-C264263365,FraudTransaction
tx-541-C430326245-C264263365,HighAmountTransfer
tx-541-C430326245-C264263365,ZeroedOriginBalance
tx-541-C784365883-C56816688,FraudTransaction
tx-541-C784365883-C56816688,HighAmountTransfer
tx-541-C784365883-C56816688,ZeroedOriginBalance
tx-541-C903487655-C1853529603,FraudTransaction
tx-541-C903487655-C1853529603,HighAmountTransfer
tx-541-C903487655-C1853529603,ZeroedOriginBalance
tx-541-C172956459-C249062179,FraudTransaction
tx-541-C172956459-C249062179,ZeroedOriginBalance
tx-541-C558746350-C48282627,FraudTransaction
tx-541-C558746350-C48282627,ZeroedOriginBalance
tx-541-C216622685-C937316720,FraudTransaction
tx-541-C216622685-C937316720,ZeroedOriginBalance
tx-541-C1750249599-C1535674446,FraudTransaction
tx-541-C1750249599-C1535674446,ZeroedOriginBalance
tx-541-C866940482-C439777309,FraudTransaction
tx-541-C866940482-C439777309,HighAmountTransfer
tx-541-C866940482-C439777309,ZeroedOriginBalance
tx-541-C1173792039-C1068264990,FraudTransaction
tx-541-C1173792039-C1068264990,HighAmountTransfer
tx-541-C1173792039-C1068264990,ZeroedOriginBalance
tx-542-C946502860-C906453078,FraudTransaction
tx-542-C946502860-C906453078,ZeroedOriginBalance
tx-542-C2022182585-C618622080,FraudTransaction
tx-542-C2022182585-C618622080,ZeroedOriginBalance
tx-542-C88290164-C161940442,FraudTransaction
tx-542-C88290164-C161940442,HighAmountTransfer
tx-542-C88290164-C161940442,ZeroedOriginBalance
tx-542-C1841900359-C1129100193,FraudTransaction
tx-542-C1841900359-C1129100193,HighAmountTransfer
tx-542-C1841900359-C1129100193,ZeroedOriginBalance
tx-542-C2086074232-C1381867054,FraudTransaction
tx-542-C2086074232-C1381867054,ZeroedOriginBalance
tx-542-C1155447996-C500475172,FraudTransaction
tx-542-C1155447996-C500475172,ZeroedOriginBalance
tx-542-C319313160-C1921029903,FraudTransaction
tx-542-C319313160-C1921029903,HighAmountTransfer
tx-542-C319313160-C1921029903,ZeroedOriginBalance
tx-542-C755809826-C411670460,FraudTransaction
tx-542-C755809826-C411670460,HighAmountTransfer
tx-542-C755809826-C411670460,ZeroedOriginBalance
tx-542-C1707763066-C190447545,FraudTransaction
tx-542-C1707763066-C190447545,HighAmountTransfer
tx-542-C1707763066-C190447545,ZeroedOriginBalance
tx-542-C1354111086-C1655452584,FraudTransaction
tx-542-C1354111086-C1655452584,HighAmountTransfer
tx-542-C1354111086-C1655452584,ZeroedOriginBalance
tx-543-C694879733-C1164535816,FraudTransaction
tx-543-C694879733-C1164535816,ZeroedOriginBalance
tx-543-C1022475357-C1086411656,FraudTransaction
tx-543-C1022475357-C1086411656,ZeroedOriginBalance
tx-543-C2080854887-C2001477258,FraudTransaction
tx-543-C2080854887-C2001477258,ZeroedOriginBalance
tx-543-C947854102-C149021692,FraudTransaction
tx-543-C947854102-C149021692,ZeroedOriginBalance
tx-543-C1229649217-C642148524,FraudTransaction
tx-543-C1229649217-C642148524,HighAmountTransfer
tx-543-C1229649217-C642148524,ZeroedOriginBalance
tx-543-C2020129633-C1104272087,FraudTransaction
tx-543-C2020129633-C1104272087,HighAmountTransfer
tx-543-C2020129633-C1104272087,ZeroedOriginBalance
tx-544-C1298652940-C2071037920,FraudTransaction
tx-544-C1298652940-C2071037920,ZeroedOriginBalance
tx-544-C1670239272-C1954451827,FraudTransaction
tx-544-C1670239272-C1954451827,ZeroedOriginBalance
tx-544-C199245986-C140137302,FraudTransaction
tx-544-C199245986-C140137302,ZeroedOriginBalance
tx-544-C1593617762-C55403746,FraudTransaction
tx-544-C1593617762-C55403746,ZeroedOriginBalance
tx-544-C1136118351-C296079246,FraudTransaction
tx-544-C1136118351-C296079246,ZeroedOriginBalance
tx-544-C84071102-C1576697216,FraudTransaction
tx-544-C84071102-C1576697216,ZeroedOriginBalance
tx-546-C322712513-C1339104095,FraudTransaction
tx-546-C322712513-C1339104095,ZeroedOriginBalance
tx-546-C387067753-C258696334,FraudTransaction
tx-546-C387067753-C258696334,ZeroedOriginBalance
tx-546-C1792498833-C1687427333,FraudTransaction
tx-546-C1792498833-C1687427333,ZeroedOriginBalance
tx-546-C971904885-C726333596,FraudTransaction
tx-546-C971904885-C726333596,ZeroedOriginBalance
tx-546-C1068269457-C746567344,FraudTransaction
tx-546-C1068269457-C746567344,ZeroedOriginBalance
tx-546-C835769230-C990236688,FraudTransaction
tx-546-C835769230-C990236688,ZeroedOriginBalance
tx-546-C1678762755-C12936598,FraudTransaction
tx-546-C1678762755-C12936598,HighAmountTransfer
tx-546-C1678762755-C12936598,ZeroedOriginBalance
tx-546-C1728886980-C544429933,FraudTransaction
tx-546-C1728886980-C544429933,HighAmountTransfer
tx-546-C1728886980-C544429933,ZeroedOriginBalance
tx-546-C41608153-C119014048,FraudTransaction
tx-546-C41608153-C119014048,ZeroedOriginBalance
tx-546-C1066191297-C1432077169,FraudTransaction
tx-546-C1066191297-C1432077169,ZeroedOriginBalance
tx-547-C1886207550-C1120946694,FraudTransaction
tx-547-C1886207550-C1120946694,ZeroedOriginBalance
tx-547-C1345990968-C623395017,FraudTransaction
tx-547-C1345990968-C623395017,ZeroedOriginBalance
tx-547-C1547608919-C165280484,FraudTransaction
tx-547-C1547608919-C165280484,ZeroedOriginBalance
tx-547-C1026137221-C1774300494,FraudTransaction
tx-547-C1026137221-C1774300494,ZeroedOriginBalance
tx-547-C666869003-C923969189,FraudTransaction
tx-547-C666869003-C923969189,HighAmountTransfer
tx-547-C666869003-C923969189,ZeroedOriginBalance
tx-547-C992997855-C506708945,FraudTransaction
tx-547-C992997855-C506708945,HighAmountTransfer
tx-547-C992997855-C506708945,ZeroedOriginBalance
tx-547-C1773081867-C69800552,FraudTransaction
tx-547-C1773081867-C69800552,ZeroedOriginBalance
tx-547-C656389518-C1406926749,FraudTransaction
tx-547-C656389518-C1406926749,ZeroedOriginBalance
tx-548-C107421923-C1049744431,FraudTransaction
tx-548-C107421923-C1049744431,ZeroedOriginBalance
tx-548-C956623325-C143103274,FraudTransaction
tx-548-C956623325-C143103274,ZeroedOriginBalance
tx-549-C1757307922-C141149199,FraudTransaction
tx-549-C1757307922-C141149199,HighAmountTransfer
tx-549-C1757307922-C141149199,ZeroedOriginBalance
tx-549-C823289261-C651125124,FraudTransaction
tx-549-C823289261-C651125124,HighAmountTransfer
tx-549-C823289261-C651125124,ZeroedOriginBalance
tx-549-C597797196-C1745977074,FraudTransaction
tx-549-C597797196-C1745977074,ZeroedOriginBalance
tx-549-C1093216808-C713783990,FraudTransaction
tx-549-C1093216808-C713783990,ZeroedOriginBalance
tx-549-C1776253219-C1312022060,FraudTransaction
tx-549-C1776253219-C1312022060,ZeroedOriginBalance
tx-549-C34016039-C690443713,FraudTransaction
tx-549-C34016039-C690443713,ZeroedOriginBalance
tx-549-C625119726-C1881816007,FraudTransaction
tx-549-C625119726-C1881816007,HighAmountTransfer
tx-549-C625119726-C1881816007,ZeroedOriginBalance
tx-549-C2060205709-C1377648519,FraudTransaction
tx-549-C2060205709-C1377648519,HighAmountTransfer
tx-549-C2060205709-C1377648519,ZeroedOriginBalance
tx-549-C1683665748-C637708018,FraudTransaction
tx-549-C1683665748-C637708018,ZeroedOriginBalance
tx-549-C718351152-C425934297,FraudTransaction
tx-549-C718351152-C425934297,ZeroedOriginBalance
tx-549-C12589552-C589307049,FraudTransaction
tx-549-C12589552-C589307049,ZeroedOriginBalance
tx-549-C481578006-C114865271,FraudTransaction
tx-549-C481578006-C114865271,ZeroedOriginBalance
tx-550-C662184778-C1740503020,FraudTransaction
tx-550-C662184778-C1740503020,ZeroedOriginBalance
tx-550-C1944000382-C1097536726,FraudTransaction
tx-550-C1944000382-C1097536726,ZeroedOriginBalance
tx-550-C546971696-C1910520742,FraudTransaction
tx-550-C546971696-C1910520742,ZeroedOriginBalance
tx-550-C198033049-C403681217,FraudTransaction
tx-550-C198033049-C403681217,ZeroedOriginBalance
tx-550-C1356014393-C855243703,FraudTransaction
tx-550-C1356014393-C855243703,HighAmountTransfer
tx-550-C1356014393-C855243703,ZeroedOriginBalance
tx-550-C1712762290-C382134181,FraudTransaction
tx-550-C1712762290-C382134181,HighAmountTransfer
tx-550-C1712762290-C382134181,ZeroedOriginBalance
tx-550-C652160524-C305321296,FraudTransaction
tx-550-C652160524-C305321296,ZeroedOriginBalance
tx-550-C2043137760-C1330770993,FraudTransaction
tx-550-C2043137760-C1330770993,ZeroedOriginBalance
tx-551-C25649787-C2011342961,FraudTransaction
tx-551-C25649787-C2011342961,ZeroedOriginBalance
tx-551-C419820601-C703386437,FraudTransaction
tx-551-C419820601-C703386437,ZeroedOriginBalance
tx-551-C1104531414-C1502819168,FraudTransaction
tx-551-C1104531414-C1502819168,ZeroedOriginBalance
tx-551-C1176144001-C1225971079,FraudTransaction
tx-551-C1176144001-C1225971079,ZeroedOriginBalance
tx-551-C695007520-C2011756935,FraudTransaction
tx-551-C695007520-C2011756935,HighAmountTransfer
tx-551-C695007520-C2011756935,ZeroedOriginBalance
tx-551-C1440842391-C1163108586,FraudTransaction
tx-551-C1440842391-C1163108586,HighAmountTransfer
tx-551-C1440842391-C1163108586,ZeroedOriginBalance
tx-551-C397506007-C681255976,FraudTransaction
tx-551-C397506007-C681255976,ZeroedOriginBalance
tx-551-C1255221578-C1470118163,FraudTransaction
tx-551-C1255221578-C1470118163,ZeroedOriginBalance
tx-551-C1375603076-C1520555708,FraudTransaction
tx-551-C1375603076-C1520555708,ZeroedOriginBalance
tx-551-C117383322-C355646026,FraudTransaction
tx-551-C117383322-C355646026,ZeroedOriginBalance
tx-551-C1111837345-C119686502,FraudTransaction
tx-551-C1111837345-C119686502,ZeroedOriginBalance
tx-551-C1680914096-C1986090456,FraudTransaction
tx-551-C1680914096-C1986090456,ZeroedOriginBalance
tx-551-C363141515-C857107137,FraudTransaction
tx-551-C363141515-C857107137,ZeroedOriginBalance
tx-551-C1441570263-C1115712953,FraudTransaction
tx-551-C1441570263-C1115712953,ZeroedOriginBalance
tx-551-C615350524-C493172655,FraudTransaction
tx-551-C615350524-C493172655,HighAmountTransfer
tx-551-C615350524-C493172655,ZeroedOriginBalance
tx-551-C101677237-C1078128267,FraudTransaction
tx-551-C101677237-C1078128267,HighAmountTransfer
tx-551-C101677237-C1078128267,ZeroedOriginBalance
tx-551-C460547143-C830306578,FraudTransaction
tx-551-C460547143-C830306578,ZeroedOriginBalance
tx-551-C990823587-C1506986844,FraudTransaction
tx-551-C990823587-C1506986844,ZeroedOriginBalance
tx-552-C1739041636-C1705990393,FraudTransaction
tx-552-C1739041636-C1705990393,ZeroedOriginBalance
tx-552-C172426650-C209901373,FraudTransaction
tx-552-C172426650-C209901373,ZeroedOriginBalance
tx-552-C1070629899-C167129695,FraudTransaction
tx-552-C1070629899-C167129695,ZeroedOriginBalance
tx-552-C133353018-C2063078053,FraudTransaction
tx-552-C133353018-C2063078053,ZeroedOriginBalance
tx-552-C1785747825-C1989613920,FraudTransaction
tx-552-C1785747825-C1989613920,ZeroedOriginBalance
tx-552-C1891204803-C1400173995,FraudTransaction
tx-552-C1891204803-C1400173995,ZeroedOriginBalance
tx-552-C2136556787-C926634161,FraudTransaction
tx-552-C2136556787-C926634161,ZeroedOriginBalance
tx-552-C1895360219-C1325018812,FraudTransaction
tx-552-C1895360219-C1325018812,ZeroedOriginBalance
tx-552-C359830573-C1906309397,FraudTransaction
tx-552-C359830573-C1906309397,ZeroedOriginBalance
tx-552-C365896510-C1834297216,FraudTransaction
tx-552-C365896510-C1834297216,ZeroedOriginBalance
tx-553-C777851401-C1452777690,FraudTransaction
tx-553-C777851401-C1452777690,HighAmountTransfer
tx-553-C777851401-C1452777690,ZeroedOriginBalance
tx-553-C2095328996-C1800908612,FraudTransaction
tx-553-C2095328996-C1800908612,HighAmountTransfer
tx-553-C2095328996-C1800908612,ZeroedOriginBalance
tx-553-C1413607654-C519703316,FraudTransaction
tx-553-C1413607654-C519703316,ZeroedOriginBalance
tx-553-C1619730527-C307774634,FraudTransaction
tx-553-C1619730527-C307774634,ZeroedOriginBalance
tx-553-C645970717-C10677720,FraudTransaction
tx-553-C645970717-C10677720,ZeroedOriginBalance
tx-553-C2068722215-C1242414689,FraudTransaction
tx-553-C2068722215-C1242414689,ZeroedOriginBalance
tx-553-C1640049585-C542321512,FraudTransaction
tx-553-C1640049585-C542321512,ZeroedOriginBalance
tx-553-C2020773415-C1441292929,FraudTransaction
tx-553-C2020773415-C1441292929,ZeroedOriginBalance
tx-554-C357910633-C810398969,FraudTransaction
tx-554-C357910633-C810398969,HighAmountTransfer
tx-554-C2038780073-C1355993578,FraudTransaction
tx-554-C2038780073-C1355993578,HighAmountTransfer
tx-554-C2038780073-C1355993578,ZeroedOriginBalance
tx-554-C292642955-C1916793179,FraudTransaction
tx-554-C292642955-C1916793179,HighAmountTransfer
tx-554-C2099173172-C497323053,FraudTransaction
tx-554-C2099173172-C497323053,HighAmountTransfer
tx-554-C2099173172-C497323053,ZeroedOriginBalance
tx-554-C1110953726-C531811781,FraudTransaction
tx-554-C1110953726-C531811781,HighAmountTransfer
tx-554-C291823113-C1546786985,FraudTransaction
tx-554-C291823113-C1546786985,HighAmountTransfer
tx-554-C291823113-C1546786985,ZeroedOriginBalance
tx-554-C193696150-C484597480,FraudTransaction
tx-554-C193696150-C484597480,HighAmountTransfer
tx-554-C10965156-C1493336195,FraudTransaction
tx-554-C2082156144-C1041223833,FraudTransaction
tx-554-C2082156144-C1041223833,ZeroedOriginBalance
tx-554-C1270362988-C471561337,FraudTransaction
tx-554-C1270362988-C471561337,ZeroedOriginBalance
tx-554-C476581036-C919579772,FraudTransaction
tx-554-C476581036-C919579772,HighAmountTransfer
tx-554-C476581036-C919579772,ZeroedOriginBalance
tx-554-C644898293-C714177004,FraudTransaction
tx-554-C644898293-C714177004,HighAmountTransfer
tx-554-C644898293-C714177004,ZeroedOriginBalance
tx-554-C54370277-C108260141,FraudTransaction
tx-554-C54370277-C108260141,HighAmountTransfer
tx-554-C54370277-C108260141,ZeroedOriginBalance
tx-554-C152367037-C451693209,FraudTransaction
tx-554-C152367037-C451693209,HighAmountTransfer
tx-554-C152367037-C451693209,ZeroedOriginBalance
tx-554-C1733605801-C1430622047,FraudTransaction
tx-554-C1733605801-C1430622047,ZeroedOriginBalance
tx-554-C183290292-C208671176,FraudTransaction
tx-554-C183290292-C208671176,ZeroedOriginBalance
tx-554-C1744798972-C815065594,FraudTransaction
tx-554-C1744798972-C815065594,ZeroedOriginBalance
tx-554-C531559294-C1899371131,FraudTransaction
tx-554-C531559294-C1899371131,ZeroedOriginBalance
tx-555-C1695141990-C1558094676,FraudTransaction
tx-555-C1695141990-C1558094676,HighAmountTransfer
tx-555-C1695141990-C1558094676,ZeroedOriginBalance
tx-555-C2024237269-C239895183,FraudTransaction
tx-555-C2024237269-C239895183,HighAmountTransfer
tx-555-C2024237269-C239895183,ZeroedOriginBalance
tx-555-C147671870-C1370256031,FraudTransaction
tx-555-C147671870-C1370256031,HighAmountTransfer
tx-555-C147671870-C1370256031,ZeroedOriginBalance
tx-555-C255263291-C1076282619,FraudTransaction
tx-555-C255263291-C1076282619,HighAmountTransfer
tx-555-C255263291-C1076282619,ZeroedOriginBalance
tx-555-C1663008947-C148355151,FraudTransaction
tx-555-C1663008947-C148355151,ZeroedOriginBalance
tx-555-C1355847784-C1150938488,FraudTransaction
tx-555-C1355847784-C1150938488,ZeroedOriginBalance
tx-556-C1746913772-C1225375125,FraudTransaction
tx-556-C1746913772-C1225375125,ZeroedOriginBalance
tx-556-C1811781540-C1300339615,FraudTransaction
tx-556-C1811781540-C1300339615,ZeroedOriginBalance
tx-556-C1346698733-C302377152,FraudTransaction
tx-556-C1346698733-C302377152,ZeroedOriginBalance
tx-556-C1198732254-C617614244,FraudTransaction
tx-556-C1198732254-C617614244,ZeroedOriginBalance
tx-556-C1362477685-C396423191,FraudTransaction
tx-556-C1362477685-C396423191,ZeroedOriginBalance
tx-556-C1458716480-C1926682191,FraudTransaction
tx-556-C1458716480-C1926682191,ZeroedOriginBalance
tx-557-C593031414-C556669926,FraudTransaction
tx-557-C593031414-C556669926,ZeroedOriginBalance
tx-557-C1046755509-C758775934,FraudTransaction
tx-557-C1046755509-C758775934,ZeroedOriginBalance
tx-557-C1958670415-C1200309573,FraudTransaction
tx-557-C1958670415-C1200309573,ZeroedOriginBalance
tx-557-C106930724-C519905782,FraudTransaction
tx-557-C106930724-C519905782,ZeroedOriginBalance
tx-557-C171758172-C1650736473,FraudTransaction
tx-557-C171758172-C1650736473,ZeroedOriginBalance
tx-557-C467552015-C2104621109,FraudTransaction
tx-557-C467552015-C2104621109,ZeroedOriginBalance
tx-557-C137450034-C97544246,FraudTransaction
tx-557-C137450034-C97544246,ZeroedOriginBalance
tx-557-C264646287-C1422542191,FraudTransaction
tx-557-C264646287-C1422542191,ZeroedOriginBalance
tx-557-C1661252377-C948382009,FraudTransaction
tx-557-C1661252377-C948382009,ZeroedOriginBalance
tx-557-C176907849-C1483387344,FraudTransaction
tx-557-C176907849-C1483387344,ZeroedOriginBalance
tx-557-C136906216-C560125098,FraudTransaction
tx-557-C136906216-C560125098,HighAmountTransfer
tx-557-C136906216-C560125098,ZeroedOriginBalance
tx-557-C916840500-C1563604269,FraudTransaction
tx-557-C916840500-C1563604269,HighAmountTransfer
tx-557-C916840500-C1563604269,ZeroedOriginBalance
tx-557-C1887371650-C1518001557,FraudTransaction
tx-557-C1887371650-C1518001557,ZeroedOriginBalance
tx-557-C563583210-C1860792414,FraudTransaction
tx-557-C563583210-C1860792414,ZeroedOriginBalance
tx-557-C1641144181-C1326956055,FraudTransaction
tx-557-C1641144181-C1326956055,ZeroedOriginBalance
tx-557-C2020357947-C1011864403,FraudTransaction
tx-557-C2020357947-C1011864403,ZeroedOriginBalance
tx-557-C1888967333-C1312240019,FraudTransaction
tx-557-C1888967333-C1312240019,ZeroedOriginBalance
tx-557-C1834671253-C598267252,FraudTransaction
tx-557-C1834671253-C598267252,ZeroedOriginBalance
tx-557-C44010556-C1705119196,FraudTransaction
tx-557-C44010556-C1705119196,HighAmountTransfer
tx-557-C44010556-C1705119196,ZeroedOriginBalance
tx-557-C458467003-C837210602,FraudTransaction
tx-557-C458467003-C837210602,HighAmountTransfer
tx-557-C458467003-C837210602,ZeroedOriginBalance
tx-558-C1364952326-C424812377,FraudTransaction
tx-558-C1364952326-C424812377,HighAmountTransfer
tx-558-C1364952326-C424812377,ZeroedOriginBalance
tx-558-C1784567244-C730906537,FraudTransaction
tx-558-C1784567244-C730906537,HighAmountTransfer
tx-558-C1784567244-C730906537,ZeroedOriginBalance
tx-558-C350145239-C1384673123,FraudTransaction
tx-558-C350145239-C1384673123,ZeroedOriginBalance
tx-558-C314495113-C2019920995,FraudTransaction
tx-558-C314495113-C2019920995,ZeroedOriginBalance
tx-558-C189647886-C532681837,FraudTransaction
tx-558-C189647886-C532681837,ZeroedOriginBalance
tx-558-C1741605624-C1637870907,FraudTransaction
tx-558-C1741605624-C1637870907,ZeroedOriginBalance
tx-558-C954298206-C18650773,FraudTransaction
tx-558-C954298206-C18650773,ZeroedOriginBalance
tx-558-C2141175664-C968979703,FraudTransaction
tx-558-C2141175664-C968979703,ZeroedOriginBalance
tx-558-C441921841-C737006498,FraudTransaction
tx-558-C441921841-C737006498,HighAmountTransfer
tx-558-C441921841-C737006498,ZeroedOriginBalance
tx-558-C199205257-C1485135599,FraudTransaction
tx-558-C199205257-C1485135599,HighAmountTransfer
tx-558-C199205257-C1485135599,ZeroedOriginBalance
tx-558-C955753523-C1528787754,FraudTransaction
tx-558-C955753523-C1528787754,ZeroedOriginBalance
tx-558-C982640738-C982569135,FraudTransaction
tx-558-C982640738-C982569135,ZeroedOriginBalance
tx-558-C434935992-C1007799922,FraudTransaction
tx-558-C434935992-C1007799922,ZeroedOriginBalance
tx-558-C1875485157-C1564090891,FraudTransaction
tx-558-C1875485157-C1564090891,ZeroedOriginBalance
tx-559-C1780110867-C778584295,FraudTransaction
tx-559-C1780110867-C778584295,HighAmountTransfer
tx-559-C1780110867-C778584295,ZeroedOriginBalance
tx-559-C1610441162-C781288209,FraudTransaction
tx-559-C1610441162-C781288209,HighAmountTransfer
tx-559-C1610441162-C781288209,ZeroedOriginBalance
tx-559-C190430667-C581503957,FraudTransaction
tx-559-C190430667-C581503957,HighAmountTransfer
tx-559-C190430667-C581503957,ZeroedOriginBalance
tx-559-C9507698-C1280077682,FraudTransaction
tx-559-C9507698-C1280077682,HighAmountTransfer
tx-559-C9507698-C1280077682,ZeroedOriginBalance
tx-559-C651261892-C211349976,FraudTransaction
tx-559-C651261892-C211349976,ZeroedOriginBalance
tx-559-C1912599931-C1678235218,FraudTransaction
tx-559-C1912599931-C1678235218,ZeroedOriginBalance
tx-559-C923707754-C1301961209,FraudTransaction
tx-559-C923707754-C1301961209,ZeroedOriginBalance
tx-559-C1066149498-C1356062559,FraudTransaction
tx-559-C1066149498-C1356062559,ZeroedOriginBalance
tx-559-C315492632-C1866365124,FraudTransaction
tx-559-C315492632-C1866365124,ZeroedOriginBalance
tx-559-C471097879-C312345,FraudTransaction
tx-559-C471097879-C312345,ZeroedOriginBalance
tx-560-C1578360070-C1156197482,FraudTransaction
tx-560-C1578360070-C1156197482,ZeroedOriginBalance
tx-560-C7511880-C1495941646,FraudTransaction
tx-560-C7511880-C1495941646,ZeroedOriginBalance
tx-560-C1645658263-C1494621207,FraudTransaction
tx-560-C1645658263-C1494621207,ZeroedOriginBalance
tx-560-C1571623448-C1655359478,FraudTransaction
tx-560-C1571623448-C1655359478,ZeroedOriginBalance
tx-560-C1571623448-C1655359478,RepeatedFraudDestination
tx-560-C496377670-C1095351700,FraudTransaction
tx-560-C496377670-C1095351700,ZeroedOriginBalance
tx-560-C151669603-C1152228208,FraudTransaction
tx-560-C151669603-C1152228208,ZeroedOriginBalance
tx-560-C1573658797-C254901264,FraudTransaction
tx-560-C1573658797-C254901264,ZeroedOriginBalance
tx-560-C1749341406-C539747264,FraudTransaction
tx-560-C1749341406-C539747264,ZeroedOriginBalance
tx-560-C1166383807-C522357806,FraudTransaction
tx-560-C1166383807-C522357806,ZeroedOriginBalance
tx-560-C512720959-C1056205727,FraudTransaction
tx-560-C512720959-C1056205727,ZeroedOriginBalance
tx-561-C833791313-C586813963,FraudTransaction
tx-561-C833791313-C586813963,HighAmountTransfer
tx-561-C833791313-C586813963,ZeroedOriginBalance
tx-561-C602727752-C1182308451,FraudTransaction
tx-561-C602727752-C1182308451,HighAmountTransfer
tx-561-C602727752-C1182308451,ZeroedOriginBalance
tx-561-C432306592-C1736640771,FraudTransaction
tx-561-C432306592-C1736640771,ZeroedOriginBalance
tx-561-C366088606-C1251565216,FraudTransaction
tx-561-C366088606-C1251565216,ZeroedOriginBalance
tx-561-C829335128-C897120803,FraudTransaction
tx-561-C829335128-C897120803,HighAmountTransfer
tx-561-C829335128-C897120803,ZeroedOriginBalance
tx-561-C1978450840-C1939942308,FraudTransaction
tx-561-C1978450840-C1939942308,HighAmountTransfer
tx-561-C1978450840-C1939942308,ZeroedOriginBalance
tx-561-C1340063228-C1532572341,FraudTransaction
tx-561-C1340063228-C1532572341,ZeroedOriginBalance
tx-561-C1241779064-C1539330075,FraudTransaction
tx-561-C1241779064-C1539330075,ZeroedOriginBalance
tx-561-C114731289-C236726278,FraudTransaction
tx-561-C114731289-C236726278,ZeroedOriginBalance
tx-561-C1033091830-C690014487,FraudTransaction
tx-561-C1033091830-C690014487,ZeroedOriginBalance
tx-561-C2059773310-C1170744604,FraudTransaction
tx-561-C2059773310-C1170744604,ZeroedOriginBalance
tx-561-C1006058561-C235524557,FraudTransaction
tx-561-C1006058561-C235524557,ZeroedOriginBalance
tx-561-C140166215-C187205970,FraudTransaction
tx-561-C140166215-C187205970,ZeroedOriginBalance
tx-561-C675187632-C1138443516,FraudTransaction
tx-561-C675187632-C1138443516,ZeroedOriginBalance
tx-561-C2139567516-C411313831,FraudTransaction
tx-561-C2139567516-C411313831,HighAmountTransfer
tx-561-C2139567516-C411313831,ZeroedOriginBalance
tx-561-C2098207513-C1426455605,FraudTransaction
tx-561-C2098207513-C1426455605,HighAmountTransfer
tx-561-C2098207513-C1426455605,ZeroedOriginBalance
tx-562-C599162880-C445922632,FraudTransaction
tx-562-C599162880-C445922632,HighAmountTransfer
tx-562-C599162880-C445922632,ZeroedOriginBalance
tx-562-C2131356877-C1797345744,FraudTransaction
tx-562-C2131356877-C1797345744,HighAmountTransfer
tx-562-C2131356877-C1797345744,ZeroedOriginBalance
tx-562-C1187969526-C962858341,FraudTransaction
tx-562-C1187969526-C962858341,HighAmountTransfer
tx-562-C1187969526-C962858341,ZeroedOriginBalance
tx-562-C1554473398-C653645882,FraudTransaction
tx-562-C1554473398-C653645882,HighAmountTransfer
tx-562-C1554473398-C653645882,ZeroedOriginBalance
tx-562-C364617026-C1664077486,FraudTransaction
tx-562-C364617026-C1664077486,HighAmountTransfer
tx-562-C364617026-C1664077486,ZeroedOriginBalance
tx-562-C135981249-C1929001854,FraudTransaction
tx-562-C135981249-C1929001854,HighAmountTransfer
tx-562-C135981249-C1929001854,ZeroedOriginBalance
tx-562-C959095165-C1685479165,FraudTransaction
tx-562-C959095165-C1685479165,ZeroedOriginBalance
tx-562-C1583865151-C2053590149,FraudTransaction
tx-562-C1583865151-C2053590149,ZeroedOriginBalance
tx-562-C394205756-C1002233012,FraudTransaction
tx-562-C394205756-C1002233012,ZeroedOriginBalance
tx-562-C1224520946-C819353215,FraudTransaction
tx-562-C1224520946-C819353215,ZeroedOriginBalance
tx-563-C1569153511-C1637089162,FraudTransaction
tx-563-C1569153511-C1637089162,ZeroedOriginBalance
tx-563-C1867694951-C114310836,FraudTransaction
tx-563-C1867694951-C114310836,ZeroedOriginBalance
tx-563-C1876954807-C345453750,FraudTransaction
tx-563-C1876954807-C345453750,ZeroedOriginBalance
tx-563-C398698821-C1944707088,FraudTransaction
tx-563-C398698821-C1944707088,ZeroedOriginBalance
tx-563-C1454005383-C1762009463,FraudTransaction
tx-563-C1454005383-C1762009463,HighAmountTransfer
tx-563-C1454005383-C1762009463,ZeroedOriginBalance
tx-563-C1237943319-C1864215289,FraudTransaction
tx-563-C1237943319-C1864215289,HighAmountTransfer
tx-563-C1237943319-C1864215289,ZeroedOriginBalance
tx-563-C1198991662-C1959379782,FraudTransaction
tx-563-C1198991662-C1959379782,ZeroedOriginBalance
tx-563-C289651123-C817819913,FraudTransaction
tx-563-C289651123-C817819913,ZeroedOriginBalance
tx-563-C1835277194-C372825955,FraudTransaction
tx-563-C1835277194-C372825955,HighAmountTransfer
tx-563-C1835277194-C372825955,ZeroedOriginBalance
tx-563-C490326282-C1291474697,FraudTransaction
tx-563-C490326282-C1291474697,HighAmountTransfer
tx-563-C490326282-C1291474697,ZeroedOriginBalance
tx-563-C1857126069-C761148090,FraudTransaction
tx-563-C1857126069-C761148090,HighAmountTransfer
tx-563-C1857126069-C761148090,ZeroedOriginBalance
tx-563-C934227113-C422970659,FraudTransaction
tx-563-C934227113-C422970659,HighAmountTransfer
tx-563-C934227113-C422970659,ZeroedOriginBalance
tx-563-C639239126-C1290190637,FraudTransaction
tx-563-C639239126-C1290190637,ZeroedOriginBalance
tx-563-C1146878331-C1153941405,FraudTransaction
tx-563-C1146878331-C1153941405,ZeroedOriginBalance
tx-563-C174689091-C138574758,FraudTransaction
tx-563-C174689091-C138574758,HighAmountTransfer
tx-563-C174689091-C138574758,ZeroedOriginBalance
tx-563-C1661216334-C1814835688,FraudTransaction
tx-563-C1661216334-C1814835688,HighAmountTransfer
tx-563-C1661216334-C1814835688,ZeroedOriginBalance
tx-563-C1996751665-C533492345,FraudTransaction
tx-563-C1996751665-C533492345,ZeroedOriginBalance
tx-563-C382898342-C1625958226,FraudTransaction
tx-563-C382898342-C1625958226,ZeroedOriginBalance
tx-564-C209928657-C301674737,FraudTransaction
tx-564-C209928657-C301674737,ZeroedOriginBalance
tx-564-C981155027-C590362838,FraudTransaction
tx-564-C981155027-C590362838,ZeroedOriginBalance
tx-564-C577087580-C660528098,FraudTransaction
tx-564-C577087580-C660528098,HighAmountTransfer
tx-564-C577087580-C660528098,ZeroedOriginBalance
tx-564-C1806442473-C576597272,FraudTransaction
tx-564-C1806442473-C576597272,HighAmountTransfer
tx-564-C1806442473-C576597272,ZeroedOriginBalance
tx-564-C1236436870-C970108067,FraudTransaction
tx-564-C1236436870-C970108067,HighAmountTransfer
tx-564-C1236436870-C970108067,ZeroedOriginBalance
tx-564-C272892142-C814716597,FraudTransaction
tx-564-C272892142-C814716597,HighAmountTransfer
tx-564-C272892142-C814716597,ZeroedOriginBalance
tx-564-C1641639361-C236124320,FraudTransaction
tx-564-C1641639361-C236124320,HighAmountTransfer
tx-564-C1641639361-C236124320,ZeroedOriginBalance
tx-564-C658453874-C1045906528,FraudTransaction
tx-564-C658453874-C1045906528,HighAmountTransfer
tx-564-C658453874-C1045906528,ZeroedOriginBalance
tx-564-C2084614974-C462703095,FraudTransaction
tx-564-C2084614974-C462703095,ZeroedOriginBalance
tx-564-C987967282-C94618150,FraudTransaction
tx-564-C987967282-C94618150,ZeroedOriginBalance
tx-564-C76954571-C1263626792,FraudTransaction
tx-564-C76954571-C1263626792,ZeroedOriginBalance
tx-564-C1170472326-C836514563,FraudTransaction
tx-564-C1170472326-C836514563,ZeroedOriginBalance
tx-564-C37709485-C1707593251,FraudTransaction
tx-564-C37709485-C1707593251,HighAmountTransfer
tx-564-C37709485-C1707593251,ZeroedOriginBalance
tx-564-C138899312-C603288664,FraudTransaction
tx-564-C138899312-C603288664,HighAmountTransfer
tx-564-C138899312-C603288664,ZeroedOriginBalance
tx-564-C432264411-C536142403,FraudTransaction
tx-564-C432264411-C536142403,HighAmountTransfer
tx-564-C432264411-C536142403,ZeroedOriginBalance
tx-564-C1383952651-C1068730301,FraudTransaction
tx-564-C1383952651-C1068730301,HighAmountTransfer
tx-564-C1383952651-C1068730301,ZeroedOriginBalance
tx-565-C126871882-C1351249861,FraudTransaction
tx-565-C126871882-C1351249861,ZeroedOriginBalance
tx-565-C460734138-C431204318,FraudTransaction
tx-565-C460734138-C431204318,ZeroedOriginBalance
tx-565-C1666463785-C1703328404,FraudTransaction
tx-565-C1666463785-C1703328404,ZeroedOriginBalance
tx-565-C26257867-C2046532666,FraudTransaction
tx-565-C26257867-C2046532666,ZeroedOriginBalance
tx-565-C527712265-C1783916245,FraudTransaction
tx-565-C527712265-C1783916245,ZeroedOriginBalance
tx-565-C507000655-C2018087281,FraudTransaction
tx-565-C507000655-C2018087281,ZeroedOriginBalance
tx-565-C1929279421-C921819400,FraudTransaction
tx-565-C1929279421-C921819400,ZeroedOriginBalance
tx-565-C1494182124-C1189627156,FraudTransaction
tx-565-C1494182124-C1189627156,ZeroedOriginBalance
tx-565-C208504686-C242203557,FraudTransaction
tx-565-C208504686-C242203557,HighAmountTransfer
tx-565-C208504686-C242203557,ZeroedOriginBalance
tx-565-C1378980948-C39436311,FraudTransaction
tx-565-C1378980948-C39436311,HighAmountTransfer
tx-565-C1378980948-C39436311,ZeroedOriginBalance
tx-565-C45849369-C538038319,FraudTransaction
tx-565-C45849369-C538038319,ZeroedOriginBalance
tx-565-C1850623085-C1632237950,FraudTransaction
tx-565-C1850623085-C1632237950,ZeroedOriginBalance
tx-566-C1229686156-C1752604611,FraudTransaction
tx-566-C1229686156-C1752604611,HighAmountTransfer
tx-566-C1229686156-C1752604611,ZeroedOriginBalance
tx-566-C863963078-C679578786,FraudTransaction
tx-566-C863963078-C679578786,HighAmountTransfer
tx-566-C863963078-C679578786,ZeroedOriginBalance
tx-566-C1025024603-C127507579,FraudTransaction
tx-566-C1025024603-C127507579,ZeroedOriginBalance
tx-566-C1848080177-C760648951,FraudTransaction
tx-566-C1848080177-C760648951,ZeroedOriginBalance
tx-566-C906878138-C1727290928,FraudTransaction
tx-566-C906878138-C1727290928,ZeroedOriginBalance
tx-566-C51780378-C153727053,FraudTransaction
tx-566-C51780378-C153727053,ZeroedOriginBalance
tx-567-C905679615-C572787442,FraudTransaction
tx-567-C905679615-C572787442,ZeroedOriginBalance
tx-567-C1731825076-C1046160944,FraudTransaction
tx-567-C1731825076-C1046160944,ZeroedOriginBalance
tx-567-C1014449898-C1843501227,FraudTransaction
tx-567-C1014449898-C1843501227,ZeroedOriginBalance
tx-567-C317430000-C1681760048,FraudTransaction
tx-567-C317430000-C1681760048,ZeroedOriginBalance
tx-567-C400595138-C1773342001,FraudTransaction
tx-567-C400595138-C1773342001,HighAmountTransfer
tx-567-C400595138-C1773342001,ZeroedOriginBalance
tx-567-C1062517629-C1434665173,FraudTransaction
tx-567-C1062517629-C1434665173,HighAmountTransfer
tx-567-C1062517629-C1434665173,ZeroedOriginBalance
tx-567-C951711545-C1106131207,FraudTransaction
tx-567-C951711545-C1106131207,ZeroedOriginBalance
tx-567-C828281311-C1509838482,FraudTransaction
tx-567-C828281311-C1509838482,ZeroedOriginBalance
tx-567-C1811081989-C2017746701,FraudTransaction
tx-567-C1811081989-C2017746701,HighAmountTransfer
tx-567-C1811081989-C2017746701,ZeroedOriginBalance
tx-567-C111188799-C493262477,FraudTransaction
tx-567-C111188799-C493262477,HighAmountTransfer
tx-567-C111188799-C493262477,ZeroedOriginBalance
tx-568-C22695246-C750661088,FraudTransaction
tx-568-C22695246-C750661088,HighAmountTransfer
tx-568-C22695246-C750661088,ZeroedOriginBalance
tx-568-C1043293861-C231660660,FraudTransaction
tx-568-C1043293861-C231660660,HighAmountTransfer
tx-568-C1043293861-C231660660,ZeroedOriginBalance
tx-568-C1716123140-C1857609531,FraudTransaction
tx-568-C1716123140-C1857609531,ZeroedOriginBalance
tx-568-C898478782-C1897016446,FraudTransaction
tx-568-C898478782-C1897016446,ZeroedOriginBalance
tx-568-C1726916988-C1871680128,FraudTransaction
tx-568-C1726916988-C1871680128,ZeroedOriginBalance
tx-568-C598860106-C2038068199,FraudTransaction
tx-568-C598860106-C2038068199,ZeroedOriginBalance
tx-568-C574884951-C174185198,FraudTransaction
tx-568-C574884951-C174185198,ZeroedOriginBalance
tx-568-C642401754-C1650668671,FraudTransaction
tx-568-C642401754-C1650668671,ZeroedOriginBalance
tx-568-C642401754-C1650668671,RepeatedFraudDestination
tx-568-C1129139063-C1828742646,FraudTransaction
tx-568-C1129139063-C1828742646,ZeroedOriginBalance
tx-568-C1737756635-C1532114451,FraudTransaction
tx-568-C1737756635-C1532114451,ZeroedOriginBalance
tx-568-C1706066378-C1293124691,FraudTransaction
tx-568-C1706066378-C1293124691,HighAmountTransfer
tx-568-C1706066378-C1293124691,ZeroedOriginBalance
tx-568-C287337523-C857187005,FraudTransaction
tx-568-C287337523-C857187005,HighAmountTransfer
tx-568-C287337523-C857187005,ZeroedOriginBalance
tx-568-C949980051-C1466673689,FraudTransaction
tx-568-C949980051-C1466673689,ZeroedOriginBalance
tx-568-C2134024588-C492914405,FraudTransaction
tx-568-C2134024588-C492914405,ZeroedOriginBalance
tx-569-C1081559148-C1173891780,FraudTransaction
tx-569-C1081559148-C1173891780,ZeroedOriginBalance
tx-569-C857985850-C1545652297,FraudTransaction
tx-569-C857985850-C1545652297,ZeroedOriginBalance
tx-569-C1275321415-C1417015196,FraudTransaction
tx-569-C1275321415-C1417015196,ZeroedOriginBalance
tx-569-C1252081364-C327344476,FraudTransaction
tx-569-C1252081364-C327344476,ZeroedOriginBalance
tx-569-C639357129-C179997962,FraudTransaction
tx-569-C639357129-C179997962,HighAmountTransfer
tx-569-C639357129-C179997962,ZeroedOriginBalance
tx-569-C694643897-C210678404,FraudTransaction
tx-569-C694643897-C210678404,HighAmountTransfer
tx-569-C694643897-C210678404,ZeroedOriginBalance
tx-569-C862057815-C1962362775,FraudTransaction
tx-569-C862057815-C1962362775,ZeroedOriginBalance
tx-569-C1522253641-C104739224,FraudTransaction
tx-569-C1522253641-C104739224,ZeroedOriginBalance
tx-569-C44492718-C2136380114,FraudTransaction
tx-569-C44492718-C2136380114,ZeroedOriginBalance
tx-569-C2095247665-C759846487,FraudTransaction
tx-569-C2095247665-C759846487,ZeroedOriginBalance
tx-569-C1117819828-C675389244,FraudTransaction
tx-569-C1117819828-C675389244,ZeroedOriginBalance
tx-569-C200350640-C1001258143,FraudTransaction
tx-569-C200350640-C1001258143,ZeroedOriginBalance
tx-569-C1445328479-C1305022941,FraudTransaction
tx-569-C1445328479-C1305022941,ZeroedOriginBalance
tx-569-C2077002700-C1412132938,FraudTransaction
tx-569-C2077002700-C1412132938,ZeroedOriginBalance
tx-570-C414924099-C1028145204,FraudTransaction
tx-570-C414924099-C1028145204,HighAmountTransfer
tx-570-C414924099-C1028145204,ZeroedOriginBalance
tx-570-C1020706862-C197568140,FraudTransaction
tx-570-C1020706862-C197568140,HighAmountTransfer
tx-570-C1020706862-C197568140,ZeroedOriginBalance
tx-570-C382312588-C114627668,FraudTransaction
tx-570-C382312588-C114627668,HighAmountTransfer
tx-570-C382312588-C114627668,ZeroedOriginBalance
tx-570-C1546564200-C1313698236,FraudTransaction
tx-570-C1546564200-C1313698236,HighAmountTransfer
tx-570-C1546564200-C1313698236,ZeroedOriginBalance
tx-570-C125027888-C200984272,FraudTransaction
tx-570-C125027888-C200984272,ZeroedOriginBalance
tx-570-C1615186994-C204813389,FraudTransaction
tx-570-C1615186994-C204813389,ZeroedOriginBalance
tx-570-C940426725-C2024297782,FraudTransaction
tx-570-C940426725-C2024297782,ZeroedOriginBalance
tx-570-C437016354-C1109457703,FraudTransaction
tx-570-C437016354-C1109457703,ZeroedOriginBalance
tx-570-C2117251684-C1002454874,FraudTransaction
tx-570-C2117251684-C1002454874,HighAmountTransfer
tx-570-C2117251684-C1002454874,ZeroedOriginBalance
tx-570-C1396198422-C1612235515,FraudTransaction
tx-570-C1396198422-C1612235515,HighAmountTransfer
tx-570-C1396198422-C1612235515,ZeroedOriginBalance
tx-571-C2141717111-C765286683,FraudTransaction
tx-571-C2141717111-C765286683,ZeroedOriginBalance
tx-571-C1856352651-C1424624531,FraudTransaction
tx-571-C1856352651-C1424624531,ZeroedOriginBalance
tx-571-C1222331901-C1807976680,FraudTransaction
tx-571-C1222331901-C1807976680,ZeroedOriginBalance
tx-571-C1970471613-C222800798,FraudTransaction
tx-571-C1970471613-C222800798,ZeroedOriginBalance
tx-571-C1587077521-C1055395176,FraudTransaction
tx-571-C1587077521-C1055395176,HighAmountTransfer
tx-571-C1587077521-C1055395176,ZeroedOriginBalance
tx-571-C27748996-C575547051,FraudTransaction
tx-571-C27748996-C575547051,HighAmountTransfer
tx-571-C27748996-C575547051,ZeroedOriginBalance
tx-571-C1824832206-C1489226533,FraudTransaction
tx-571-C1824832206-C1489226533,HighAmountTransfer
tx-571-C1824832206-C1489226533,ZeroedOriginBalance
tx-571-C1461596446-C1669818195,FraudTransaction
tx-571-C1461596446-C1669818195,HighAmountTransfer
tx-571-C1461596446-C1669818195,ZeroedOriginBalance
tx-571-C1461596446-C1669818195,RepeatedFraudDestination
tx-571-C1077004516-C1973933837,FraudTransaction
tx-571-C1077004516-C1973933837,ZeroedOriginBalance
tx-571-C1491819514-C1842119027,FraudTransaction
tx-571-C1491819514-C1842119027,ZeroedOriginBalance
tx-572-C1308715820-C997543700,FraudTransaction
tx-572-C1308715820-C997543700,ZeroedOriginBalance
tx-572-C80837759-C1302224324,FraudTransaction
tx-572-C80837759-C1302224324,ZeroedOriginBalance
tx-572-C510551701-C1180976855,FraudTransaction
tx-572-C510551701-C1180976855,HighAmountTransfer
tx-572-C510551701-C1180976855,ZeroedOriginBalance
tx-572-C1426906570-C154319946,FraudTransaction
tx-572-C1426906570-C154319946,HighAmountTransfer
tx-572-C1426906570-C154319946,ZeroedOriginBalance
tx-572-C149758209-C519616178,FraudTransaction
tx-572-C149758209-C519616178,ZeroedOriginBalance
tx-572-C364720575-C911165143,FraudTransaction
tx-572-C364720575-C911165143,ZeroedOriginBalance
tx-572-C2022356819-C1437688339,FraudTransaction
tx-572-C2022356819-C1437688339,HighAmountTransfer
tx-572-C2022356819-C1437688339,ZeroedOriginBalance
tx-572-C1272694533-C2033398218,FraudTransaction
tx-572-C1272694533-C2033398218,HighAmountTransfer
tx-572-C1272694533-C2033398218,ZeroedOriginBalance
tx-572-C710869590-C493995477,FraudTransaction
tx-572-C710869590-C493995477,ZeroedOriginBalance
tx-572-C1444150891-C468200037,FraudTransaction
tx-572-C1444150891-C468200037,ZeroedOriginBalance
tx-572-C2072964053-C1016759454,FraudTransaction
tx-572-C2072964053-C1016759454,HighAmountTransfer
tx-572-C2072964053-C1016759454,ZeroedOriginBalance
tx-572-C1861810254-C755630552,FraudTransaction
tx-572-C1861810254-C755630552,HighAmountTransfer
tx-572-C1861810254-C755630552,ZeroedOriginBalance
tx-572-C1013385845-C1547908337,FraudTransaction
tx-572-C1013385845-C1547908337,ZeroedOriginBalance
tx-572-C1968069428-C743933845,FraudTransaction
tx-572-C1968069428-C743933845,ZeroedOriginBalance
tx-572-C2031273483-C747315948,FraudTransaction
tx-572-C2031273483-C747315948,ZeroedOriginBalance
tx-572-C1350659055-C2055659976,FraudTransaction
tx-572-C1350659055-C2055659976,ZeroedOriginBalance
tx-572-C1412560680-C2103355598,FraudTransaction
tx-572-C1412560680-C2103355598,ZeroedOriginBalance
tx-572-C1403093345-C1655653682,FraudTransaction
tx-572-C1403093345-C1655653682,ZeroedOriginBalance
tx-573-C772620167-C1673264312,FraudTransaction
tx-573-C772620167-C1673264312,HighAmountTransfer
tx-573-C772620167-C1673264312,ZeroedOriginBalance
tx-573-C664375770-C1213183928,FraudTransaction
tx-573-C664375770-C1213183928,HighAmountTransfer
tx-573-C664375770-C1213183928,ZeroedOriginBalance
tx-573-C2120513600-C975127788,FraudTransaction
tx-573-C2120513600-C975127788,ZeroedOriginBalance
tx-573-C629419411-C1272218785,FraudTransaction
tx-573-C629419411-C1272218785,ZeroedOriginBalance
tx-573-C273035023-C1377929083,FraudTransaction
tx-573-C273035023-C1377929083,ZeroedOriginBalance
tx-573-C39636899-C42157901,FraudTransaction
tx-573-C39636899-C42157901,ZeroedOriginBalance
tx-573-C653094177-C1710300918,FraudTransaction
tx-573-C653094177-C1710300918,ZeroedOriginBalance
tx-573-C450782452-C610652311,FraudTransaction
tx-573-C450782452-C610652311,ZeroedOriginBalance
tx-574-C1649037642-C1806065948,FraudTransaction
tx-574-C1649037642-C1806065948,ZeroedOriginBalance
tx-574-C678401003-C1491672544,FraudTransaction
tx-574-C678401003-C1491672544,ZeroedOriginBalance
tx-574-C418875558-C577502791,FraudTransaction
tx-574-C418875558-C577502791,ZeroedOriginBalance
tx-574-C1712457269-C356699181,FraudTransaction
tx-574-C1712457269-C356699181,ZeroedOriginBalance
tx-575-C872785069-C2067948985,FraudTransaction
tx-575-C872785069-C2067948985,HighAmountTransfer
tx-575-C872785069-C2067948985,ZeroedOriginBalance
tx-575-C1424077218-C684555437,FraudTransaction
tx-575-C1424077218-C684555437,HighAmountTransfer
tx-575-C1424077218-C684555437,ZeroedOriginBalance
tx-575-C1416504938-C1838587779,FraudTransaction
tx-575-C1416504938-C1838587779,ZeroedOriginBalance
tx-575-C1275541215-C1884505964,FraudTransaction
tx-575-C1275541215-C1884505964,ZeroedOriginBalance
tx-575-C1430180670-C273255421,FraudTransaction
tx-575-C1430180670-C273255421,ZeroedOriginBalance
tx-575-C202052762-C401158445,FraudTransaction
tx-575-C202052762-C401158445,ZeroedOriginBalance
tx-575-C695418375-C1804523786,FraudTransaction
tx-575-C695418375-C1804523786,ZeroedOriginBalance
tx-575-C1555514424-C252771333,FraudTransaction
tx-575-C1555514424-C252771333,ZeroedOriginBalance
tx-576-C1468373827-C77616403,FraudTransaction
tx-576-C1468373827-C77616403,ZeroedOriginBalance
tx-576-C1726615343-C1459697378,FraudTransaction
tx-576-C1726615343-C1459697378,ZeroedOriginBalance
tx-576-C1343655030-C1411383152,FraudTransaction
tx-576-C1343655030-C1411383152,ZeroedOriginBalance
tx-576-C399946871-C529880237,FraudTransaction
tx-576-C399946871-C529880237,ZeroedOriginBalance
tx-576-C1937124705-C1452792493,FraudTransaction
tx-576-C1937124705-C1452792493,ZeroedOriginBalance
tx-576-C1865310403-C1762365059,FraudTransaction
tx-576-C1865310403-C1762365059,ZeroedOriginBalance
tx-576-C1670593881-C782761393,FraudTransaction
tx-576-C1670593881-C782761393,HighAmountTransfer
tx-576-C1670593881-C782761393,ZeroedOriginBalance
tx-576-C1585759405-C1855735331,FraudTransaction
tx-576-C1585759405-C1855735331,HighAmountTransfer
tx-576-C1585759405-C1855735331,ZeroedOriginBalance
tx-576-C978784308-C1196475632,FraudTransaction
tx-576-C978784308-C1196475632,ZeroedOriginBalance
tx-576-C1126995065-C1039822411,FraudTransaction
tx-576-C1126995065-C1039822411,ZeroedOriginBalance
tx-576-C309402853-C679039485,FraudTransaction
tx-576-C309402853-C679039485,ZeroedOriginBalance
tx-576-C1511096245-C544317728,FraudTransaction
tx-576-C1511096245-C544317728,ZeroedOriginBalance
tx-576-C2092303293-C2311049,FraudTransaction
tx-576-C2092303293-C2311049,ZeroedOriginBalance
tx-576-C79473657-C1402186956,FraudTransaction
tx-576-C79473657-C1402186956,ZeroedOriginBalance
tx-577-C1600390479-C909892782,FraudTransaction
tx-577-C1600390479-C909892782,ZeroedOriginBalance
tx-577-C343064779-C851594091,FraudTransaction
tx-577-C343064779-C851594091,ZeroedOriginBalance
tx-577-C1677850525-C607738036,FraudTransaction
tx-577-C1677850525-C607738036,ZeroedOriginBalance
tx-577-C1282179379-C1943218565,FraudTransaction
tx-577-C1282179379-C1943218565,ZeroedOriginBalance
tx-577-C639529489-C1549495686,FraudTransaction
tx-577-C639529489-C1549495686,HighAmountTransfer
tx-577-C639529489-C1549495686,ZeroedOriginBalance
tx-577-C1626069370-C724673427,FraudTransaction
tx-577-C1626069370-C724673427,HighAmountTransfer
tx-577-C1626069370-C724673427,ZeroedOriginBalance
tx-577-C379022466-C1223894198,FraudTransaction
tx-577-C379022466-C1223894198,ZeroedOriginBalance
tx-577-C825596697-C751692069,FraudTransaction
tx-577-C825596697-C751692069,ZeroedOriginBalance
tx-577-C578629553-C249184120,FraudTransaction
tx-577-C578629553-C249184120,ZeroedOriginBalance
tx-577-C1902876077-C864236269,FraudTransaction
tx-577-C1902876077-C864236269,ZeroedOriginBalance
tx-577-C2139851324-C1773055339,FraudTransaction
tx-577-C2139851324-C1773055339,ZeroedOriginBalance
tx-577-C786298819-C1428966428,FraudTransaction
tx-577-C786298819-C1428966428,ZeroedOriginBalance
tx-578-C398973610-C1419555033,FraudTransaction
tx-578-C398973610-C1419555033,ZeroedOriginBalance
tx-578-C1183549962-C481798847,FraudTransaction
tx-578-C1183549962-C481798847,ZeroedOriginBalance
tx-578-C1782791756-C2094676196,FraudTransaction
tx-578-C1782791756-C2094676196,ZeroedOriginBalance
tx-578-C1469444378-C295334131,FraudTransaction
tx-578-C1469444378-C295334131,ZeroedOriginBalance
tx-578-C740943100-C1093087411,FraudTransaction
tx-578-C740943100-C1093087411,HighAmountTransfer
tx-578-C740943100-C1093087411,ZeroedOriginBalance
tx-578-C1742941865-C1310890311,FraudTransaction
tx-578-C1742941865-C1310890311,HighAmountTransfer
tx-578-C1742941865-C1310890311,ZeroedOriginBalance
tx-578-C1501869620-C1000367306,FraudTransaction
tx-578-C1501869620-C1000367306,ZeroedOriginBalance
tx-578-C669797835-C1179424644,FraudTransaction
tx-578-C669797835-C1179424644,ZeroedOriginBalance
tx-578-C1864986190-C1994735820,FraudTransaction
tx-578-C1864986190-C1994735820,ZeroedOriginBalance
tx-578-C1983934079-C328707077,FraudTransaction
tx-578-C1983934079-C328707077,ZeroedOriginBalance
tx-578-C305484258-C1150916602,FraudTransaction
tx-578-C305484258-C1150916602,ZeroedOriginBalance
tx-578-C1432343521-C961261892,FraudTransaction
tx-578-C1432343521-C961261892,ZeroedOriginBalance
tx-578-C699869751-C1904435627,FraudTransaction
tx-578-C699869751-C1904435627,ZeroedOriginBalance
tx-578-C1320627151-C166405434,FraudTransaction
tx-578-C1320627151-C166405434,ZeroedOriginBalance
tx-578-C171913959-C610195484,FraudTransaction
tx-578-C171913959-C610195484,ZeroedOriginBalance
tx-578-C984782155-C1461492607,FraudTransaction
tx-578-C984782155-C1461492607,ZeroedOriginBalance
tx-578-C1756348910-C1746536582,FraudTransaction
tx-578-C1756348910-C1746536582,HighAmountTransfer
tx-578-C1756348910-C1746536582,ZeroedOriginBalance
tx-578-C789526780-C1905238884,FraudTransaction
tx-578-C789526780-C1905238884,HighAmountTransfer
tx-578-C789526780-C1905238884,ZeroedOriginBalance
tx-578-C2030633531-C1537336209,FraudTransaction
tx-578-C2030633531-C1537336209,ZeroedOriginBalance
tx-578-C653654841-C1065862739,FraudTransaction
tx-578-C653654841-C1065862739,ZeroedOriginBalance
tx-579-C162812306-C2127407367,FraudTransaction
tx-579-C162812306-C2127407367,HighAmountTransfer
tx-579-C162812306-C2127407367,ZeroedOriginBalance
tx-579-C113225350-C884857756,FraudTransaction
tx-579-C113225350-C884857756,HighAmountTransfer
tx-579-C113225350-C884857756,ZeroedOriginBalance
tx-579-C1274544865-C1571596943,FraudTransaction
tx-579-C1274544865-C1571596943,ZeroedOriginBalance
tx-579-C368733095-C188653077,FraudTransaction
tx-579-C368733095-C188653077,ZeroedOriginBalance
tx-579-C1055490123-C1000836187,FraudTransaction
tx-579-C1055490123-C1000836187,HighAmountTransfer
tx-579-C1055490123-C1000836187,ZeroedOriginBalance
tx-579-C1163510414-C1781841279,FraudTransaction
tx-579-C1163510414-C1781841279,HighAmountTransfer
tx-579-C1163510414-C1781841279,ZeroedOriginBalance
tx-579-C1312636878-C1253283859,FraudTransaction
tx-579-C1312636878-C1253283859,ZeroedOriginBalance
tx-579-C148685565-C2026565433,FraudTransaction
tx-579-C148685565-C2026565433,ZeroedOriginBalance
tx-579-C2059792501-C882172287,FraudTransaction
tx-579-C2059792501-C882172287,HighAmountTransfer
tx-579-C2059792501-C882172287,ZeroedOriginBalance
tx-579-C1904414737-C2037994906,FraudTransaction
tx-579-C1904414737-C2037994906,HighAmountTransfer
tx-579-C1904414737-C2037994906,ZeroedOriginBalance
tx-579-C1458012832-C1315489161,FraudTransaction
tx-579-C1458012832-C1315489161,ZeroedOriginBalance
tx-579-C952265131-C502635125,FraudTransaction
tx-579-C952265131-C502635125,ZeroedOriginBalance
tx-580-C561189362-C1608195896,FraudTransaction
tx-580-C561189362-C1608195896,ZeroedOriginBalance
tx-580-C928957738-C1615749242,FraudTransaction
tx-580-C928957738-C1615749242,ZeroedOriginBalance
tx-580-C261904702-C152930989,FraudTransaction
tx-580-C261904702-C152930989,ZeroedOriginBalance
tx-580-C1311418994-C294852221,FraudTransaction
tx-580-C1311418994-C294852221,ZeroedOriginBalance
tx-580-C937056998-C48363551,FraudTransaction
tx-580-C937056998-C48363551,ZeroedOriginBalance
tx-580-C750260053-C1495197432,FraudTransaction
tx-580-C750260053-C1495197432,ZeroedOriginBalance
tx-580-C542286899-C1537390237,FraudTransaction
tx-580-C542286899-C1537390237,HighAmountTransfer
tx-580-C542286899-C1537390237,ZeroedOriginBalance
tx-580-C1291634123-C229406556,FraudTransaction
tx-580-C1291634123-C229406556,HighAmountTransfer
tx-580-C1291634123-C229406556,ZeroedOriginBalance
tx-580-C579184994-C855476478,FraudTransaction
tx-580-C579184994-C855476478,ZeroedOriginBalance
tx-580-C1683118896-C1072985725,FraudTransaction
tx-580-C1683118896-C1072985725,ZeroedOriginBalance
tx-581-C27960358-C1910414505,FraudTransaction
tx-581-C27960358-C1910414505,ZeroedOriginBalance
tx-581-C333294363-C1007502617,FraudTransaction
tx-581-C333294363-C1007502617,ZeroedOriginBalance
tx-581-C1691713014-C71357990,FraudTransaction
tx-581-C1691713014-C71357990,ZeroedOriginBalance
tx-581-C1511917182-C30026767,FraudTransaction
tx-581-C1511917182-C30026767,ZeroedOriginBalance
tx-581-C239145615-C1124752775,FraudTransaction
tx-581-C239145615-C1124752775,ZeroedOriginBalance
tx-581-C1882912047-C845050993,FraudTransaction
tx-581-C1882912047-C845050993,ZeroedOriginBalance
tx-581-C1070533651-C1336603610,FraudTransaction
tx-581-C1070533651-C1336603610,ZeroedOriginBalance
tx-581-C357089378-C566073834,FraudTransaction
tx-581-C357089378-C566073834,ZeroedOriginBalance
tx-581-C2033083147-C320568622,FraudTransaction
tx-581-C2033083147-C320568622,HighAmountTransfer
tx-581-C2033083147-C320568622,ZeroedOriginBalance
tx-581-C1439743203-C1986745369,FraudTransaction
tx-581-C1439743203-C1986745369,HighAmountTransfer
tx-581-C1439743203-C1986745369,ZeroedOriginBalance
tx-582-C646587946-C1426895610,FraudTransaction
tx-582-C646587946-C1426895610,ZeroedOriginBalance
tx-582-C1367702961-C2040799056,FraudTransaction
tx-582-C1367702961-C2040799056,ZeroedOriginBalance
tx-582-C1833008968-C757160228,FraudTransaction
tx-582-C1833008968-C757160228,ZeroedOriginBalance
tx-582-C230128781-C423923937,FraudTransaction
tx-582-C230128781-C423923937,ZeroedOriginBalance
tx-582-C879600285-C1125433623,FraudTransaction
tx-582-C879600285-C1125433623,ZeroedOriginBalance
tx-582-C1075053079-C875621777,FraudTransaction
tx-582-C1075053079-C875621777,ZeroedOriginBalance
tx-582-C2033700175-C655923955,FraudTransaction
tx-582-C2033700175-C655923955,HighAmountTransfer
tx-582-C2033700175-C655923955,ZeroedOriginBalance
tx-582-C62391457-C1290160681,FraudTransaction
tx-582-C62391457-C1290160681,HighAmountTransfer
tx-582-C62391457-C1290160681,ZeroedOriginBalance
tx-582-C1874090524-C152963065,FraudTransaction
tx-582-C1874090524-C152963065,HighAmountTransfer
tx-582-C1874090524-C152963065,ZeroedOriginBalance
tx-582-C745199175-C593287282,FraudTransaction
tx-582-C745199175-C593287282,HighAmountTransfer
tx-582-C745199175-C593287282,ZeroedOriginBalance
tx-582-C2113990819-C529741331,FraudTransaction
tx-582-C2113990819-C529741331,HighAmountTransfer
tx-582-C2113990819-C529741331,ZeroedOriginBalance
tx-582-C1599110470-C1024005530,FraudTransaction
tx-582-C1599110470-C1024005530,HighAmountTransfer
tx-582-C1599110470-C1024005530,ZeroedOriginBalance
tx-582-C641053431-C909074083,FraudTransaction
tx-582-C641053431-C909074083,HighAmountTransfer
tx-582-C641053431-C909074083,ZeroedOriginBalance
tx-582-C1648383630-C2144732006,FraudTransaction
tx-582-C1648383630-C2144732006,HighAmountTransfer
tx-582-C1648383630-C2144732006,ZeroedOriginBalance
tx-582-C1611252661-C1335840122,FraudTransaction
tx-582-C1611252661-C1335840122,ZeroedOriginBalance
tx-582-C1447139298-C1487365268,FraudTransaction
tx-582-C1447139298-C1487365268,ZeroedOriginBalance
tx-583-C1517430908-C268696158,FraudTransaction
tx-583-C1517430908-C268696158,ZeroedOriginBalance
tx-583-C727455113-C1934242294,FraudTransaction
tx-583-C727455113-C1934242294,ZeroedOriginBalance
tx-583-C1642524943-C715170172,FraudTransaction
tx-583-C1642524943-C715170172,ZeroedOriginBalance
tx-583-C1292819239-C1301956941,FraudTransaction
tx-583-C1292819239-C1301956941,ZeroedOriginBalance
tx-583-C108276530-C28074896,FraudTransaction
tx-583-C108276530-C28074896,HighAmountTransfer
tx-583-C108276530-C28074896,ZeroedOriginBalance
tx-583-C1297057320-C2133001459,FraudTransaction
tx-583-C1297057320-C2133001459,HighAmountTransfer
tx-583-C1297057320-C2133001459,ZeroedOriginBalance
tx-583-C469202951-C1107076598,FraudTransaction
tx-583-C469202951-C1107076598,ZeroedOriginBalance
tx-583-C538660797-C595029020,FraudTransaction
tx-583-C538660797-C595029020,ZeroedOriginBalance
tx-583-C126999863-C1842013922,FraudTransaction
tx-583-C126999863-C1842013922,ZeroedOriginBalance
tx-583-C912160043-C1271530552,FraudTransaction
tx-583-C912160043-C1271530552,ZeroedOriginBalance
tx-583-C382272679-C1390800148,FraudTransaction
tx-583-C382272679-C1390800148,ZeroedOriginBalance
tx-583-C1817565028-C1623972064,FraudTransaction
tx-583-C1817565028-C1623972064,ZeroedOriginBalance
tx-583-C1696909244-C1197995653,FraudTransaction
tx-583-C1696909244-C1197995653,HighAmountTransfer
tx-583-C1696909244-C1197995653,ZeroedOriginBalance
tx-583-C538317086-C1665512792,FraudTransaction
tx-583-C538317086-C1665512792,HighAmountTransfer
tx-583-C538317086-C1665512792,ZeroedOriginBalance
tx-583-C2116343175-C532704190,FraudTransaction
tx-583-C2116343175-C532704190,ZeroedOriginBalance
tx-583-C1007207376-C1470971810,FraudTransaction
tx-583-C1007207376-C1470971810,ZeroedOriginBalance
tx-584-C2094444528-C1305219704,FraudTransaction
tx-584-C2094444528-C1305219704,HighAmountTransfer
tx-584-C2094444528-C1305219704,ZeroedOriginBalance
tx-584-C1819971579-C1976692197,FraudTransaction
tx-584-C1819971579-C1976692197,HighAmountTransfer
tx-584-C1819971579-C1976692197,ZeroedOriginBalance
tx-584-C86523774-C262188325,FraudTransaction
tx-584-C86523774-C262188325,ZeroedOriginBalance
tx-584-C1852471994-C1798782759,FraudTransaction
tx-584-C1852471994-C1798782759,ZeroedOriginBalance
tx-584-C956307325-C59005653,FraudTransaction
tx-584-C956307325-C59005653,ZeroedOriginBalance
tx-584-C838054431-C371291592,FraudTransaction
tx-584-C838054431-C371291592,ZeroedOriginBalance
tx-584-C771874815-C339883956,FraudTransaction
tx-584-C771874815-C339883956,ZeroedOriginBalance
tx-584-C743026974-C1575584182,FraudTransaction
tx-584-C743026974-C1575584182,ZeroedOriginBalance
tx-585-C1448634544-C2054992748,FraudTransaction
tx-585-C1448634544-C2054992748,HighAmountTransfer
tx-585-C1448634544-C2054992748,ZeroedOriginBalance
tx-585-C1320375746-C2056964049,FraudTransaction
tx-585-C1320375746-C2056964049,HighAmountTransfer
tx-585-C1320375746-C2056964049,ZeroedOriginBalance
tx-585-C938594796-C403817977,FraudTransaction
tx-585-C938594796-C403817977,ZeroedOriginBalance
tx-585-C1713242347-C1102790873,FraudTransaction
tx-585-C1713242347-C1102790873,ZeroedOriginBalance
tx-585-C1847025661-C17300850,FraudTransaction
tx-585-C1847025661-C17300850,HighAmountTransfer
tx-585-C1847025661-C17300850,ZeroedOriginBalance
tx-585-C34029186-C1653962033,FraudTransaction
tx-585-C34029186-C1653962033,HighAmountTransfer
tx-585-C34029186-C1653962033,ZeroedOriginBalance
tx-586-C1979114980-C617558864,FraudTransaction
tx-586-C1979114980-C617558864,HighAmountTransfer
tx-586-C701712936-C704752055,FraudTransaction
tx-586-C701712936-C704752055,HighAmountTransfer
tx-586-C701712936-C704752055,ZeroedOriginBalance
tx-586-C1936484732-C1554273675,FraudTransaction
tx-586-C1936484732-C1554273675,HighAmountTransfer
tx-586-C99979309-C427067936,FraudTransaction
tx-586-C99979309-C427067936,HighAmountTransfer
tx-586-C99979309-C427067936,ZeroedOriginBalance
tx-586-C1198427314-C532935388,FraudTransaction
tx-586-C1198427314-C532935388,HighAmountTransfer
tx-586-C1952386173-C1054420449,FraudTransaction
tx-586-C1952386173-C1054420449,HighAmountTransfer
tx-586-C1952386173-C1054420449,ZeroedOriginBalance
tx-586-C1684585475-C1770418982,FraudTransaction
tx-586-C1303719003-C900608348,FraudTransaction
tx-586-C1168747121-C1191561711,FraudTransaction
tx-586-C1168747121-C1191561711,HighAmountTransfer
tx-586-C1168747121-C1191561711,ZeroedOriginBalance
tx-586-C648614053-C213455810,FraudTransaction
tx-586-C648614053-C213455810,HighAmountTransfer
tx-586-C648614053-C213455810,ZeroedOriginBalance
tx-586-C1191013532-C1362497299,FraudTransaction
tx-586-C1191013532-C1362497299,ZeroedOriginBalance
tx-586-C1152264725-C552488033,FraudTransaction
tx-586-C1152264725-C552488033,ZeroedOriginBalance
tx-587-C1794826326-C1839188526,FraudTransaction
tx-587-C1794826326-C1839188526,HighAmountTransfer
tx-587-C1794826326-C1839188526,ZeroedOriginBalance
tx-587-C1143706946-C62441091,FraudTransaction
tx-587-C1143706946-C62441091,HighAmountTransfer
tx-587-C1143706946-C62441091,ZeroedOriginBalance
tx-587-C1119643786-C665763176,FraudTransaction
tx-587-C1119643786-C665763176,ZeroedOriginBalance
tx-587-C2091624408-C1723976669,FraudTransaction
tx-587-C2091624408-C1723976669,ZeroedOriginBalance
tx-587-C684914427-C1298141757,FraudTransaction
tx-587-C684914427-C1298141757,ZeroedOriginBalance
tx-587-C747807405-C1626435934,FraudTransaction
tx-587-C747807405-C1626435934,ZeroedOriginBalance
tx-588-C875659264-C656468700,FraudTransaction
tx-588-C875659264-C656468700,HighAmountTransfer
tx-588-C875659264-C656468700,ZeroedOriginBalance
tx-588-C72780172-C1401301607,FraudTransaction
tx-588-C72780172-C1401301607,HighAmountTransfer
tx-588-C72780172-C1401301607,ZeroedOriginBalance
tx-588-C1978188091-C2119788875,FraudTransaction
tx-588-C1978188091-C2119788875,ZeroedOriginBalance
tx-588-C1552716986-C562686021,FraudTransaction
tx-588-C1552716986-C562686021,ZeroedOriginBalance
tx-588-C380770269-C1627516531,FraudTransaction
tx-588-C380770269-C1627516531,ZeroedOriginBalance
tx-588-C1266869176-C1420115027,FraudTransaction
tx-588-C1266869176-C1420115027,ZeroedOriginBalance
tx-588-C269855064-C501496280,FraudTransaction
tx-588-C269855064-C501496280,ZeroedOriginBalance
tx-588-C1105637215-C965761835,FraudTransaction
tx-588-C1105637215-C965761835,ZeroedOriginBalance
tx-588-C403920383-C1295775030,FraudTransaction
tx-588-C403920383-C1295775030,HighAmountTransfer
tx-588-C403920383-C1295775030,ZeroedOriginBalance
tx-588-C628191436-C1265889707,FraudTransaction
tx-588-C628191436-C1265889707,HighAmountTransfer
tx-588-C628191436-C1265889707,ZeroedOriginBalance
tx-588-C158107146-C1790666216,FraudTransaction
tx-588-C158107146-C1790666216,ZeroedOriginBalance
tx-588-C1725698995-C62219962,FraudTransaction
tx-588-C1725698995-C62219962,ZeroedOriginBalance
tx-589-C1886638002-C1463059091,FraudTransaction
tx-589-C1886638002-C1463059091,ZeroedOriginBalance
tx-589-C337181561-C701761965,FraudTransaction
tx-589-C337181561-C701761965,ZeroedOriginBalance
tx-590-C2137896854-C857500368,FraudTransaction
tx-590-C2137896854-C857500368,ZeroedOriginBalance
tx-590-C104610866-C1054580696,FraudTransaction
tx-590-C104610866-C1054580696,ZeroedOriginBalance
tx-590-C99777022-C1293054984,FraudTransaction
tx-590-C99777022-C1293054984,ZeroedOriginBalance
tx-590-C1430477508-C1344272821,FraudTransaction
tx-590-C1430477508-C1344272821,ZeroedOriginBalance
tx-590-C1884000068-C251292280,FraudTransaction
tx-590-C1884000068-C251292280,HighAmountTransfer
tx-590-C1884000068-C251292280,ZeroedOriginBalance
tx-590-C1817837968-C925171074,FraudTransaction
tx-590-C1817837968-C925171074,HighAmountTransfer
tx-590-C1817837968-C925171074,ZeroedOriginBalance
tx-590-C916884733-C829501774,FraudTransaction
tx-590-C916884733-C829501774,ZeroedOriginBalance
tx-590-C1927794445-C2023155598,FraudTransaction
tx-590-C1927794445-C2023155598,ZeroedOriginBalance
tx-591-C355787543-C2072616549,FraudTransaction
tx-591-C355787543-C2072616549,HighAmountTransfer
tx-591-C355787543-C2072616549,ZeroedOriginBalance
tx-591-C819607740-C346707940,FraudTransaction
tx-591-C819607740-C346707940,HighAmountTransfer
tx-591-C819607740-C346707940,ZeroedOriginBalance
tx-591-C1366387168-C82363248,FraudTransaction
tx-591-C1366387168-C82363248,ZeroedOriginBalance
tx-591-C1392276809-C1315942882,FraudTransaction
tx-591-C1392276809-C1315942882,ZeroedOriginBalance
tx-591-C328975820-C1645485854,FraudTransaction
tx-591-C328975820-C1645485854,ZeroedOriginBalance
tx-591-C1233092662-C308195819,FraudTransaction
tx-591-C1233092662-C308195819,ZeroedOriginBalance
tx-591-C1387397359-C1005726924,FraudTransaction
tx-591-C1387397359-C1005726924,ZeroedOriginBalance
tx-591-C348872847-C1071160283,FraudTransaction
tx-591-C348872847-C1071160283,ZeroedOriginBalance
tx-591-C1751567663-C129769872,FraudTransaction
tx-591-C1751567663-C129769872,ZeroedOriginBalance
tx-591-C1997221686-C1705000386,FraudTransaction
tx-591-C1997221686-C1705000386,ZeroedOriginBalance
tx-591-C432403364-C1905990879,FraudTransaction
tx-591-C432403364-C1905990879,HighAmountTransfer
tx-591-C432403364-C1905990879,ZeroedOriginBalance
tx-591-C2084263514-C1480456939,FraudTransaction
tx-591-C2084263514-C1480456939,HighAmountTransfer
tx-591-C2084263514-C1480456939,ZeroedOriginBalance
tx-592-C2050469537-C2018291358,FraudTransaction
tx-592-C2050469537-C2018291358,ZeroedOriginBalance
tx-592-C703277110-C1675768938,FraudTransaction
tx-592-C703277110-C1675768938,ZeroedOriginBalance
tx-592-C137478420-C100691765,FraudTransaction
tx-592-C137478420-C100691765,ZeroedOriginBalance
tx-592-C131199741-C1863134170,FraudTransaction
tx-592-C131199741-C1863134170,ZeroedOriginBalance
tx-592-C902859339-C1563520398,FraudTransaction
tx-592-C902859339-C1563520398,HighAmountTransfer
tx-592-C902859339-C1563520398,ZeroedOriginBalance
tx-592-C408490456-C1143989341,FraudTransaction
tx-592-C408490456-C1143989341,HighAmountTransfer
tx-592-C408490456-C1143989341,ZeroedOriginBalance
tx-592-C1142182296-C864699609,FraudTransaction
tx-592-C1142182296-C864699609,HighAmountTransfer
tx-592-C1142182296-C864699609,ZeroedOriginBalance
tx-592-C1392925972-C163506875,FraudTransaction
tx-592-C1392925972-C163506875,HighAmountTransfer
tx-592-C1392925972-C163506875,ZeroedOriginBalance
tx-592-C1567802675-C537034924,FraudTransaction
tx-592-C1567802675-C537034924,ZeroedOriginBalance
tx-592-C1023266164-C1938541482,FraudTransaction
tx-592-C1023266164-C1938541482,ZeroedOriginBalance
tx-593-C1010536295-C468476477,FraudTransaction
tx-593-C1010536295-C468476477,ZeroedOriginBalance
tx-593-C1054530162-C1289473924,FraudTransaction
tx-593-C1054530162-C1289473924,ZeroedOriginBalance
tx-593-C934206138-C1481637104,FraudTransaction
tx-593-C934206138-C1481637104,ZeroedOriginBalance
tx-593-C1198861647-C490114096,FraudTransaction
tx-593-C1198861647-C490114096,ZeroedOriginBalance
tx-594-C1472409848-C1834867853,FraudTransaction
tx-594-C1472409848-C1834867853,ZeroedOriginBalance
tx-594-C1146444663-C1365176393,FraudTransaction
tx-594-C1146444663-C1365176393,ZeroedOriginBalance
tx-594-C866814625-C1236893670,FraudTransaction
tx-594-C866814625-C1236893670,HighAmountTransfer
tx-594-C866814625-C1236893670,ZeroedOriginBalance
tx-594-C1309793082-C1658727792,FraudTransaction
tx-594-C1309793082-C1658727792,HighAmountTransfer
tx-594-C1309793082-C1658727792,ZeroedOriginBalance
tx-594-C1292366795-C1609670189,FraudTransaction
tx-594-C1292366795-C1609670189,ZeroedOriginBalance
tx-594-C1206877978-C1775827036,FraudTransaction
tx-594-C1206877978-C1775827036,ZeroedOriginBalance
tx-594-C1194128731-C525809743,FraudTransaction
tx-594-C1194128731-C525809743,ZeroedOriginBalance
tx-594-C543137338-C1467736806,FraudTransaction
tx-594-C543137338-C1467736806,ZeroedOriginBalance
tx-594-C1795352454-C1651836759,FraudTransaction
tx-594-C1795352454-C1651836759,ZeroedOriginBalance
tx-594-C56548333-C599619292,FraudTransaction
tx-594-C56548333-C599619292,ZeroedOriginBalance
tx-595-C568168780-C745946273,FraudTransaction
tx-595-C568168780-C745946273,ZeroedOriginBalance
tx-595-C1406154490-C423223953,FraudTransaction
tx-595-C1406154490-C423223953,ZeroedOriginBalance
tx-595-C1393741272-C858651729,FraudTransaction
tx-595-C1393741272-C858651729,ZeroedOriginBalance
tx-595-C1914819336-C1718348332,FraudTransaction
tx-595-C1914819336-C1718348332,ZeroedOriginBalance
tx-595-C445829500-C808764637,FraudTransaction
tx-595-C445829500-C808764637,HighAmountTransfer
tx-595-C445829500-C808764637,ZeroedOriginBalance
tx-595-C1720700967-C126465799,FraudTransaction
tx-595-C1720700967-C126465799,HighAmountTransfer
tx-595-C1720700967-C126465799,ZeroedOriginBalance
tx-595-C1676610572-C1173805843,FraudTransaction
tx-595-C1676610572-C1173805843,ZeroedOriginBalance
tx-595-C228196194-C253339392,FraudTransaction
tx-595-C228196194-C253339392,ZeroedOriginBalance
tx-595-C1990249992-C410556619,FraudTransaction
tx-595-C1990249992-C410556619,ZeroedOriginBalance
tx-595-C133235498-C975263460,FraudTransaction
tx-595-C133235498-C975263460,ZeroedOriginBalance
tx-595-C1422736429-C420728464,FraudTransaction
tx-595-C1422736429-C420728464,ZeroedOriginBalance
tx-595-C851990266-C78561633,FraudTransaction
tx-595-C851990266-C78561633,ZeroedOriginBalance
tx-596-C1025875217-C918049082,FraudTransaction
tx-596-C1025875217-C918049082,ZeroedOriginBalance
tx-596-C502036352-C1774504207,FraudTransaction
tx-596-C502036352-C1774504207,ZeroedOriginBalance
tx-596-C959692250-C665462756,FraudTransaction
tx-596-C959692250-C665462756,ZeroedOriginBalance
tx-596-C249207419-C1620122433,FraudTransaction
tx-596-C249207419-C1620122433,ZeroedOriginBalance
tx-596-C569564677-C1231868978,FraudTransaction
tx-596-C569564677-C1231868978,ZeroedOriginBalance
tx-596-C611134778-C686935058,FraudTransaction
tx-596-C611134778-C686935058,ZeroedOriginBalance
tx-596-C1892500400-C517910337,FraudTransaction
tx-596-C1892500400-C517910337,ZeroedOriginBalance
tx-596-C357911107-C1450973124,FraudTransaction
tx-596-C357911107-C1450973124,ZeroedOriginBalance
tx-597-C865385437-C1194230727,FraudTransaction
tx-597-C865385437-C1194230727,HighAmountTransfer
tx-597-C865385437-C1194230727,ZeroedOriginBalance
tx-597-C1574416258-C1664584911,FraudTransaction
tx-597-C1574416258-C1664584911,HighAmountTransfer
tx-597-C1574416258-C1664584911,ZeroedOriginBalance
tx-597-C1447448314-C435023373,FraudTransaction
tx-597-C1447448314-C435023373,ZeroedOriginBalance
tx-597-C1850286862-C1837027614,FraudTransaction
tx-597-C1850286862-C1837027614,ZeroedOriginBalance
tx-597-C1850286862-C1837027614,RepeatedFraudDestination
tx-597-C16417256-C1246176741,FraudTransaction
tx-597-C16417256-C1246176741,ZeroedOriginBalance
tx-597-C2018119916-C2046106901,FraudTransaction
tx-597-C2018119916-C2046106901,ZeroedOriginBalance
tx-598-C755916898-C1252624970,FraudTransaction
tx-598-C755916898-C1252624970,ZeroedOriginBalance
tx-598-C2031919983-C1529830954,FraudTransaction
tx-598-C2031919983-C1529830954,ZeroedOriginBalance
tx-598-C94269091-C2096924215,FraudTransaction
tx-598-C94269091-C2096924215,HighAmountTransfer
tx-598-C94269091-C2096924215,ZeroedOriginBalance
tx-598-C1308416939-C291757564,FraudTransaction
tx-598-C1308416939-C291757564,HighAmountTransfer
tx-598-C1308416939-C291757564,ZeroedOriginBalance
tx-599-C1380882097-C234169662,FraudTransaction
tx-599-C1380882097-C234169662,ZeroedOriginBalance
tx-599-C525332460-C317265884,FraudTransaction
tx-599-C525332460-C317265884,ZeroedOriginBalance
tx-599-C111480828-C1848921625,FraudTransaction
tx-599-C111480828-C1848921625,ZeroedOriginBalance
tx-599-C311553753-C832994416,FraudTransaction
tx-599-C311553753-C832994416,ZeroedOriginBalance
tx-599-C557227834-C1797206393,FraudTransaction
tx-599-C557227834-C1797206393,ZeroedOriginBalance
tx-599-C78926936-C3029667,FraudTransaction
tx-599-C78926936-C3029667,ZeroedOriginBalance
tx-600-C1093183182-C112266797,FraudTransaction
tx-600-C1093183182-C112266797,HighAmountTransfer
tx-600-C1093183182-C112266797,ZeroedOriginBalance
tx-600-C2035809060-C1375290514,FraudTransaction
tx-600-C2035809060-C1375290514,HighAmountTransfer
tx-600-C2035809060-C1375290514,ZeroedOriginBalance
tx-600-C191516415-C278468625,FraudTransaction
tx-600-C191516415-C278468625,ZeroedOriginBalance
tx-600-C199984853-C1428539340,FraudTransaction
tx-600-C199984853-C1428539340,ZeroedOriginBalance
tx-600-C267476912-C428290761,FraudTransaction
tx-600-C267476912-C428290761,ZeroedOriginBalance
tx-600-C1228479409-C1814019284,FraudTransaction
tx-600-C1228479409-C1814019284,ZeroedOriginBalance
tx-600-C276670943-C653396783,FraudTransaction
tx-600-C276670943-C653396783,HighAmountTransfer
tx-600-C276670943-C653396783,ZeroedOriginBalance
tx-600-C1198999595-C1703277739,FraudTransaction
tx-600-C1198999595-C1703277739,HighAmountTransfer
tx-600-C1198999595-C1703277739,ZeroedOriginBalance
tx-600-C278936084-C1115591594,FraudTransaction
tx-600-C278936084-C1115591594,HighAmountTransfer
tx-600-C278936084-C1115591594,ZeroedOriginBalance
tx-600-C475917062-C607981921,FraudTransaction
tx-600-C475917062-C607981921,HighAmountTransfer
tx-600-C475917062-C607981921,ZeroedOriginBalance
tx-600-C733742491-C1126082523,FraudTransaction
tx-600-C733742491-C1126082523,ZeroedOriginBalance
tx-600-C830861574-C1506963745,FraudTransaction
tx-600-C830861574-C1506963745,ZeroedOriginBalance
tx-600-C551820728-C2069632802,FraudTransaction
tx-600-C551820728-C2069632802,HighAmountTransfer
tx-600-C551820728-C2069632802,ZeroedOriginBalance
tx-600-C1402128249-C734547406,FraudTransaction
tx-600-C1402128249-C734547406,HighAmountTransfer
tx-600-C1402128249-C734547406,ZeroedOriginBalance
tx-600-C415858765-C1485040019,FraudTransaction
tx-600-C415858765-C1485040019,ZeroedOriginBalance
tx-600-C114974611-C1780714769,FraudTransaction
tx-600-C114974611-C1780714769,ZeroedOriginBalance
tx-600-C114974611-C1780714769,RepeatedFraudDestination
tx-600-C114531117-C267782135,FraudTransaction
tx-600-C114531117-C267782135,HighAmountTransfer
tx-600-C114531117-C267782135,ZeroedOriginBalance
tx-600-C1136602497-C1436350970,FraudTransaction
tx-600-C1136602497-C1436350970,HighAmountTransfer
tx-600-C1136602497-C1436350970,ZeroedOriginBalance
tx-601-C1903805843-C2028972302,FraudTransaction
tx-601-C1903805843-C2028972302,ZeroedOriginBalance
tx-601-C25184874-C1641312686,FraudTransaction
tx-601-C25184874-C1641312686,ZeroedOriginBalance
tx-601-C276457586-C871887337,FraudTransaction
tx-601-C276457586-C871887337,ZeroedOriginBalance
tx-601-C714048857-C1413631677,FraudTransaction
tx-601-C714048857-C1413631677,ZeroedOriginBalance
tx-601-C1474454143-C2096107271,FraudTransaction
tx-601-C1474454143-C2096107271,HighAmountTransfer
tx-601-C1474454143-C2096107271,ZeroedOriginBalance
tx-601-C1851065642-C359107555,FraudTransaction
tx-601-C1851065642-C359107555,HighAmountTransfer
tx-601-C1851065642-C359107555,ZeroedOriginBalance
tx-601-C865504538-C682036673,FraudTransaction
tx-601-C865504538-C682036673,ZeroedOriginBalance
tx-601-C696765995-C1073858020,FraudTransaction
tx-601-C696765995-C1073858020,ZeroedOriginBalance
tx-601-C1586252817-C423322656,FraudTransaction
tx-601-C1586252817-C423322656,ZeroedOriginBalance
tx-601-C1671141457-C677305975,FraudTransaction
tx-601-C1671141457-C677305975,ZeroedOriginBalance
tx-602-C1329135302-C14438406,FraudTransaction
tx-602-C1329135302-C14438406,HighAmountTransfer
tx-602-C1329135302-C14438406,ZeroedOriginBalance
tx-602-C286962871-C1066958378,FraudTransaction
tx-602-C286962871-C1066958378,HighAmountTransfer
tx-602-C286962871-C1066958378,ZeroedOriginBalance
tx-602-C589532361-C2042839452,FraudTransaction
tx-602-C589532361-C2042839452,ZeroedOriginBalance
tx-602-C1814867638-C67323389,FraudTransaction
tx-602-C1814867638-C67323389,ZeroedOriginBalance
tx-602-C1693098811-C1196187420,FraudTransaction
tx-602-C1693098811-C1196187420,ZeroedOriginBalance
tx-602-C537992221-C363703027,FraudTransaction
tx-602-C537992221-C363703027,ZeroedOriginBalance
tx-602-C527145234-C303076849,FraudTransaction
tx-602-C527145234-C303076849,ZeroedOriginBalance
tx-602-C373022039-C1901902760,FraudTransaction
tx-602-C373022039-C1901902760,ZeroedOriginBalance
tx-603-C670652368-C526059376,FraudTransaction
tx-603-C670652368-C526059376,HighAmountTransfer
tx-603-C670652368-C526059376,ZeroedOriginBalance
tx-603-C262166214-C1840377384,FraudTransaction
tx-603-C262166214-C1840377384,HighAmountTransfer
tx-603-C262166214-C1840377384,ZeroedOriginBalance
tx-603-C1279323433-C1913190788,FraudTransaction
tx-603-C1279323433-C1913190788,HighAmountTransfer
tx-603-C1279323433-C1913190788,ZeroedOriginBalance
tx-603-C72958099-C1226050355,FraudTransaction
tx-603-C72958099-C1226050355,HighAmountTransfer
tx-603-C72958099-C1226050355,ZeroedOriginBalance
tx-603-C1777586207-C1509442679,FraudTransaction
tx-603-C1777586207-C1509442679,ZeroedOriginBalance
tx-603-C1684585857-C2029518292,FraudTransaction
tx-603-C1684585857-C2029518292,ZeroedOriginBalance
tx-603-C797588864-C510193996,FraudTransaction
tx-603-C797588864-C510193996,HighAmountTransfer
tx-603-C797588864-C510193996,ZeroedOriginBalance
tx-603-C1629072698-C1470265305,FraudTransaction
tx-603-C1629072698-C1470265305,HighAmountTransfer
tx-603-C1629072698-C1470265305,ZeroedOriginBalance
tx-603-C371063342-C1426227397,FraudTransaction
tx-603-C371063342-C1426227397,HighAmountTransfer
tx-603-C371063342-C1426227397,ZeroedOriginBalance
tx-603-C934857177-C358568461,FraudTransaction
tx-603-C934857177-C358568461,HighAmountTransfer
tx-603-C934857177-C358568461,ZeroedOriginBalance
tx-603-C1226871955-C1363273657,FraudTransaction
tx-603-C1226871955-C1363273657,ZeroedOriginBalance
tx-603-C1711046896-C1985698288,FraudTransaction
tx-603-C1711046896-C1985698288,ZeroedOriginBalance
tx-604-C454938739-C482986731,FraudTransaction
tx-604-C454938739-C482986731,ZeroedOriginBalance
tx-604-C1835708623-C1881116283,FraudTransaction
tx-604-C1835708623-C1881116283,ZeroedOriginBalance
tx-604-C2144116571-C570246252,FraudTransaction
tx-604-C2144116571-C570246252,ZeroedOriginBalance
tx-604-C1512896686-C731882373,FraudTransaction
tx-604-C1512896686-C731882373,ZeroedOriginBalance
tx-604-C801580496-C1917884973,FraudTransaction
tx-604-C801580496-C1917884973,HighAmountTransfer
tx-604-C801580496-C1917884973,ZeroedOriginBalance
tx-604-C387122223-C378592593,FraudTransaction
tx-604-C387122223-C378592593,HighAmountTransfer
tx-604-C387122223-C378592593,ZeroedOriginBalance
tx-604-C819849169-C213809105,FraudTransaction
tx-604-C819849169-C213809105,ZeroedOriginBalance
tx-604-C972076010-C785941679,FraudTransaction
tx-604-C972076010-C785941679,ZeroedOriginBalance
tx-605-C1045305148-C673712025,FraudTransaction
tx-605-C1045305148-C673712025,ZeroedOriginBalance
tx-605-C1202798946-C579001815,FraudTransaction
tx-605-C1202798946-C579001815,ZeroedOriginBalance
tx-605-C403559722-C999708230,FraudTransaction
tx-605-C403559722-C999708230,HighAmountTransfer
tx-605-C403559722-C999708230,ZeroedOriginBalance
tx-605-C610159138-C1751345870,FraudTransaction
tx-605-C610159138-C1751345870,HighAmountTransfer
tx-605-C610159138-C1751345870,ZeroedOriginBalance
tx-605-C1789325014-C1793547874,FraudTransaction
tx-605-C1789325014-C1793547874,ZeroedOriginBalance
tx-605-C1034326935-C1280260787,FraudTransaction
tx-605-C1034326935-C1280260787,ZeroedOriginBalance
tx-605-C1837848776-C119259664,FraudTransaction
tx-605-C1837848776-C119259664,ZeroedOriginBalance
tx-605-C937391405-C1714851618,FraudTransaction
tx-605-C937391405-C1714851618,ZeroedOriginBalance
tx-605-C1792208222-C809515393,FraudTransaction
tx-605-C1792208222-C809515393,ZeroedOriginBalance
tx-605-C1675751864-C1378762120,FraudTransaction
tx-605-C1675751864-C1378762120,ZeroedOriginBalance
tx-605-C1419487252-C1594325681,FraudTransaction
tx-605-C1419487252-C1594325681,ZeroedOriginBalance
tx-605-C413256119-C1016874582,FraudTransaction
tx-605-C413256119-C1016874582,ZeroedOriginBalance
tx-605-C1709469664-C1444170043,FraudTransaction
tx-605-C1709469664-C1444170043,ZeroedOriginBalance
tx-605-C165949141-C895796754,FraudTransaction
tx-605-C165949141-C895796754,ZeroedOriginBalance
tx-605-C11988213-C952860691,FraudTransaction
tx-605-C11988213-C952860691,HighAmountTransfer
tx-605-C11988213-C952860691,ZeroedOriginBalance
tx-605-C374108453-C2068002709,FraudTransaction
tx-605-C374108453-C2068002709,HighAmountTransfer
tx-605-C374108453-C2068002709,ZeroedOriginBalance
tx-606-C1343326051-C1550636645,FraudTransaction
tx-606-C1343326051-C1550636645,HighAmountTransfer
tx-606-C1343326051-C1550636645,ZeroedOriginBalance
tx-606-C2016119090-C784710502,FraudTransaction
tx-606-C2016119090-C784710502,HighAmountTransfer
tx-606-C2016119090-C784710502,ZeroedOriginBalance
tx-606-C1330451334-C1763711623,FraudTransaction
tx-606-C1330451334-C1763711623,HighAmountTransfer
tx-606-C1330451334-C1763711623,ZeroedOriginBalance
tx-606-C989697555-C294901618,FraudTransaction
tx-606-C989697555-C294901618,HighAmountTransfer
tx-606-C989697555-C294901618,ZeroedOriginBalance
tx-606-C1720399024-C48932770,FraudTransaction
tx-606-C1720399024-C48932770,ZeroedOriginBalance
tx-606-C1120752458-C2045354629,FraudTransaction
tx-606-C1120752458-C2045354629,ZeroedOriginBalance
tx-606-C1367270224-C1706801590,FraudTransaction
tx-606-C1367270224-C1706801590,ZeroedOriginBalance
tx-606-C213845553-C1601116919,FraudTransaction
tx-606-C213845553-C1601116919,ZeroedOriginBalance
tx-606-C1061552474-C617492387,FraudTransaction
tx-606-C1061552474-C617492387,HighAmountTransfer
tx-606-C1061552474-C617492387,ZeroedOriginBalance
tx-606-C1486861052-C638473168,FraudTransaction
tx-606-C1486861052-C638473168,HighAmountTransfer
tx-606-C1486861052-C638473168,ZeroedOriginBalance
tx-606-C2128461532-C792804461,FraudTransaction
tx-606-C2128461532-C792804461,HighAmountTransfer
tx-606-C2128461532-C792804461,ZeroedOriginBalance
tx-606-C178762168-C1955341893,FraudTransaction
tx-606-C178762168-C1955341893,HighAmountTransfer
tx-606-C178762168-C1955341893,ZeroedOriginBalance
tx-606-C98844007-C1849389849,FraudTransaction
tx-606-C98844007-C1849389849,ZeroedOriginBalance
tx-606-C541685621-C1645689234,FraudTransaction
tx-606-C541685621-C1645689234,ZeroedOriginBalance
tx-607-C871433982-C7350276,FraudTransaction
tx-607-C871433982-C7350276,ZeroedOriginBalance
tx-607-C74206025-C260243905,FraudTransaction
tx-607-C74206025-C260243905,ZeroedOriginBalance
tx-607-C549929382-C897010793,FraudTransaction
tx-607-C549929382-C897010793,ZeroedOriginBalance
tx-607-C1264482324-C2011864062,FraudTransaction
tx-607-C1264482324-C2011864062,ZeroedOriginBalance
tx-607-C1889751415-C1655398202,FraudTransaction
tx-607-C1889751415-C1655398202,ZeroedOriginBalance
tx-607-C385055273-C1678539826,FraudTransaction
tx-607-C385055273-C1678539826,ZeroedOriginBalance
tx-607-C212063008-C1363250093,FraudTransaction
tx-607-C212063008-C1363250093,ZeroedOriginBalance
tx-607-C872780920-C276803409,FraudTransaction
tx-607-C872780920-C276803409,ZeroedOriginBalance
tx-608-C1413288238-C1384608658,FraudTransaction
tx-608-C1413288238-C1384608658,ZeroedOriginBalance
tx-608-C1228945957-C1532344738,FraudTransaction
tx-608-C1228945957-C1532344738,ZeroedOriginBalance
tx-608-C1047942249-C2050212137,FraudTransaction
tx-608-C1047942249-C2050212137,ZeroedOriginBalance
tx-608-C2032783178-C385133759,FraudTransaction
tx-608-C2032783178-C385133759,ZeroedOriginBalance
tx-608-C2032783178-C385133759,RepeatedFraudDestination
tx-608-C2132462996-C468074010,FraudTransaction
tx-608-C2132462996-C468074010,ZeroedOriginBalance
tx-608-C2075568104-C2027521141,FraudTransaction
tx-608-C2075568104-C2027521141,ZeroedOriginBalance
tx-608-C941946048-C34938557,FraudTransaction
tx-608-C941946048-C34938557,HighAmountTransfer
tx-608-C941946048-C34938557,ZeroedOriginBalance
tx-608-C672433047-C1424729422,FraudTransaction
tx-608-C672433047-C1424729422,HighAmountTransfer
tx-608-C672433047-C1424729422,ZeroedOriginBalance
tx-608-C1043256763-C1819996738,FraudTransaction
tx-608-C1043256763-C1819996738,ZeroedOriginBalance
tx-608-C1640378409-C2070347886,FraudTransaction
tx-608-C1640378409-C2070347886,ZeroedOriginBalance
tx-608-C1926590870-C454462706,FraudTransaction
tx-608-C1926590870-C454462706,HighAmountTransfer
tx-608-C1583037289-C368640357,FraudTransaction
tx-608-C1583037289-C368640357,HighAmountTransfer
tx-608-C1583037289-C368640357,ZeroedOriginBalance
tx-608-C1149916025-C757331107,FraudTransaction
tx-608-C1149916025-C757331107,ZeroedOriginBalance
tx-608-C112638782-C221378791,FraudTransaction
tx-608-C112638782-C221378791,ZeroedOriginBalance
tx-608-C190615987-C1904194298,FraudTransaction
tx-608-C190615987-C1904194298,ZeroedOriginBalance
tx-608-C1001765380-C1602457625,FraudTransaction
tx-608-C1001765380-C1602457625,ZeroedOriginBalance
tx-609-C1783698648-C1902434335,FraudTransaction
tx-609-C1783698648-C1902434335,ZeroedOriginBalance
tx-609-C351362934-C1072775403,FraudTransaction
tx-609-C351362934-C1072775403,ZeroedOriginBalance
tx-609-C1931126401-C579423409,FraudTransaction
tx-609-C1931126401-C579423409,ZeroedOriginBalance
tx-609-C976368712-C1575445861,FraudTransaction
tx-609-C976368712-C1575445861,ZeroedOriginBalance
tx-609-C656681397-C1487339522,FraudTransaction
tx-609-C656681397-C1487339522,ZeroedOriginBalance
tx-609-C1090265610-C717934404,FraudTransaction
tx-609-C1090265610-C717934404,ZeroedOriginBalance
tx-609-C479649158-C1258331741,FraudTransaction
tx-609-C479649158-C1258331741,ZeroedOriginBalance
tx-609-C1871273131-C1784771871,FraudTransaction
tx-609-C1871273131-C1784771871,ZeroedOriginBalance
tx-610-C875380581-C2141157779,FraudTransaction
tx-610-C875380581-C2141157779,ZeroedOriginBalance
tx-610-C49558128-C1323987064,FraudTransaction
tx-610-C49558128-C1323987064,ZeroedOriginBalance
tx-610-C1624078570-C1413803153,FraudTransaction
tx-610-C1624078570-C1413803153,ZeroedOriginBalance
tx-610-C1784566970-C557127820,FraudTransaction
tx-610-C1784566970-C557127820,ZeroedOriginBalance
tx-610-C1626028230-C581480789,FraudTransaction
tx-610-C1626028230-C581480789,ZeroedOriginBalance
tx-610-C1511951796-C1430895624,FraudTransaction
tx-610-C1511951796-C1430895624,ZeroedOriginBalance
tx-610-C915330664-C1672862058,FraudTransaction
tx-610-C915330664-C1672862058,ZeroedOriginBalance
tx-610-C2144754403-C1140976771,FraudTransaction
tx-610-C2144754403-C1140976771,ZeroedOriginBalance
tx-610-C1136893398-C850364228,FraudTransaction
tx-610-C1136893398-C850364228,ZeroedOriginBalance
tx-610-C424693863-C791586843,FraudTransaction
tx-610-C424693863-C791586843,ZeroedOriginBalance
tx-610-C2016166822-C1961561601,FraudTransaction
tx-610-C2016166822-C1961561601,ZeroedOriginBalance
tx-610-C87645050-C1812719573,FraudTransaction
tx-610-C87645050-C1812719573,ZeroedOriginBalance
tx-611-C2139042212-C707243062,FraudTransaction
tx-611-C2139042212-C707243062,ZeroedOriginBalance
tx-611-C641294007-C1450612627,FraudTransaction
tx-611-C641294007-C1450612627,ZeroedOriginBalance
tx-611-C710694637-C1394516732,FraudTransaction
tx-611-C710694637-C1394516732,ZeroedOriginBalance
tx-611-C1783886401-C2011653330,FraudTransaction
tx-611-C1783886401-C2011653330,ZeroedOriginBalance
tx-611-C1259697063-C1822887102,FraudTransaction
tx-611-C1259697063-C1822887102,ZeroedOriginBalance
tx-611-C1116522843-C591928998,FraudTransaction
tx-611-C1116522843-C591928998,ZeroedOriginBalance
tx-611-C542772115-C1024515079,FraudTransaction
tx-611-C542772115-C1024515079,ZeroedOriginBalance
tx-611-C1584934652-C795947524,FraudTransaction
tx-611-C1584934652-C795947524,ZeroedOriginBalance
tx-611-C1049687775-C1071460933,FraudTransaction
tx-611-C1049687775-C1071460933,ZeroedOriginBalance
tx-611-C452081223-C1923665675,FraudTransaction
tx-611-C452081223-C1923665675,ZeroedOriginBalance
tx-611-C1778688025-C343288009,FraudTransaction
tx-611-C1778688025-C343288009,HighAmountTransfer
tx-611-C1778688025-C343288009,ZeroedOriginBalance
tx-611-C1964276843-C164163741,FraudTransaction
tx-611-C1964276843-C164163741,HighAmountTransfer
tx-611-C1964276843-C164163741,ZeroedOriginBalance
tx-611-C1275808280-C668503841,FraudTransaction
tx-611-C1275808280-C668503841,ZeroedOriginBalance
tx-611-C1203772880-C744982603,FraudTransaction
tx-611-C1203772880-C744982603,ZeroedOriginBalance
tx-612-C1019916893-C1183977547,FraudTransaction
tx-612-C1019916893-C1183977547,ZeroedOriginBalance
tx-612-C1790290337-C898274141,FraudTransaction
tx-612-C1790290337-C898274141,ZeroedOriginBalance
tx-612-C1686587981-C833710849,FraudTransaction
tx-612-C1686587981-C833710849,HighAmountTransfer
tx-612-C1686587981-C833710849,ZeroedOriginBalance
tx-612-C1057733607-C385233047,FraudTransaction
tx-612-C1057733607-C385233047,HighAmountTransfer
tx-612-C1057733607-C385233047,ZeroedOriginBalance
tx-612-C1259321993-C663298413,FraudTransaction
tx-612-C1259321993-C663298413,HighAmountTransfer
tx-612-C1259321993-C663298413,ZeroedOriginBalance
tx-612-C735225531-C19320432,FraudTransaction
tx-612-C735225531-C19320432,HighAmountTransfer
tx-612-C735225531-C19320432,ZeroedOriginBalance
tx-612-C770927537-C1726957418,FraudTransaction
tx-612-C770927537-C1726957418,ZeroedOriginBalance
tx-612-C329967562-C1801110858,FraudTransaction
tx-612-C329967562-C1801110858,ZeroedOriginBalance
tx-612-C944480548-C3631299,FraudTransaction
tx-612-C944480548-C3631299,ZeroedOriginBalance
tx-612-C1770361115-C526028117,FraudTransaction
tx-612-C1770361115-C526028117,ZeroedOriginBalance
tx-612-C2061792169-C966741210,FraudTransaction
tx-612-C2061792169-C966741210,ZeroedOriginBalance
tx-612-C2146001467-C1068882086,FraudTransaction
tx-612-C2146001467-C1068882086,ZeroedOriginBalance
tx-613-C1700849439-C1474364019,FraudTransaction
tx-613-C1700849439-C1474364019,HighAmountTransfer
tx-613-C1700849439-C1474364019,ZeroedOriginBalance
tx-613-C792347661-C54004768,FraudTransaction
tx-613-C792347661-C54004768,HighAmountTransfer
tx-613-C792347661-C54004768,ZeroedOriginBalance
tx-613-C1356928798-C1467512212,FraudTransaction
tx-613-C1356928798-C1467512212,ZeroedOriginBalance
tx-613-C12592309-C1599619333,FraudTransaction
tx-613-C12592309-C1599619333,ZeroedOriginBalance
tx-613-C1660576685-C521066417,FraudTransaction
tx-613-C1660576685-C521066417,ZeroedOriginBalance
tx-613-C530405843-C1378380080,FraudTransaction
tx-613-C530405843-C1378380080,ZeroedOriginBalance
tx-613-C1201464537-C1785940596,FraudTransaction
tx-613-C1201464537-C1785940596,ZeroedOriginBalance
tx-613-C1182303507-C375702646,FraudTransaction
tx-613-C1182303507-C375702646,ZeroedOriginBalance
tx-613-C1387416875-C1999528314,FraudTransaction
tx-613-C1387416875-C1999528314,HighAmountTransfer
tx-613-C1387416875-C1999528314,ZeroedOriginBalance
tx-613-C491775554-C901067372,FraudTransaction
tx-613-C491775554-C901067372,HighAmountTransfer
tx-613-C491775554-C901067372,ZeroedOriginBalance
tx-613-C240430551-C541074037,FraudTransaction
tx-613-C240430551-C541074037,HighAmountTransfer
tx-613-C240430551-C541074037,ZeroedOriginBalance
tx-613-C2007750863-C14584832,FraudTransaction
tx-613-C2007750863-C14584832,HighAmountTransfer
tx-613-C2007750863-C14584832,ZeroedOriginBalance
tx-613-C1429181782-C1486162037,FraudTransaction
tx-613-C1429181782-C1486162037,HighAmountTransfer
tx-613-C1429181782-C1486162037,ZeroedOriginBalance
tx-613-C2118037553-C1084525983,FraudTransaction
tx-613-C2118037553-C1084525983,HighAmountTransfer
tx-613-C2118037553-C1084525983,ZeroedOriginBalance
tx-613-C1467642521-C147964877,FraudTransaction
tx-613-C1467642521-C147964877,ZeroedOriginBalance
tx-613-C1614655562-C644722343,FraudTransaction
tx-613-C1614655562-C644722343,ZeroedOriginBalance
tx-613-C1234242622-C1163640582,FraudTransaction
tx-613-C1234242622-C1163640582,ZeroedOriginBalance
tx-613-C1118147077-C1575522252,FraudTransaction
tx-613-C1118147077-C1575522252,ZeroedOriginBalance
tx-613-C1114344856-C942119622,FraudTransaction
tx-613-C1114344856-C942119622,ZeroedOriginBalance
tx-613-C1363187770-C1320785064,FraudTransaction
tx-613-C1363187770-C1320785064,ZeroedOriginBalance
tx-614-C1528703111-C2133834018,FraudTransaction
tx-614-C1528703111-C2133834018,ZeroedOriginBalance
tx-614-C934745802-C952194929,FraudTransaction
tx-614-C934745802-C952194929,ZeroedOriginBalance
tx-614-C1131884196-C97856418,FraudTransaction
tx-614-C1131884196-C97856418,HighAmountTransfer
tx-614-C1131884196-C97856418,ZeroedOriginBalance
tx-614-C2038452856-C1576408634,FraudTransaction
tx-614-C2038452856-C1576408634,HighAmountTransfer
tx-614-C2038452856-C1576408634,ZeroedOriginBalance
tx-614-C1177326295-C1796978414,FraudTransaction
tx-614-C1177326295-C1796978414,ZeroedOriginBalance
tx-614-C548890827-C1881121071,FraudTransaction
tx-614-C548890827-C1881121071,ZeroedOriginBalance
tx-614-C1088953639-C290813030,FraudTransaction
tx-614-C1088953639-C290813030,HighAmountTransfer
tx-614-C1088953639-C290813030,ZeroedOriginBalance
tx-614-C183358116-C790128788,FraudTransaction
tx-614-C183358116-C790128788,HighAmountTransfer
tx-614-C183358116-C790128788,ZeroedOriginBalance
tx-614-C1509490957-C1619575537,FraudTransaction
tx-614-C1509490957-C1619575537,ZeroedOriginBalance
tx-614-C1003377863-C1895426954,FraudTransaction
tx-614-C1003377863-C1895426954,ZeroedOriginBalance
tx-614-C359671277-C1265391231,FraudTransaction
tx-614-C359671277-C1265391231,HighAmountTransfer
tx-614-C359671277-C1265391231,ZeroedOriginBalance
tx-614-C1612893678-C1786445505,FraudTransaction
tx-614-C1612893678-C1786445505,HighAmountTransfer
tx-614-C1612893678-C1786445505,ZeroedOriginBalance
tx-614-C33936647-C1795712220,FraudTransaction
tx-614-C33936647-C1795712220,ZeroedOriginBalance
tx-614-C1597477718-C1070752768,FraudTransaction
tx-614-C1597477718-C1070752768,ZeroedOriginBalance
tx-614-C745740843-C2110645655,FraudTransaction
tx-614-C745740843-C2110645655,ZeroedOriginBalance
tx-614-C1178698517-C943844631,FraudTransaction
tx-614-C1178698517-C943844631,ZeroedOriginBalance
tx-615-C1685726737-C22993151,FraudTransaction
tx-615-C1685726737-C22993151,ZeroedOriginBalance
tx-615-C1434246047-C248129256,FraudTransaction
tx-615-C1434246047-C248129256,ZeroedOriginBalance
tx-615-C1914910500-C933913853,FraudTransaction
tx-615-C1914910500-C933913853,ZeroedOriginBalance
tx-615-C209058213-C1798476342,FraudTransaction
tx-615-C209058213-C1798476342,ZeroedOriginBalance
tx-615-C956959892-C582952352,FraudTransaction
tx-615-C956959892-C582952352,ZeroedOriginBalance
tx-615-C177838089-C2141549007,FraudTransaction
tx-615-C177838089-C2141549007,ZeroedOriginBalance
tx-615-C1634206825-C977366743,FraudTransaction
tx-615-C1634206825-C977366743,HighAmountTransfer
tx-615-C1634206825-C977366743,ZeroedOriginBalance
tx-615-C1123250480-C109294647,FraudTransaction
tx-615-C1123250480-C109294647,HighAmountTransfer
tx-615-C1123250480-C109294647,ZeroedOriginBalance
tx-616-C1846352477-C729066326,FraudTransaction
tx-616-C1846352477-C729066326,ZeroedOriginBalance
tx-616-C1956260349-C567213165,FraudTransaction
tx-616-C1956260349-C567213165,ZeroedOriginBalance
tx-616-C1568587963-C362987320,FraudTransaction
tx-616-C1568587963-C362987320,HighAmountTransfer
tx-616-C1568587963-C362987320,ZeroedOriginBalance
tx-616-C686995087-C893411806,FraudTransaction
tx-616-C686995087-C893411806,HighAmountTransfer
tx-616-C686995087-C893411806,ZeroedOriginBalance
tx-616-C782995006-C1783458447,FraudTransaction
tx-616-C782995006-C1783458447,HighAmountTransfer
tx-616-C782995006-C1783458447,ZeroedOriginBalance
tx-616-C198942679-C154881805,FraudTransaction
tx-616-C198942679-C154881805,HighAmountTransfer
tx-616-C198942679-C154881805,ZeroedOriginBalance
tx-617-C794290057-C262998076,FraudTransaction
tx-617-C794290057-C262998076,HighAmountTransfer
tx-617-C1596180537-C2105645265,FraudTransaction
tx-617-C1596180537-C2105645265,HighAmountTransfer
tx-617-C1596180537-C2105645265,ZeroedOriginBalance
tx-617-C1255348086-C103172881,FraudTransaction
tx-617-C1255348086-C103172881,HighAmountTransfer
tx-617-C1677039996-C454550281,FraudTransaction
tx-617-C1677039996-C454550281,HighAmountTransfer
tx-617-C1677039996-C454550281,ZeroedOriginBalance
tx-617-C1930318116-C1923492040,FraudTransaction
tx-617-C1930318116-C1923492040,HighAmountTransfer
tx-617-C841821564-C769108247,FraudTransaction
tx-617-C841821564-C769108247,HighAmountTransfer
tx-617-C841821564-C769108247,ZeroedOriginBalance
tx-617-C1612182760-C455244250,FraudTransaction
tx-617-C1612182760-C455244250,HighAmountTransfer
tx-617-C803647471-C1820998538,FraudTransaction
tx-617-C803647471-C1820998538,HighAmountTransfer
tx-617-C803647471-C1820998538,ZeroedOriginBalance
tx-617-C786455622-C661958277,FraudTransaction
tx-617-C786455622-C661958277,HighAmountTransfer
tx-617-C1971175979-C1352345416,FraudTransaction
tx-617-C1846853736-C1061343039,FraudTransaction
tx-617-C1846853736-C1061343039,ZeroedOriginBalance
tx-617-C1773928363-C1457220029,FraudTransaction
tx-617-C1773928363-C1457220029,ZeroedOriginBalance
tx-617-C45646600-C1927425831,FraudTransaction
tx-617-C45646600-C1927425831,HighAmountTransfer
tx-617-C45646600-C1927425831,ZeroedOriginBalance
tx-617-C1132246468-C2130748212,FraudTransaction
tx-617-C1132246468-C2130748212,HighAmountTransfer
tx-617-C1132246468-C2130748212,ZeroedOriginBalance
tx-617-C749892305-C1587152098,FraudTransaction
tx-617-C749892305-C1587152098,HighAmountTransfer
tx-617-C749892305-C1587152098,ZeroedOriginBalance
tx-617-C338262259-C558846128,FraudTransaction
tx-617-C338262259-C558846128,HighAmountTransfer
tx-617-C338262259-C558846128,ZeroedOriginBalance
tx-618-C1080532676-C707184828,FraudTransaction
tx-618-C1080532676-C707184828,ZeroedOriginBalance
tx-618-C1253152318-C1286341721,FraudTransaction
tx-618-C1253152318-C1286341721,ZeroedOriginBalance
tx-618-C1155778843-C636633653,FraudTransaction
tx-618-C1155778843-C636633653,ZeroedOriginBalance
tx-618-C219912505-C1994974381,FraudTransaction
tx-618-C219912505-C1994974381,ZeroedOriginBalance
tx-618-C1911994336-C1235106640,FraudTransaction
tx-618-C1911994336-C1235106640,ZeroedOriginBalance
tx-618-C934338438-C209796396,FraudTransaction
tx-618-C934338438-C209796396,ZeroedOriginBalance
tx-618-C1643935128-C1841390458,FraudTransaction
tx-618-C1643935128-C1841390458,HighAmountTransfer
tx-618-C1643935128-C1841390458,ZeroedOriginBalance
tx-618-C1063377815-C674523745,FraudTransaction
tx-618-C1063377815-C674523745,HighAmountTransfer
tx-618-C1063377815-C674523745,ZeroedOriginBalance
tx-619-C1051179941-C1445144451,FraudTransaction
tx-619-C1051179941-C1445144451,ZeroedOriginBalance
tx-619-C693010447-C410437994,FraudTransaction
tx-619-C693010447-C410437994,ZeroedOriginBalance
tx-619-C1743279167-C538795916,FraudTransaction
tx-619-C1743279167-C538795916,ZeroedOriginBalance
tx-619-C238168336-C1904688635,FraudTransaction
tx-619-C238168336-C1904688635,ZeroedOriginBalance
tx-619-C235649723-C935439037,FraudTransaction
tx-619-C235649723-C935439037,HighAmountTransfer
tx-619-C235649723-C935439037,ZeroedOriginBalance
tx-619-C504063751-C1132120597,FraudTransaction
tx-619-C504063751-C1132120597,HighAmountTransfer
tx-619-C504063751-C1132120597,ZeroedOriginBalance
tx-619-C1100776599-C385080311,FraudTransaction
tx-619-C1100776599-C385080311,ZeroedOriginBalance
tx-619-C630264516-C533475221,FraudTransaction
tx-619-C630264516-C533475221,ZeroedOriginBalance
tx-619-C857807998-C1174958725,FraudTransaction
tx-619-C857807998-C1174958725,ZeroedOriginBalance
tx-619-C1299375115-C559632898,FraudTransaction
tx-619-C1299375115-C559632898,ZeroedOriginBalance
tx-619-C532100013-C586068817,FraudTransaction
tx-619-C532100013-C586068817,HighAmountTransfer
tx-619-C532100013-C586068817,ZeroedOriginBalance
tx-619-C1090006952-C264963065,FraudTransaction
tx-619-C1090006952-C264963065,HighAmountTransfer
tx-619-C1090006952-C264963065,ZeroedOriginBalance
tx-619-C411013894-C1546732203,FraudTransaction
tx-619-C411013894-C1546732203,ZeroedOriginBalance
tx-619-C1366832046-C1275965910,FraudTransaction
tx-619-C1366832046-C1275965910,ZeroedOriginBalance
tx-620-C668078462-C1570004468,FraudTransaction
tx-620-C668078462-C1570004468,ZeroedOriginBalance
tx-620-C1005007866-C930467576,FraudTransaction
tx-620-C1005007866-C930467576,ZeroedOriginBalance
tx-620-C990246517-C1747344158,FraudTransaction
tx-620-C990246517-C1747344158,ZeroedOriginBalance
tx-620-C1122962082-C546830525,FraudTransaction
tx-620-C1122962082-C546830525,ZeroedOriginBalance
tx-620-C1963047520-C566620514,FraudTransaction
tx-620-C1963047520-C566620514,ZeroedOriginBalance
tx-620-C2004565977-C1185249174,FraudTransaction
tx-620-C2004565977-C1185249174,ZeroedOriginBalance
tx-620-C1666828573-C886178722,FraudTransaction
tx-620-C1666828573-C886178722,ZeroedOriginBalance
tx-620-C1507419598-C579399811,FraudTransaction
tx-620-C1507419598-C579399811,ZeroedOriginBalance
tx-621-C1707939649-C613081962,FraudTransaction
tx-621-C1707939649-C613081962,ZeroedOriginBalance
tx-621-C983383771-C56482072,FraudTransaction
tx-621-C983383771-C56482072,ZeroedOriginBalance
tx-621-C1508375494-C1926498951,FraudTransaction
tx-621-C1508375494-C1926498951,HighAmountTransfer
tx-621-C1508375494-C1926498951,ZeroedOriginBalance
tx-621-C1493356883-C1018094825,FraudTransaction
tx-621-C1493356883-C1018094825,HighAmountTransfer
tx-621-C1493356883-C1018094825,ZeroedOriginBalance
tx-621-C75122895-C1874408253,FraudTransaction
tx-621-C75122895-C1874408253,ZeroedOriginBalance
tx-621-C2103073329-C686334805,FraudTransaction
tx-621-C2103073329-C686334805,ZeroedOriginBalance
tx-621-C2103073329-C686334805,RepeatedFraudDestination
tx-621-C1129518026-C1288050386,FraudTransaction
tx-621-C1129518026-C1288050386,HighAmountTransfer
tx-621-C1129518026-C1288050386,ZeroedOriginBalance
tx-621-C373547831-C674126577,FraudTransaction
tx-621-C373547831-C674126577,HighAmountTransfer
tx-621-C373547831-C674126577,ZeroedOriginBalance
tx-621-C1645503164-C220661112,FraudTransaction
tx-621-C1645503164-C220661112,HighAmountTransfer
tx-621-C1645503164-C220661112,ZeroedOriginBalance
tx-621-C1808236434-C1802173286,FraudTransaction
tx-621-C1808236434-C1802173286,HighAmountTransfer
tx-621-C1808236434-C1802173286,ZeroedOriginBalance
tx-621-C541955381-C212885805,FraudTransaction
tx-621-C541955381-C212885805,HighAmountTransfer
tx-621-C541955381-C212885805,ZeroedOriginBalance
tx-621-C2138261012-C1201359775,FraudTransaction
tx-621-C2138261012-C1201359775,HighAmountTransfer
tx-621-C2138261012-C1201359775,ZeroedOriginBalance
tx-621-C817672066-C657457029,FraudTransaction
tx-621-C817672066-C657457029,HighAmountTransfer
tx-621-C817672066-C657457029,ZeroedOriginBalance
tx-621-C1436575323-C832267581,FraudTransaction
tx-621-C1436575323-C832267581,HighAmountTransfer
tx-621-C1436575323-C832267581,ZeroedOriginBalance
tx-621-C1986822150-C432052755,FraudTransaction
tx-621-C1986822150-C432052755,HighAmountTransfer
tx-621-C1986822150-C432052755,ZeroedOriginBalance
tx-621-C435031066-C110885488,FraudTransaction
tx-621-C435031066-C110885488,HighAmountTransfer
tx-621-C435031066-C110885488,ZeroedOriginBalance
tx-621-C680679578-C1772715697,FraudTransaction
tx-621-C680679578-C1772715697,ZeroedOriginBalance
tx-621-C383943825-C1857340685,FraudTransaction
tx-621-C383943825-C1857340685,ZeroedOriginBalance
tx-622-C1893589234-C907656239,FraudTransaction
tx-622-C1893589234-C907656239,ZeroedOriginBalance
tx-622-C296594494-C1319991270,FraudTransaction
tx-622-C296594494-C1319991270,ZeroedOriginBalance
tx-622-C1102869992-C436543926,FraudTransaction
tx-622-C1102869992-C436543926,ZeroedOriginBalance
tx-622-C1559989964-C184933792,FraudTransaction
tx-622-C1559989964-C184933792,ZeroedOriginBalance
tx-623-C1136541649-C667841585,FraudTransaction
tx-623-C1136541649-C667841585,ZeroedOriginBalance
tx-623-C1057925060-C151767337,FraudTransaction
tx-623-C1057925060-C151767337,ZeroedOriginBalance
tx-623-C499091192-C871329563,FraudTransaction
tx-623-C499091192-C871329563,ZeroedOriginBalance
tx-623-C489879149-C813701633,FraudTransaction
tx-623-C489879149-C813701633,ZeroedOriginBalance
tx-623-C801116845-C177042308,FraudTransaction
tx-623-C801116845-C177042308,ZeroedOriginBalance
tx-623-C1706729494-C1382749859,FraudTransaction
tx-623-C1706729494-C1382749859,ZeroedOriginBalance
tx-624-C1874951604-C72573471,FraudTransaction
tx-624-C1874951604-C72573471,HighAmountTransfer
tx-624-C689619787-C1481530015,FraudTransaction
tx-624-C689619787-C1481530015,HighAmountTransfer
tx-624-C689619787-C1481530015,ZeroedOriginBalance
tx-624-C723019595-C296287576,FraudTransaction
tx-624-C723019595-C296287576,HighAmountTransfer
tx-624-C723019595-C296287576,ZeroedOriginBalance
tx-624-C1966432997-C966982427,FraudTransaction
tx-624-C1966432997-C966982427,HighAmountTransfer
tx-624-C1966432997-C966982427,ZeroedOriginBalance
tx-624-C301833514-C1887464213,FraudTransaction
tx-624-C301833514-C1887464213,ZeroedOriginBalance
tx-624-C1854018757-C766040403,FraudTransaction
tx-624-C1854018757-C766040403,ZeroedOriginBalance
tx-624-C113775713-C405489983,FraudTransaction
tx-624-C113775713-C405489983,ZeroedOriginBalance
tx-624-C1479830551-C956072695,FraudTransaction
tx-624-C1479830551-C956072695,ZeroedOriginBalance
tx-624-C626900726-C556594745,FraudTransaction
tx-624-C626900726-C556594745,ZeroedOriginBalance
tx-624-C1535615652-C683421609,FraudTransaction
tx-624-C1535615652-C683421609,ZeroedOriginBalance
tx-625-C1056784519-C489344681,FraudTransaction
tx-625-C1056784519-C489344681,HighAmountTransfer
tx-625-C1056784519-C489344681,ZeroedOriginBalance
tx-625-C962232328-C1481177013,FraudTransaction
tx-625-C962232328-C1481177013,HighAmountTransfer
tx-625-C962232328-C1481177013,ZeroedOriginBalance
tx-625-C1189052930-C1217650717,FraudTransaction
tx-625-C1189052930-C1217650717,HighAmountTransfer
tx-625-C1189052930-C1217650717,ZeroedOriginBalance
tx-625-C1159822355-C402103077,FraudTransaction
tx-625-C1159822355-C402103077,HighAmountTransfer
tx-625-C1159822355-C402103077,ZeroedOriginBalance
tx-625-C286057800-C1593401972,FraudTransaction
tx-625-C286057800-C1593401972,HighAmountTransfer
tx-625-C286057800-C1593401972,ZeroedOriginBalance
tx-625-C2084273569-C1817408357,FraudTransaction
tx-625-C2084273569-C1817408357,HighAmountTransfer
tx-625-C2084273569-C1817408357,ZeroedOriginBalance
tx-625-C1179529142-C2073831661,FraudTransaction
tx-625-C1179529142-C2073831661,HighAmountTransfer
tx-625-C138482312-C1166027089,FraudTransaction
tx-625-C138482312-C1166027089,HighAmountTransfer
tx-625-C138482312-C1166027089,ZeroedOriginBalance
tx-625-C2115080301-C834247001,FraudTransaction
tx-625-C2115080301-C834247001,HighAmountTransfer
tx-625-C2115080301-C834247001,ZeroedOriginBalance
tx-625-C1499479163-C1579821297,FraudTransaction
tx-625-C1499479163-C1579821297,HighAmountTransfer
tx-625-C1499479163-C1579821297,ZeroedOriginBalance
tx-625-C1860471678-C949934281,FraudTransaction
tx-625-C1860471678-C949934281,ZeroedOriginBalance
tx-625-C1848705400-C828264154,FraudTransaction
tx-625-C1848705400-C828264154,ZeroedOriginBalance
tx-625-C475096619-C1365777468,FraudTransaction
tx-625-C475096619-C1365777468,ZeroedOriginBalance
tx-625-C1141510718-C1321586264,FraudTransaction
tx-625-C1141510718-C1321586264,ZeroedOriginBalance
tx-625-C251649722-C1591313088,FraudTransaction
tx-625-C251649722-C1591313088,ZeroedOriginBalance
tx-625-C1747133660-C1277670542,FraudTransaction
tx-625-C1747133660-C1277670542,ZeroedOriginBalance
tx-625-C2136238029-C1843224503,FraudTransaction
tx-625-C2136238029-C1843224503,ZeroedOriginBalance
tx-625-C1809515003-C1837079929,FraudTransaction
tx-625-C1809515003-C1837079929,ZeroedOriginBalance
tx-625-C1509481580-C455153716,FraudTransaction
tx-625-C1509481580-C455153716,ZeroedOriginBalance
tx-625-C1668210142-C618305910,FraudTransaction
tx-625-C1668210142-C618305910,ZeroedOriginBalance
tx-625-C1802530107-C84195630,FraudTransaction
tx-625-C1802530107-C84195630,HighAmountTransfer
tx-625-C1802530107-C84195630,ZeroedOriginBalance
tx-625-C605725215-C774151171,FraudTransaction
tx-625-C605725215-C774151171,HighAmountTransfer
tx-625-C605725215-C774151171,ZeroedOriginBalance
tx-625-C991826252-C2045424554,FraudTransaction
tx-625-C991826252-C2045424554,HighAmountTransfer
tx-625-C991826252-C2045424554,ZeroedOriginBalance
tx-625-C780905436-C1532638647,FraudTransaction
tx-625-C780905436-C1532638647,HighAmountTransfer
tx-625-C780905436-C1532638647,ZeroedOriginBalance
tx-626-C1190793859-C31746489,FraudTransaction
tx-626-C1190793859-C31746489,ZeroedOriginBalance
tx-626-C931224089-C1157817503,FraudTransaction
tx-626-C931224089-C1157817503,ZeroedOriginBalance
tx-626-C2086578644-C811242646,FraudTransaction
tx-626-C2086578644-C811242646,ZeroedOriginBalance
tx-626-C259533000-C2027781406,FraudTransaction
tx-626-C259533000-C2027781406,ZeroedOriginBalance
tx-626-C419450286-C1968828091,FraudTransaction
tx-626-C419450286-C1968828091,ZeroedOriginBalance
tx-626-C619482373-C1978751367,FraudTransaction
tx-626-C619482373-C1978751367,ZeroedOriginBalance
tx-627-C943173894-C771063877,FraudTransaction
tx-627-C943173894-C771063877,ZeroedOriginBalance
tx-627-C969013741-C782712589,FraudTransaction
tx-627-C969013741-C782712589,ZeroedOriginBalance
tx-627-C484256849-C1955850901,FraudTransaction
tx-627-C484256849-C1955850901,HighAmountTransfer
tx-627-C484256849-C1955850901,ZeroedOriginBalance
tx-627-C1736184082-C1711138117,FraudTransaction
tx-627-C1736184082-C1711138117,HighAmountTransfer
tx-627-C1736184082-C1711138117,ZeroedOriginBalance
tx-628-C334746460-C603653180,FraudTransaction
tx-628-C334746460-C603653180,ZeroedOriginBalance
tx-628-C1168340170-C329394492,FraudTransaction
tx-628-C1168340170-C329394492,ZeroedOriginBalance
tx-628-C1182722918-C820606859,FraudTransaction
tx-628-C1182722918-C820606859,ZeroedOriginBalance
tx-628-C220460934-C475338087,FraudTransaction
tx-628-C220460934-C475338087,ZeroedOriginBalance
tx-628-C220460934-C475338087,RepeatedFraudDestination
tx-628-C1239512802-C1688563256,FraudTransaction
tx-628-C1239512802-C1688563256,ZeroedOriginBalance
tx-628-C1251020592-C723136317,FraudTransaction
tx-628-C1251020592-C723136317,ZeroedOriginBalance
tx-629-C2072377567-C816064707,FraudTransaction
tx-629-C2072377567-C816064707,HighAmountTransfer
tx-629-C2072377567-C816064707,ZeroedOriginBalance
tx-629-C1770565614-C863370612,FraudTransaction
tx-629-C1770565614-C863370612,HighAmountTransfer
tx-629-C1770565614-C863370612,ZeroedOriginBalance
tx-629-C731677275-C1959262781,FraudTransaction
tx-629-C731677275-C1959262781,ZeroedOriginBalance
tx-629-C1773596823-C1066960436,FraudTransaction
tx-629-C1773596823-C1066960436,ZeroedOriginBalance
tx-629-C203112109-C1034010238,FraudTransaction
tx-629-C203112109-C1034010238,ZeroedOriginBalance
tx-629-C1720879880-C591861774,FraudTransaction
tx-629-C1720879880-C591861774,ZeroedOriginBalance
tx-629-C640732216-C14104285,FraudTransaction
tx-629-C640732216-C14104285,ZeroedOriginBalance
tx-629-C1176430814-C237441697,FraudTransaction
tx-629-C1176430814-C237441697,ZeroedOriginBalance
tx-629-C329603302-C1896146009,FraudTransaction
tx-629-C329603302-C1896146009,ZeroedOriginBalance
tx-629-C1629313873-C215301926,FraudTransaction
tx-629-C1629313873-C215301926,ZeroedOriginBalance
tx-629-C1105988166-C217954795,FraudTransaction
tx-629-C1105988166-C217954795,ZeroedOriginBalance
tx-629-C1879397053-C298210338,FraudTransaction
tx-629-C1879397053-C298210338,ZeroedOriginBalance
tx-629-C1230919219-C419372717,FraudTransaction
tx-629-C1230919219-C419372717,ZeroedOriginBalance
tx-629-C1108495258-C337759992,FraudTransaction
tx-629-C1108495258-C337759992,ZeroedOriginBalance
tx-629-C1661851556-C1014616442,FraudTransaction
tx-629-C1661851556-C1014616442,ZeroedOriginBalance
tx-629-C969404866-C1342571272,FraudTransaction
tx-629-C969404866-C1342571272,ZeroedOriginBalance
tx-629-C43243271-C1042226944,FraudTransaction
tx-629-C43243271-C1042226944,HighAmountTransfer
tx-629-C43243271-C1042226944,ZeroedOriginBalance
tx-629-C1384976980-C1778202045,FraudTransaction
tx-629-C1384976980-C1778202045,HighAmountTransfer
tx-629-C1384976980-C1778202045,ZeroedOriginBalance
tx-629-C1597001558-C1628780736,FraudTransaction
tx-629-C1597001558-C1628780736,HighAmountTransfer
tx-629-C1597001558-C1628780736,ZeroedOriginBalance
tx-629-C1501559955-C1221134387,FraudTransaction
tx-629-C1501559955-C1221134387,HighAmountTransfer
tx-629-C1501559955-C1221134387,ZeroedOriginBalance
tx-630-C586820687-C925691503,FraudTransaction
tx-630-C586820687-C925691503,ZeroedOriginBalance
tx-630-C71817191-C1195588352,FraudTransaction
tx-630-C71817191-C1195588352,ZeroedOriginBalance
tx-630-C1843342943-C1534517303,FraudTransaction
tx-630-C1843342943-C1534517303,ZeroedOriginBalance
tx-630-C1934743531-C1197685595,FraudTransaction
tx-630-C1934743531-C1197685595,ZeroedOriginBalance
tx-631-C492478003-C29466655,FraudTransaction
tx-631-C492478003-C29466655,ZeroedOriginBalance
tx-631-C120775344-C188876260,FraudTransaction
tx-631-C120775344-C188876260,ZeroedOriginBalance
tx-631-C1952829902-C1360897728,FraudTransaction
tx-631-C1952829902-C1360897728,ZeroedOriginBalance
tx-631-C667213533-C1882416081,FraudTransaction
tx-631-C667213533-C1882416081,ZeroedOriginBalance
tx-631-C1856399120-C2129842228,FraudTransaction
tx-631-C1856399120-C2129842228,HighAmountTransfer
tx-631-C1856399120-C2129842228,ZeroedOriginBalance
tx-631-C2115055382-C1884304223,FraudTransaction
tx-631-C2115055382-C1884304223,HighAmountTransfer
tx-631-C2115055382-C1884304223,ZeroedOriginBalance
tx-631-C606108347-C357620620,FraudTransaction
tx-631-C606108347-C357620620,ZeroedOriginBalance
tx-631-C630422228-C2009843941,FraudTransaction
tx-631-C630422228-C2009843941,ZeroedOriginBalance
tx-631-C2018514833-C784234900,FraudTransaction
tx-631-C2018514833-C784234900,HighAmountTransfer
tx-631-C256835090-C1369253515,FraudTransaction
tx-631-C256835090-C1369253515,HighAmountTransfer
tx-631-C256835090-C1369253515,ZeroedOriginBalance
tx-631-C681359586-C536531552,FraudTransaction
tx-631-C681359586-C536531552,HighAmountTransfer
tx-631-C681359586-C536531552,ZeroedOriginBalance
tx-631-C384250623-C2002380893,FraudTransaction
tx-631-C384250623-C2002380893,HighAmountTransfer
tx-631-C384250623-C2002380893,ZeroedOriginBalance
tx-632-C1962729026-C1853051693,FraudTransaction
tx-632-C1962729026-C1853051693,ZeroedOriginBalance
tx-632-C6427083-C1751510346,FraudTransaction
tx-632-C6427083-C1751510346,ZeroedOriginBalance
tx-632-C174237554-C974759486,FraudTransaction
tx-632-C174237554-C974759486,ZeroedOriginBalance
tx-632-C2040719079-C1305749769,FraudTransaction
tx-632-C2040719079-C1305749769,ZeroedOriginBalance
tx-632-C1538572034-C2019715796,FraudTransaction
tx-632-C1538572034-C2019715796,ZeroedOriginBalance
tx-632-C1732833995-C80156835,FraudTransaction
tx-632-C1732833995-C80156835,ZeroedOriginBalance
tx-632-C2014216295-C2066467731,FraudTransaction
tx-632-C2014216295-C2066467731,ZeroedOriginBalance
tx-632-C385209439-C815628563,FraudTransaction
tx-632-C385209439-C815628563,ZeroedOriginBalance
tx-633-C1749493036-C1609209169,FraudTransaction
tx-633-C1749493036-C1609209169,ZeroedOriginBalance
tx-633-C1211718725-C1538735,FraudTransaction
tx-633-C1211718725-C1538735,ZeroedOriginBalance
tx-633-C1152970909-C648717098,FraudTransaction
tx-633-C1152970909-C648717098,HighAmountTransfer
tx-633-C1152970909-C648717098,ZeroedOriginBalance
tx-633-C2094498681-C72348796,FraudTransaction
tx-633-C2094498681-C72348796,HighAmountTransfer
tx-633-C2094498681-C72348796,ZeroedOriginBalance
tx-633-C2129660302-C770221962,FraudTransaction
tx-633-C2129660302-C770221962,ZeroedOriginBalance
tx-633-C134085656-C1027510242,FraudTransaction
tx-633-C134085656-C1027510242,ZeroedOriginBalance
tx-633-C2008189700-C1820507846,FraudTransaction
tx-633-C2008189700-C1820507846,ZeroedOriginBalance
tx-633-C1400028457-C1683701941,FraudTransaction
tx-633-C1400028457-C1683701941,ZeroedOriginBalance
tx-634-C386742886-C758149808,FraudTransaction
tx-634-C386742886-C758149808,ZeroedOriginBalance
tx-634-C208900966-C2041696205,FraudTransaction
tx-634-C208900966-C2041696205,ZeroedOriginBalance
tx-634-C1763793632-C1611752752,FraudTransaction
tx-634-C1763793632-C1611752752,ZeroedOriginBalance
tx-634-C129898759-C127351954,FraudTransaction
tx-634-C129898759-C127351954,ZeroedOriginBalance
tx-634-C2040450460-C1735529317,FraudTransaction
tx-634-C2040450460-C1735529317,ZeroedOriginBalance
tx-634-C1776720234-C1185292292,FraudTransaction
tx-634-C1776720234-C1185292292,ZeroedOriginBalance
tx-634-C1776720234-C1185292292,RepeatedFraudDestination
tx-634-C183711980-C987041812,FraudTransaction
tx-634-C183711980-C987041812,HighAmountTransfer
tx-634-C183711980-C987041812,ZeroedOriginBalance
tx-634-C2104655508-C1149132986,FraudTransaction
tx-634-C2104655508-C1149132986,HighAmountTransfer
tx-634-C2104655508-C1149132986,ZeroedOriginBalance
tx-634-C1922018955-C1621235594,FraudTransaction
tx-634-C1922018955-C1621235594,ZeroedOriginBalance
tx-634-C805258361-C791884678,FraudTransaction
tx-634-C805258361-C791884678,ZeroedOriginBalance
tx-635-C1020800306-C2090609585,FraudTransaction
tx-635-C1020800306-C2090609585,HighAmountTransfer
tx-635-C1020800306-C2090609585,ZeroedOriginBalance
tx-635-C1387295459-C1232695275,FraudTransaction
tx-635-C1387295459-C1232695275,HighAmountTransfer
tx-635-C1387295459-C1232695275,ZeroedOriginBalance
tx-635-C1564763592-C516990655,FraudTransaction
tx-635-C1564763592-C516990655,ZeroedOriginBalance
tx-635-C139275925-C651397987,FraudTransaction
tx-635-C139275925-C651397987,ZeroedOriginBalance
tx-635-C1797123067-C1963008787,FraudTransaction
tx-635-C1797123067-C1963008787,ZeroedOriginBalance
tx-635-C764461588-C229248681,FraudTransaction
tx-635-C764461588-C229248681,ZeroedOriginBalance
tx-635-C1873557326-C1002151702,FraudTransaction
tx-635-C1873557326-C1002151702,HighAmountTransfer
tx-635-C1873557326-C1002151702,ZeroedOriginBalance
tx-635-C1928734777-C31164156,FraudTransaction
tx-635-C1928734777-C31164156,HighAmountTransfer
tx-635-C1928734777-C31164156,ZeroedOriginBalance
tx-635-C1982875567-C458044692,FraudTransaction
tx-635-C1982875567-C458044692,ZeroedOriginBalance
tx-635-C1562094367-C126693066,FraudTransaction
tx-635-C1562094367-C126693066,ZeroedOriginBalance
tx-635-C1401151925-C690360356,FraudTransaction
tx-635-C1401151925-C690360356,ZeroedOriginBalance
tx-635-C276282396-C1882040140,FraudTransaction
tx-635-C276282396-C1882040140,ZeroedOriginBalance
tx-635-C1687063682-C451391923,FraudTransaction
tx-635-C1687063682-C451391923,ZeroedOriginBalance
tx-635-C1691189343-C654896050,FraudTransaction
tx-635-C1691189343-C654896050,ZeroedOriginBalance
tx-635-C672095034-C1541306928,FraudTransaction
tx-635-C672095034-C1541306928,ZeroedOriginBalance
tx-635-C87393659-C1571788325,FraudTransaction
tx-635-C87393659-C1571788325,ZeroedOriginBalance
tx-636-C357561283-C1197582921,FraudTransaction
tx-636-C357561283-C1197582921,HighAmountTransfer
tx-636-C357561283-C1197582921,ZeroedOriginBalance
tx-636-C487085645-C576388440,FraudTransaction
tx-636-C487085645-C576388440,HighAmountTransfer
tx-636-C487085645-C576388440,ZeroedOriginBalance
tx-636-C1326188637-C1097922403,FraudTransaction
tx-636-C1326188637-C1097922403,ZeroedOriginBalance
tx-636-C1723552410-C1531239198,FraudTransaction
tx-636-C1723552410-C1531239198,ZeroedOriginBalance
tx-636-C136634417-C209740901,FraudTransaction
tx-636-C136634417-C209740901,ZeroedOriginBalance
tx-636-C988422154-C1638592349,FraudTransaction
tx-636-C988422154-C1638592349,ZeroedOriginBalance
tx-636-C440042528-C1075308511,FraudTransaction
tx-636-C440042528-C1075308511,ZeroedOriginBalance
tx-636-C1137855045-C349558333,FraudTransaction
tx-636-C1137855045-C349558333,ZeroedOriginBalance
tx-636-C1817714534-C1843295387,FraudTransaction
tx-636-C1817714534-C1843295387,ZeroedOriginBalance
tx-636-C131696791-C1282495156,FraudTransaction
tx-636-C131696791-C1282495156,ZeroedOriginBalance
tx-636-C1225529288-C1204122756,FraudTransaction
tx-636-C1225529288-C1204122756,ZeroedOriginBalance
tx-636-C417197262-C1598093158,FraudTransaction
tx-636-C417197262-C1598093158,ZeroedOriginBalance
tx-637-C1367937262-C407576849,FraudTransaction
tx-637-C1367937262-C407576849,ZeroedOriginBalance
tx-637-C1994097574-C1963548176,FraudTransaction
tx-637-C1994097574-C1963548176,ZeroedOriginBalance
tx-637-C2075459960-C515022418,FraudTransaction
tx-637-C2075459960-C515022418,ZeroedOriginBalance
tx-637-C1711336185-C995717060,FraudTransaction
tx-637-C1711336185-C995717060,ZeroedOriginBalance
tx-637-C1685971043-C1679848510,FraudTransaction
tx-637-C1685971043-C1679848510,ZeroedOriginBalance
tx-637-C1975630397-C1563301759,FraudTransaction
tx-637-C1975630397-C1563301759,ZeroedOriginBalance
tx-637-C1198680659-C2025541637,FraudTransaction
tx-637-C1198680659-C2025541637,ZeroedOriginBalance
tx-637-C278640000-C1848818372,FraudTransaction
tx-637-C278640000-C1848818372,ZeroedOriginBalance
tx-637-C196788126-C1000407130,FraudTransaction
tx-637-C196788126-C1000407130,HighAmountTransfer
tx-637-C196788126-C1000407130,ZeroedOriginBalance
tx-637-C2141919864-C1371101627,FraudTransaction
tx-637-C2141919864-C1371101627,HighAmountTransfer
tx-637-C2141919864-C1371101627,ZeroedOriginBalance
tx-637-C1311270979-C1050312634,FraudTransaction
tx-637-C1311270979-C1050312634,ZeroedOriginBalance
tx-637-C172453788-C390359674,FraudTransaction
tx-637-C172453788-C390359674,ZeroedOriginBalance
tx-638-C1604322396-C1515434916,FraudTransaction
tx-638-C1604322396-C1515434916,ZeroedOriginBalance
tx-638-C1587485060-C1268840633,FraudTransaction
tx-638-C1587485060-C1268840633,ZeroedOriginBalance
tx-638-C1081458588-C633958769,FraudTransaction
tx-638-C1081458588-C633958769,ZeroedOriginBalance
tx-638-C146779092-C2005939725,FraudTransaction
tx-638-C146779092-C2005939725,ZeroedOriginBalance
tx-638-C1474481275-C955662088,FraudTransaction
tx-638-C1474481275-C955662088,HighAmountTransfer
tx-638-C1474481275-C955662088,ZeroedOriginBalance
tx-638-C1897380922-C966109219,FraudTransaction
tx-638-C1897380922-C966109219,HighAmountTransfer
tx-638-C1897380922-C966109219,ZeroedOriginBalance
tx-638-C485713115-C1786870760,FraudTransaction
tx-638-C485713115-C1786870760,HighAmountTransfer
tx-638-C485713115-C1786870760,ZeroedOriginBalance
tx-638-C1776782746-C915520756,FraudTransaction
tx-638-C1776782746-C915520756,HighAmountTransfer
tx-638-C1776782746-C915520756,ZeroedOriginBalance
tx-638-C682034633-C650703118,FraudTransaction
tx-638-C682034633-C650703118,ZeroedOriginBalance
tx-638-C1688050315-C406482973,FraudTransaction
tx-638-C1688050315-C406482973,ZeroedOriginBalance
tx-638-C918684226-C1674571647,FraudTransaction
tx-638-C918684226-C1674571647,HighAmountTransfer
tx-638-C918684226-C1674571647,ZeroedOriginBalance
tx-638-C2134692608-C775400277,FraudTransaction
tx-638-C2134692608-C775400277,HighAmountTransfer
tx-638-C2134692608-C775400277,ZeroedOriginBalance
tx-638-C856398760-C776566815,FraudTransaction
tx-638-C856398760-C776566815,ZeroedOriginBalance
tx-638-C103861454-C1002939134,FraudTransaction
tx-638-C103861454-C1002939134,ZeroedOriginBalance
tx-639-C541466200-C1815388266,FraudTransaction
tx-639-C541466200-C1815388266,ZeroedOriginBalance
tx-639-C964390275-C448797974,FraudTransaction
tx-639-C964390275-C448797974,ZeroedOriginBalance
tx-639-C246515037-C1455585247,FraudTransaction
tx-639-C246515037-C1455585247,ZeroedOriginBalance
tx-639-C432374768-C1055938470,FraudTransaction
tx-639-C432374768-C1055938470,ZeroedOriginBalance
tx-639-C1372327870-C608537873,FraudTransaction
tx-639-C1372327870-C608537873,ZeroedOriginBalance
tx-639-C224350249-C1555994470,FraudTransaction
tx-639-C224350249-C1555994470,ZeroedOriginBalance
tx-639-C264677298-C1391038998,FraudTransaction
tx-639-C264677298-C1391038998,ZeroedOriginBalance
tx-639-C975798201-C1514143343,FraudTransaction
tx-639-C975798201-C1514143343,ZeroedOriginBalance
tx-639-C187250365-C1147976411,FraudTransaction
tx-639-C187250365-C1147976411,ZeroedOriginBalance
tx-639-C2080432617-C1212610718,FraudTransaction
tx-639-C2080432617-C1212610718,ZeroedOriginBalance
tx-639-C1187062508-C477677741,FraudTransaction
tx-639-C1187062508-C477677741,ZeroedOriginBalance
tx-639-C929319226-C1153867548,FraudTransaction
tx-639-C929319226-C1153867548,ZeroedOriginBalance
tx-639-C1966738869-C248194392,FraudTransaction
tx-639-C1966738869-C248194392,ZeroedOriginBalance
tx-639-C240039250-C1194562767,FraudTransaction
tx-639-C240039250-C1194562767,ZeroedOriginBalance
tx-640-C1054999314-C2115677481,FraudTransaction
tx-640-C1054999314-C2115677481,ZeroedOriginBalance
tx-640-C1218269262-C559467589,FraudTransaction
tx-640-C1218269262-C559467589,ZeroedOriginBalance
tx-640-C1731441733-C1865669810,FraudTransaction
tx-640-C1731441733-C1865669810,HighAmountTransfer
tx-640-C1731441733-C1865669810,ZeroedOriginBalance
tx-640-C1842845711-C2019281736,FraudTransaction
tx-640-C1842845711-C2019281736,HighAmountTransfer
tx-640-C1842845711-C2019281736,ZeroedOriginBalance
tx-640-C372542470-C1271215958,FraudTransaction
tx-640-C372542470-C1271215958,ZeroedOriginBalance
tx-640-C1758075827-C359739038,FraudTransaction
tx-640-C1758075827-C359739038,ZeroedOriginBalance
tx-640-C1236485428-C1412551637,FraudTransaction
tx-640-C1236485428-C1412551637,ZeroedOriginBalance
tx-640-C981772775-C49776683,FraudTransaction
tx-640-C981772775-C49776683,ZeroedOriginBalance
tx-640-C1365004104-C724484152,FraudTransaction
tx-640-C1365004104-C724484152,ZeroedOriginBalance
tx-640-C1388934597-C1218759117,FraudTransaction
tx-640-C1388934597-C1218759117,ZeroedOriginBalance
tx-640-C92605772-C296814369,FraudTransaction
tx-640-C92605772-C296814369,ZeroedOriginBalance
tx-640-C1092813707-C769266186,FraudTransaction
tx-640-C1092813707-C769266186,ZeroedOriginBalance
tx-640-C723906274-C1934229125,FraudTransaction
tx-640-C723906274-C1934229125,HighAmountTransfer
tx-640-C723906274-C1934229125,ZeroedOriginBalance
tx-640-C1349492818-C831536312,FraudTransaction
tx-640-C1349492818-C831536312,HighAmountTransfer
tx-640-C1349492818-C831536312,ZeroedOriginBalance
tx-641-C764985389-C1105589576,FraudTransaction
tx-641-C764985389-C1105589576,HighAmountTransfer
tx-641-C764985389-C1105589576,ZeroedOriginBalance
tx-641-C821430696-C187106136,FraudTransaction
tx-641-C821430696-C187106136,HighAmountTransfer
tx-641-C821430696-C187106136,ZeroedOriginBalance
tx-641-C25477587-C234682668,FraudTransaction
tx-641-C25477587-C234682668,ZeroedOriginBalance
tx-641-C1938167452-C700621528,FraudTransaction
tx-641-C1938167452-C700621528,ZeroedOriginBalance
tx-641-C615237336-C418577182,FraudTransaction
tx-641-C615237336-C418577182,ZeroedOriginBalance
tx-641-C649566267-C1937119864,FraudTransaction
tx-641-C649566267-C1937119864,ZeroedOriginBalance
tx-641-C18505575-C140141487,FraudTransaction
tx-641-C18505575-C140141487,HighAmountTransfer
tx-641-C18505575-C140141487,ZeroedOriginBalance
tx-641-C1114344238-C1868182822,FraudTransaction
tx-641-C1114344238-C1868182822,HighAmountTransfer
tx-641-C1114344238-C1868182822,ZeroedOriginBalance
tx-641-C948701373-C1700955983,FraudTransaction
tx-641-C948701373-C1700955983,ZeroedOriginBalance
tx-641-C585116119-C275095873,FraudTransaction
tx-641-C585116119-C275095873,ZeroedOriginBalance
tx-642-C858235429-C1542396636,FraudTransaction
tx-642-C858235429-C1542396636,ZeroedOriginBalance
tx-642-C1938184125-C88359761,FraudTransaction
tx-642-C1938184125-C88359761,ZeroedOriginBalance
tx-642-C139028296-C1429403173,FraudTransaction
tx-642-C139028296-C1429403173,ZeroedOriginBalance
tx-642-C1585523750-C1744383627,FraudTransaction
tx-642-C1585523750-C1744383627,ZeroedOriginBalance
tx-642-C1547797101-C1070729572,FraudTransaction
tx-642-C1547797101-C1070729572,ZeroedOriginBalance
tx-642-C460303753-C1656286463,FraudTransaction
tx-642-C460303753-C1656286463,ZeroedOriginBalance
tx-642-C680982592-C1213851559,FraudTransaction
tx-642-C680982592-C1213851559,ZeroedOriginBalance
tx-642-C898755281-C562356670,FraudTransaction
tx-642-C898755281-C562356670,ZeroedOriginBalance
tx-643-C1658683875-C137816170,FraudTransaction
tx-643-C1658683875-C137816170,HighAmountTransfer
tx-643-C1658683875-C137816170,ZeroedOriginBalance
tx-643-C331136549-C447175296,FraudTransaction
tx-643-C331136549-C447175296,HighAmountTransfer
tx-643-C331136549-C447175296,ZeroedOriginBalance
tx-643-C876539224-C1530583472,FraudTransaction
tx-643-C876539224-C1530583472,ZeroedOriginBalance
tx-643-C933301215-C306147226,FraudTransaction
tx-643-C933301215-C306147226,ZeroedOriginBalance
tx-643-C964511313-C2000898325,FraudTransaction
tx-643-C964511313-C2000898325,ZeroedOriginBalance
tx-643-C1338415821-C1852367071,FraudTransaction
tx-643-C1338415821-C1852367071,ZeroedOriginBalance
tx-643-C215087680-C2112991793,FraudTransaction
tx-643-C215087680-C2112991793,ZeroedOriginBalance
tx-643-C856811510-C187881338,FraudTransaction
tx-643-C856811510-C187881338,ZeroedOriginBalance
tx-643-C1619881995-C293156526,FraudTransaction
tx-643-C1619881995-C293156526,ZeroedOriginBalance
tx-643-C459709989-C632646357,FraudTransaction
tx-643-C459709989-C632646357,ZeroedOriginBalance
tx-643-C409367795-C1969995735,FraudTransaction
tx-643-C409367795-C1969995735,ZeroedOriginBalance
tx-643-C611589726-C1052510610,FraudTransaction
tx-643-C611589726-C1052510610,ZeroedOriginBalance
tx-643-C796012531-C848830970,FraudTransaction
tx-643-C796012531-C848830970,HighAmountTransfer
tx-643-C796012531-C848830970,ZeroedOriginBalance
tx-643-C4856718-C488060391,FraudTransaction
tx-643-C4856718-C488060391,HighAmountTransfer
tx-643-C4856718-C488060391,ZeroedOriginBalance
tx-644-C1174372985-C770656459,FraudTransaction
tx-644-C1174372985-C770656459,ZeroedOriginBalance
tx-644-C889625469-C778459251,FraudTransaction
tx-644-C889625469-C778459251,ZeroedOriginBalance
tx-644-C1886391505-C137422698,FraudTransaction
tx-644-C1886391505-C137422698,ZeroedOriginBalance
tx-644-C896934166-C1065611861,FraudTransaction
tx-644-C896934166-C1065611861,ZeroedOriginBalance
tx-644-C2054490083-C469157358,FraudTransaction
tx-644-C2054490083-C469157358,ZeroedOriginBalance
tx-644-C786682293-C995315551,FraudTransaction
tx-644-C786682293-C995315551,ZeroedOriginBalance
tx-644-C594373709-C2071706455,FraudTransaction
tx-644-C594373709-C2071706455,HighAmountTransfer
tx-644-C594373709-C2071706455,ZeroedOriginBalance
tx-644-C694579714-C672316377,FraudTransaction
tx-644-C694579714-C672316377,HighAmountTransfer
tx-644-C694579714-C672316377,ZeroedOriginBalance
tx-644-C461413843-C1733340039,FraudTransaction
tx-644-C461413843-C1733340039,ZeroedOriginBalance
tx-644-C583549280-C1565397957,FraudTransaction
tx-644-C583549280-C1565397957,ZeroedOriginBalance
tx-645-C1925284457-C2048290400,FraudTransaction
tx-645-C1925284457-C2048290400,ZeroedOriginBalance
tx-645-C219928629-C1845454349,FraudTransaction
tx-645-C219928629-C1845454349,ZeroedOriginBalance
tx-645-C799225890-C478771313,FraudTransaction
tx-645-C799225890-C478771313,HighAmountTransfer
tx-645-C276347571-C1823815645,FraudTransaction
tx-645-C276347571-C1823815645,HighAmountTransfer
tx-645-C276347571-C1823815645,ZeroedOriginBalance
tx-645-C1859428383-C1424577358,FraudTransaction
tx-645-C1859428383-C1424577358,HighAmountTransfer
tx-645-C1859428383-C1424577358,ZeroedOriginBalance
tx-645-C1029506944-C1873712086,FraudTransaction
tx-645-C1029506944-C1873712086,HighAmountTransfer
tx-645-C1029506944-C1873712086,ZeroedOriginBalance
tx-645-C193546785-C214988457,FraudTransaction
tx-645-C193546785-C214988457,ZeroedOriginBalance
tx-645-C1592906945-C379003317,FraudTransaction
tx-645-C1592906945-C379003317,ZeroedOriginBalance
tx-645-C367940440-C166648181,FraudTransaction
tx-645-C367940440-C166648181,ZeroedOriginBalance
tx-645-C1079650146-C429196571,FraudTransaction
tx-645-C1079650146-C429196571,ZeroedOriginBalance
tx-646-C695109550-C21214474,FraudTransaction
tx-646-C695109550-C21214474,ZeroedOriginBalance
tx-646-C1541348158-C264230226,FraudTransaction
tx-646-C1541348158-C264230226,ZeroedOriginBalance
tx-646-C1047530413-C665289555,FraudTransaction
tx-646-C1047530413-C665289555,ZeroedOriginBalance
tx-646-C1262709265-C1378862826,FraudTransaction
tx-646-C1262709265-C1378862826,ZeroedOriginBalance
tx-646-C382584608-C1129582294,FraudTransaction
tx-646-C382584608-C1129582294,HighAmountTransfer
tx-646-C896022572-C1741236640,FraudTransaction
tx-646-C896022572-C1741236640,HighAmountTransfer
tx-646-C896022572-C1741236640,ZeroedOriginBalance
tx-646-C192639055-C63453823,FraudTransaction
tx-646-C192639055-C63453823,HighAmountTransfer
tx-646-C192639055-C63453823,ZeroedOriginBalance
tx-646-C1530429651-C188203281,FraudTransaction
tx-646-C1530429651-C188203281,HighAmountTransfer
tx-646-C1530429651-C188203281,ZeroedOriginBalance
tx-646-C590657619-C1971187430,FraudTransaction
tx-646-C590657619-C1971187430,HighAmountTransfer
tx-646-C1474911553-C503835851,FraudTransaction
tx-646-C1474911553-C503835851,HighAmountTransfer
tx-646-C1474911553-C503835851,ZeroedOriginBalance
tx-646-C130070267-C970791522,FraudTransaction
tx-646-C130070267-C970791522,HighAmountTransfer
tx-646-C409047240-C325570373,FraudTransaction
tx-646-C409047240-C325570373,HighAmountTransfer
tx-646-C409047240-C325570373,ZeroedOriginBalance
tx-646-C512841143-C832210168,FraudTransaction
tx-646-C512841143-C832210168,HighAmountTransfer
tx-646-C51318897-C259016801,FraudTransaction
tx-646-C51318897-C259016801,HighAmountTransfer
tx-646-C51318897-C259016801,ZeroedOriginBalance
tx-646-C24775045-C494244936,FraudTransaction
tx-646-C24775045-C494244936,HighAmountTransfer
tx-646-C352927410-C593822721,FraudTransaction
tx-646-C352927410-C593822721,HighAmountTransfer
tx-646-C352927410-C593822721,ZeroedOriginBalance
tx-646-C19004745-C1806199534,FraudTransaction
tx-646-C19004745-C1806199534,HighAmountTransfer
tx-646-C2060908932-C1587892888,FraudTransaction
tx-646-C724693370-C1909486199,FraudTransaction
tx-646-C1997645312-C601248796,FraudTransaction
tx-647-C1809717536-C2035598878,FraudTransaction
tx-647-C1809717536-C2035598878,ZeroedOriginBalance
tx-647-C1010063091-C2139077916,FraudTransaction
tx-647-C1010063091-C2139077916,ZeroedOriginBalance
tx-647-C1995588993-C1782972951,FraudTransaction
tx-647-C1995588993-C1782972951,ZeroedOriginBalance
tx-647-C334503836-C69373122,FraudTransaction
tx-647-C334503836-C69373122,ZeroedOriginBalance
tx-647-C142345179-C1700658534,FraudTransaction
tx-647-C142345179-C1700658534,HighAmountTransfer
tx-647-C142345179-C1700658534,ZeroedOriginBalance
tx-647-C375476201-C1907987459,FraudTransaction
tx-647-C375476201-C1907987459,HighAmountTransfer
tx-647-C375476201-C1907987459,ZeroedOriginBalance
tx-647-C1918619369-C1942317737,FraudTransaction
tx-647-C1918619369-C1942317737,HighAmountTransfer
tx-647-C1918619369-C1942317737,ZeroedOriginBalance
tx-647-C1631859649-C526945673,FraudTransaction
tx-647-C1631859649-C526945673,HighAmountTransfer
tx-647-C1631859649-C526945673,ZeroedOriginBalance
tx-647-C164529897-C1837582167,FraudTransaction
tx-647-C164529897-C1837582167,ZeroedOriginBalance
tx-647-C357338686-C831722456,FraudTransaction
tx-647-C357338686-C831722456,ZeroedOriginBalance
tx-648-C313989858-C969680632,FraudTransaction
tx-648-C313989858-C969680632,ZeroedOriginBalance
tx-648-C1409902854-C1543232665,FraudTransaction
tx-648-C1409902854-C1543232665,ZeroedOriginBalance
tx-648-C174708557-C1964948476,FraudTransaction
tx-648-C174708557-C1964948476,ZeroedOriginBalance
tx-648-C1516959235-C1812639726,FraudTransaction
tx-648-C1516959235-C1812639726,ZeroedOriginBalance
tx-648-C1889568678-C1906681343,FraudTransaction
tx-648-C1889568678-C1906681343,HighAmountTransfer
tx-648-C1889568678-C1906681343,ZeroedOriginBalance
tx-648-C1878954477-C1745741148,FraudTransaction
tx-648-C1878954477-C1745741148,HighAmountTransfer
tx-648-C1878954477-C1745741148,ZeroedOriginBalance
tx-648-C728363232-C2023858069,FraudTransaction
tx-648-C728363232-C2023858069,ZeroedOriginBalance
tx-648-C641646944-C951980885,FraudTransaction
tx-648-C641646944-C951980885,ZeroedOriginBalance
tx-648-C1389887414-C452478400,FraudTransaction
tx-648-C1389887414-C452478400,ZeroedOriginBalance
tx-648-C1228762616-C596041250,FraudTransaction
tx-648-C1228762616-C596041250,ZeroedOriginBalance
tx-648-C766999247-C1200809974,FraudTransaction
tx-648-C766999247-C1200809974,ZeroedOriginBalance
tx-648-C2110950360-C1146126166,FraudTransaction
tx-648-C2110950360-C1146126166,ZeroedOriginBalance
tx-648-C278258075-C28830193,FraudTransaction
tx-648-C278258075-C28830193,HighAmountTransfer
tx-648-C278258075-C28830193,ZeroedOriginBalance
tx-648-C845487324-C1150675695,FraudTransaction
tx-648-C845487324-C1150675695,HighAmountTransfer
tx-648-C845487324-C1150675695,ZeroedOriginBalance
tx-649-C1014484059-C1745685493,FraudTransaction
tx-649-C1014484059-C1745685493,ZeroedOriginBalance
tx-649-C347416384-C636863555,FraudTransaction
tx-649-C347416384-C636863555,ZeroedOriginBalance
tx-649-C1351652548-C1346465513,FraudTransaction
tx-649-C1351652548-C1346465513,ZeroedOriginBalance
tx-649-C607706509-C1138209414,FraudTransaction
tx-649-C607706509-C1138209414,ZeroedOriginBalance
tx-649-C333851574-C1907611858,FraudTransaction
tx-649-C333851574-C1907611858,ZeroedOriginBalance
tx-649-C164247053-C5335612,FraudTransaction
tx-649-C164247053-C5335612,ZeroedOriginBalance
tx-649-C1185407067-C1105743477,FraudTransaction
tx-649-C1185407067-C1105743477,ZeroedOriginBalance
tx-649-C31510434-C1809202550,FraudTransaction
tx-649-C31510434-C1809202550,ZeroedOriginBalance
tx-649-C881360677-C41986446,FraudTransaction
tx-649-C881360677-C41986446,ZeroedOriginBalance
tx-649-C1931992336-C2013008658,FraudTransaction
tx-649-C1931992336-C2013008658,ZeroedOriginBalance
tx-650-C1190439284-C916277817,FraudTransaction
tx-650-C1190439284-C916277817,HighAmountTransfer
tx-650-C1190439284-C916277817,ZeroedOriginBalance
tx-650-C631132881-C354729462,FraudTransaction
tx-650-C631132881-C354729462,HighAmountTransfer
tx-650-C631132881-C354729462,ZeroedOriginBalance
tx-650-C1545632149-C1733725096,FraudTransaction
tx-650-C1545632149-C1733725096,ZeroedOriginBalance
tx-650-C1927136049-C267842927,FraudTransaction
tx-650-C1927136049-C267842927,ZeroedOriginBalance
tx-650-C293694231-C1212401014,FraudTransaction
tx-650-C293694231-C1212401014,ZeroedOriginBalance
tx-650-C1180613420-C1976314551,FraudTransaction
tx-650-C1180613420-C1976314551,ZeroedOriginBalance
tx-650-C435003043-C1552080163,FraudTransaction
tx-650-C435003043-C1552080163,ZeroedOriginBalance
tx-650-C87360228-C1275559183,FraudTransaction
tx-650-C87360228-C1275559183,ZeroedOriginBalance
tx-650-C536221830-C659146767,FraudTransaction
tx-650-C536221830-C659146767,ZeroedOriginBalance
tx-650-C742545295-C1776178192,FraudTransaction
tx-650-C742545295-C1776178192,ZeroedOriginBalance
tx-650-C1504697378-C1780665537,FraudTransaction
tx-650-C1504697378-C1780665537,HighAmountTransfer
tx-650-C1504697378-C1780665537,ZeroedOriginBalance
tx-650-C1956698065-C1464410535,FraudTransaction
tx-650-C1956698065-C1464410535,HighAmountTransfer
tx-650-C1956698065-C1464410535,ZeroedOriginBalance
tx-650-C1539163115-C49597857,FraudTransaction
tx-650-C1539163115-C49597857,ZeroedOriginBalance
tx-650-C1711085884-C1148781766,FraudTransaction
tx-650-C1711085884-C1148781766,ZeroedOriginBalance
tx-650-C1711085884-C1148781766,RepeatedFraudDestination
tx-650-C1117030253-C1682998072,FraudTransaction
tx-650-C1117030253-C1682998072,ZeroedOriginBalance
tx-650-C821616305-C1559145787,FraudTransaction
tx-650-C821616305-C1559145787,ZeroedOriginBalance
tx-651-C527353912-C99611102,FraudTransaction
tx-651-C527353912-C99611102,ZeroedOriginBalance
tx-651-C1641644327-C1447531864,FraudTransaction
tx-651-C1641644327-C1447531864,ZeroedOriginBalance
tx-651-C135132555-C409217818,FraudTransaction
tx-651-C135132555-C409217818,HighAmountTransfer
tx-651-C135132555-C409217818,ZeroedOriginBalance
tx-651-C1884318665-C687662145,FraudTransaction
tx-651-C1884318665-C687662145,HighAmountTransfer
tx-651-C1884318665-C687662145,ZeroedOriginBalance
tx-651-C429282035-C1318460385,FraudTransaction
tx-651-C429282035-C1318460385,HighAmountTransfer
tx-651-C429282035-C1318460385,ZeroedOriginBalance
tx-651-C887830623-C1319987164,FraudTransaction
tx-651-C887830623-C1319987164,HighAmountTransfer
tx-651-C887830623-C1319987164,ZeroedOriginBalance
tx-651-C554735206-C1403855588,FraudTransaction
tx-651-C554735206-C1403855588,ZeroedOriginBalance
tx-651-C917298078-C979963361,FraudTransaction
tx-651-C917298078-C979963361,ZeroedOriginBalance
tx-651-C504273308-C1723740840,FraudTransaction
tx-651-C504273308-C1723740840,ZeroedOriginBalance
tx-651-C1340594574-C1088639142,FraudTransaction
tx-651-C1340594574-C1088639142,ZeroedOriginBalance
tx-652-C1580037772-C1784796594,FraudTransaction
tx-652-C1580037772-C1784796594,ZeroedOriginBalance
tx-652-C1357888616-C1949432790,FraudTransaction
tx-652-C1357888616-C1949432790,ZeroedOriginBalance
tx-652-C1683729969-C557033420,FraudTransaction
tx-652-C1683729969-C557033420,HighAmountTransfer
tx-652-C1683729969-C557033420,ZeroedOriginBalance
tx-652-C1312139303-C1072804612,FraudTransaction
tx-652-C1312139303-C1072804612,HighAmountTransfer
tx-652-C1312139303-C1072804612,ZeroedOriginBalance
tx-652-C2073636475-C1794713001,FraudTransaction
tx-652-C2073636475-C1794713001,ZeroedOriginBalance
tx-652-C1454952860-C71447859,FraudTransaction
tx-652-C1454952860-C71447859,ZeroedOriginBalance
tx-652-C1873532764-C205442516,FraudTransaction
tx-652-C1873532764-C205442516,ZeroedOriginBalance
tx-652-C205274654-C1586846066,FraudTransaction
tx-652-C205274654-C1586846066,ZeroedOriginBalance
tx-652-C1046754068-C254188443,FraudTransaction
tx-652-C1046754068-C254188443,ZeroedOriginBalance
tx-652-C784347509-C1769542876,FraudTransaction
tx-652-C784347509-C1769542876,ZeroedOriginBalance
tx-652-C534774470-C304432488,FraudTransaction
tx-652-C534774470-C304432488,HighAmountTransfer
tx-652-C534774470-C304432488,ZeroedOriginBalance
tx-652-C1916867562-C499193602,FraudTransaction
tx-652-C1916867562-C499193602,HighAmountTransfer
tx-652-C1916867562-C499193602,ZeroedOriginBalance
tx-652-C1839358501-C1153377397,FraudTransaction
tx-652-C1839358501-C1153377397,ZeroedOriginBalance
tx-652-C1111928189-C909134894,FraudTransaction
tx-652-C1111928189-C909134894,ZeroedOriginBalance
tx-653-C1563386305-C2099892089,FraudTransaction
tx-653-C1563386305-C2099892089,ZeroedOriginBalance
tx-653-C655091661-C1527942932,FraudTransaction
tx-653-C655091661-C1527942932,ZeroedOriginBalance
tx-653-C1497766467-C543477940,FraudTransaction
tx-653-C1497766467-C543477940,ZeroedOriginBalance
tx-653-C773613907-C1518370196,FraudTransaction
tx-653-C773613907-C1518370196,ZeroedOriginBalance
tx-653-C144389176-C631598380,FraudTransaction
tx-653-C144389176-C631598380,ZeroedOriginBalance
tx-653-C1893109609-C1681867891,FraudTransaction
tx-653-C1893109609-C1681867891,ZeroedOriginBalance
tx-653-C652500321-C430642994,FraudTransaction
tx-653-C652500321-C430642994,ZeroedOriginBalance
tx-653-C2106574163-C408852113,FraudTransaction
tx-653-C2106574163-C408852113,ZeroedOriginBalance
tx-654-C1730244452-C1093803514,FraudTransaction
tx-654-C1730244452-C1093803514,ZeroedOriginBalance
tx-654-C356205172-C1034144865,FraudTransaction
tx-654-C356205172-C1034144865,ZeroedOriginBalance
tx-654-C296753895-C254269192,FraudTransaction
tx-654-C296753895-C254269192,HighAmountTransfer
tx-654-C296753895-C254269192,ZeroedOriginBalance
tx-654-C303493343-C1404739013,FraudTransaction
tx-654-C303493343-C1404739013,HighAmountTransfer
tx-654-C303493343-C1404739013,ZeroedOriginBalance
tx-654-C2116089782-C1859562706,FraudTransaction
tx-654-C2116089782-C1859562706,ZeroedOriginBalance
tx-654-C835134180-C57292104,FraudTransaction
tx-654-C835134180-C57292104,ZeroedOriginBalance
tx-654-C12780702-C548495641,FraudTransaction
tx-654-C12780702-C548495641,ZeroedOriginBalance
tx-654-C857672087-C1387515555,FraudTransaction
tx-654-C857672087-C1387515555,ZeroedOriginBalance
tx-655-C1000036340-C1958275811,FraudTransaction
tx-655-C1000036340-C1958275811,ZeroedOriginBalance
tx-655-C1465089227-C1608668742,FraudTransaction
tx-655-C1465089227-C1608668742,ZeroedOriginBalance
tx-655-C454963917-C1328313675,FraudTransaction
tx-655-C454963917-C1328313675,ZeroedOriginBalance
tx-655-C959463249-C854630819,FraudTransaction
tx-655-C959463249-C854630819,ZeroedOriginBalance
tx-656-C1608445918-C797035468,FraudTransaction
tx-656-C1608445918-C797035468,ZeroedOriginBalance
tx-656-C68542606-C1411993803,FraudTransaction
tx-656-C68542606-C1411993803,ZeroedOriginBalance
tx-656-C70903191-C1341550882,FraudTransaction
tx-656-C70903191-C1341550882,ZeroedOriginBalance
tx-656-C379668471-C1699960133,FraudTransaction
tx-656-C379668471-C1699960133,ZeroedOriginBalance
tx-656-C817947790-C1736479998,FraudTransaction
tx-656-C817947790-C1736479998,ZeroedOriginBalance
tx-656-C1974514643-C474804465,FraudTransaction
tx-656-C1974514643-C474804465,ZeroedOriginBalance
tx-656-C554608123-C532377290,FraudTransaction
tx-656-C554608123-C532377290,HighAmountTransfer
tx-656-C554608123-C532377290,ZeroedOriginBalance
tx-656-C1372628002-C1058427074,FraudTransaction
tx-656-C1372628002-C1058427074,HighAmountTransfer
tx-656-C1372628002-C1058427074,ZeroedOriginBalance
tx-656-C904749186-C1046618860,FraudTransaction
tx-656-C904749186-C1046618860,ZeroedOriginBalance
tx-656-C38948739-C533828275,FraudTransaction
tx-656-C38948739-C533828275,ZeroedOriginBalance
tx-656-C307234825-C949239257,FraudTransaction
tx-656-C307234825-C949239257,ZeroedOriginBalance
tx-656-C2014517092-C1002952732,FraudTransaction
tx-656-C2014517092-C1002952732,ZeroedOriginBalance
tx-656-C579843849-C1006401921,FraudTransaction
tx-656-C579843849-C1006401921,ZeroedOriginBalance
tx-656-C2028520999-C224273997,FraudTransaction
tx-656-C2028520999-C224273997,ZeroedOriginBalance
tx-656-C890580817-C1496820416,FraudTransaction
tx-656-C890580817-C1496820416,ZeroedOriginBalance
tx-656-C334271518-C2013684634,FraudTransaction
tx-656-C334271518-C2013684634,ZeroedOriginBalance
tx-657-C1209540867-C1041044080,FraudTransaction
tx-657-C1209540867-C1041044080,HighAmountTransfer
tx-657-C1209540867-C1041044080,ZeroedOriginBalance
tx-657-C765888387-C1289554700,FraudTransaction
tx-657-C765888387-C1289554700,HighAmountTransfer
tx-657-C765888387-C1289554700,ZeroedOriginBalance
tx-657-C1550289532-C1640654311,FraudTransaction
tx-657-C1550289532-C1640654311,ZeroedOriginBalance
tx-657-C2052119405-C1101469852,FraudTransaction
tx-657-C2052119405-C1101469852,ZeroedOriginBalance
tx-657-C1934228765-C1515275129,FraudTransaction
tx-657-C1934228765-C1515275129,ZeroedOriginBalance
tx-657-C1783297640-C619574054,FraudTransaction
tx-657-C1783297640-C619574054,ZeroedOriginBalance
tx-657-C178173239-C271271665,FraudTransaction
tx-657-C178173239-C271271665,HighAmountTransfer
tx-657-C178173239-C271271665,ZeroedOriginBalance
tx-657-C1995017402-C1613053666,FraudTransaction
tx-657-C1995017402-C1613053666,HighAmountTransfer
tx-657-C1995017402-C1613053666,ZeroedOriginBalance
tx-657-C1249125999-C435845039,FraudTransaction
tx-657-C1249125999-C435845039,HighAmountTransfer
tx-657-C1249125999-C435845039,ZeroedOriginBalance
tx-657-C1999663359-C944268161,FraudTransaction
tx-657-C1999663359-C944268161,HighAmountTransfer
tx-657-C1999663359-C944268161,ZeroedOriginBalance
tx-658-C1419011226-C150488099,FraudTransaction
tx-658-C1419011226-C150488099,HighAmountTransfer
tx-658-C1419011226-C150488099,ZeroedOriginBalance
tx-658-C1590395791-C1505080875,FraudTransaction
tx-658-C1590395791-C1505080875,HighAmountTransfer
tx-658-C1590395791-C1505080875,ZeroedOriginBalance
tx-658-C465687817-C765570809,FraudTransaction
tx-658-C465687817-C765570809,ZeroedOriginBalance
tx-658-C1046356419-C1603948163,FraudTransaction
tx-658-C1046356419-C1603948163,ZeroedOriginBalance
tx-658-C1234776614-C1827585745,FraudTransaction
tx-658-C1234776614-C1827585745,ZeroedOriginBalance
tx-658-C1271662433-C4388262,FraudTransaction
tx-658-C1271662433-C4388262,ZeroedOriginBalance
tx-658-C1580268172-C1057362317,FraudTransaction
tx-658-C1580268172-C1057362317,ZeroedOriginBalance
tx-658-C288327856-C1847735500,FraudTransaction
tx-658-C288327856-C1847735500,ZeroedOriginBalance
tx-658-C287805617-C2077204488,FraudTransaction
tx-658-C287805617-C2077204488,ZeroedOriginBalance
tx-658-C989559547-C537664657,FraudTransaction
tx-658-C989559547-C537664657,ZeroedOriginBalance
tx-658-C1665536946-C752144431,FraudTransaction
tx-658-C1665536946-C752144431,ZeroedOriginBalance
tx-658-C247557474-C1026686567,FraudTransaction
tx-658-C247557474-C1026686567,ZeroedOriginBalance
tx-658-C13225797-C600757779,FraudTransaction
tx-658-C13225797-C600757779,HighAmountTransfer
tx-658-C13225797-C600757779,ZeroedOriginBalance
tx-658-C140720435-C993905449,FraudTransaction
tx-658-C140720435-C993905449,HighAmountTransfer
tx-658-C140720435-C993905449,ZeroedOriginBalance
tx-659-C552198318-C341414106,FraudTransaction
tx-659-C552198318-C341414106,HighAmountTransfer
tx-659-C552198318-C341414106,ZeroedOriginBalance
tx-659-C780642333-C320130063,FraudTransaction
tx-659-C780642333-C320130063,HighAmountTransfer
tx-659-C780642333-C320130063,ZeroedOriginBalance
tx-659-C2035870900-C1336055115,FraudTransaction
tx-659-C2035870900-C1336055115,HighAmountTransfer
tx-659-C2035870900-C1336055115,ZeroedOriginBalance
tx-659-C1217465014-C1474379579,FraudTransaction
tx-659-C1217465014-C1474379579,HighAmountTransfer
tx-659-C1217465014-C1474379579,ZeroedOriginBalance
tx-659-C1316214248-C258297830,FraudTransaction
tx-659-C1316214248-C258297830,ZeroedOriginBalance
tx-659-C1270665617-C465118409,FraudTransaction
tx-659-C1270665617-C465118409,ZeroedOriginBalance
tx-659-C1167620756-C1180137565,FraudTransaction
tx-659-C1167620756-C1180137565,ZeroedOriginBalance
tx-659-C1424396112-C1810367119,FraudTransaction
tx-659-C1424396112-C1810367119,ZeroedOriginBalance
tx-659-C1167513964-C1455896575,FraudTransaction
tx-659-C1167513964-C1455896575,HighAmountTransfer
tx-659-C1167513964-C1455896575,ZeroedOriginBalance
tx-659-C1969225423-C402356824,FraudTransaction
tx-659-C1969225423-C402356824,HighAmountTransfer
tx-659-C1969225423-C402356824,ZeroedOriginBalance
tx-660-C402057107-C1957774921,FraudTransaction
tx-660-C402057107-C1957774921,ZeroedOriginBalance
tx-660-C808321528-C314882858,FraudTransaction
tx-660-C808321528-C314882858,ZeroedOriginBalance
tx-660-C141049972-C823707248,FraudTransaction
tx-660-C141049972-C823707248,ZeroedOriginBalance
tx-660-C659685895-C846863842,FraudTransaction
tx-660-C659685895-C846863842,ZeroedOriginBalance
tx-660-C121156353-C142613727,FraudTransaction
tx-660-C121156353-C142613727,ZeroedOriginBalance
tx-660-C1205421023-C231892160,FraudTransaction
tx-660-C1205421023-C231892160,ZeroedOriginBalance
tx-660-C226017456-C116841547,FraudTransaction
tx-660-C226017456-C116841547,ZeroedOriginBalance
tx-660-C982362402-C1249564972,FraudTransaction
tx-660-C982362402-C1249564972,ZeroedOriginBalance
tx-660-C1815959102-C2020586953,FraudTransaction
tx-660-C1815959102-C2020586953,ZeroedOriginBalance
tx-660-C853796614-C1244384695,FraudTransaction
tx-660-C853796614-C1244384695,ZeroedOriginBalance
tx-660-C675587163-C1770033069,FraudTransaction
tx-660-C675587163-C1770033069,ZeroedOriginBalance
tx-660-C213157987-C1929563622,FraudTransaction
tx-660-C213157987-C1929563622,ZeroedOriginBalance
tx-661-C1895081516-C849791185,FraudTransaction
tx-661-C1895081516-C849791185,HighAmountTransfer
tx-661-C1895081516-C849791185,ZeroedOriginBalance
tx-661-C1967421709-C1677888085,FraudTransaction
tx-661-C1967421709-C1677888085,HighAmountTransfer
tx-661-C1967421709-C1677888085,ZeroedOriginBalance
tx-661-C1473713823-C147889892,FraudTransaction
tx-661-C1473713823-C147889892,ZeroedOriginBalance
tx-661-C739010400-C41563134,FraudTransaction
tx-661-C739010400-C41563134,ZeroedOriginBalance
tx-661-C1058583308-C2061400193,FraudTransaction
tx-661-C1058583308-C2061400193,HighAmountTransfer
tx-661-C2037423136-C1464217009,FraudTransaction
tx-661-C2037423136-C1464217009,HighAmountTransfer
tx-661-C2037423136-C1464217009,ZeroedOriginBalance
tx-661-C341573287-C1419097479,FraudTransaction
tx-661-C341573287-C1419097479,HighAmountTransfer
tx-661-C341573287-C1419097479,ZeroedOriginBalance
tx-661-C1698317518-C1796866708,FraudTransaction
tx-661-C1698317518-C1796866708,HighAmountTransfer
tx-661-C1698317518-C1796866708,ZeroedOriginBalance
tx-662-C151325855-C1135260060,FraudTransaction
tx-662-C151325855-C1135260060,HighAmountTransfer
tx-662-C151325855-C1135260060,ZeroedOriginBalance
tx-662-C1130194242-C1082598322,FraudTransaction
tx-662-C1130194242-C1082598322,HighAmountTransfer
tx-662-C1130194242-C1082598322,ZeroedOriginBalance
tx-663-C921534959-C509574480,FraudTransaction
tx-663-C921534959-C509574480,ZeroedOriginBalance
tx-663-C1315392572-C149911894,FraudTransaction
tx-663-C1315392572-C149911894,ZeroedOriginBalance
tx-663-C2062128137-C53265363,FraudTransaction
tx-663-C2062128137-C53265363,ZeroedOriginBalance
tx-663-C1845867430-C766242305,FraudTransaction
tx-663-C1845867430-C766242305,ZeroedOriginBalance
tx-663-C884847984-C1136166094,FraudTransaction
tx-663-C884847984-C1136166094,ZeroedOriginBalance
tx-663-C1078921591-C1071005628,FraudTransaction
tx-663-C1078921591-C1071005628,ZeroedOriginBalance
tx-663-C1991283883-C8323511,FraudTransaction
tx-663-C1991283883-C8323511,ZeroedOriginBalance
tx-663-C904630616-C1135595077,FraudTransaction
tx-663-C904630616-C1135595077,ZeroedOriginBalance
tx-663-C738020926-C1822733472,FraudTransaction
tx-663-C738020926-C1822733472,ZeroedOriginBalance
tx-663-C1256769742-C1042309658,FraudTransaction
tx-663-C1256769742-C1042309658,ZeroedOriginBalance
tx-664-C843174735-C1348278201,FraudTransaction
tx-664-C843174735-C1348278201,HighAmountTransfer
tx-664-C843174735-C1348278201,ZeroedOriginBalance
tx-664-C501884984-C181617125,FraudTransaction
tx-664-C501884984-C181617125,HighAmountTransfer
tx-664-C501884984-C181617125,ZeroedOriginBalance
tx-664-C353441050-C1305397370,FraudTransaction
tx-664-C353441050-C1305397370,ZeroedOriginBalance
tx-664-C528998506-C1971161098,FraudTransaction
tx-664-C528998506-C1971161098,ZeroedOriginBalance
tx-664-C1235622131-C432129572,FraudTransaction
tx-664-C1235622131-C432129572,ZeroedOriginBalance
tx-664-C625073662-C1553779926,FraudTransaction
tx-664-C625073662-C1553779926,ZeroedOriginBalance
tx-664-C767878011-C205844537,FraudTransaction
tx-664-C767878011-C205844537,ZeroedOriginBalance
tx-664-C824215467-C1024853956,FraudTransaction
tx-664-C824215467-C1024853956,ZeroedOriginBalance
tx-664-C1287144716-C1962276701,FraudTransaction
tx-664-C1287144716-C1962276701,ZeroedOriginBalance
tx-664-C1734852637-C537407577,FraudTransaction
tx-664-C1734852637-C537407577,ZeroedOriginBalance
tx-664-C1605555935-C348655001,FraudTransaction
tx-664-C1605555935-C348655001,HighAmountTransfer
tx-664-C1605555935-C348655001,ZeroedOriginBalance
tx-664-C90885996-C477262059,FraudTransaction
tx-664-C90885996-C477262059,HighAmountTransfer
tx-664-C90885996-C477262059,ZeroedOriginBalance
tx-664-C390569231-C1354246333,FraudTransaction
tx-664-C390569231-C1354246333,ZeroedOriginBalance
tx-664-C59743655-C1943832045,FraudTransaction
tx-664-C59743655-C1943832045,ZeroedOriginBalance
tx-664-C2122561509-C1173885785,FraudTransaction
tx-664-C2122561509-C1173885785,ZeroedOriginBalance
tx-664-C328238019-C801596045,FraudTransaction
tx-664-C328238019-C801596045,ZeroedOriginBalance
tx-664-C921483031-C279130483,FraudTransaction
tx-664-C921483031-C279130483,ZeroedOriginBalance
tx-664-C562520723-C708647273,FraudTransaction
tx-664-C562520723-C708647273,ZeroedOriginBalance
tx-664-C1557521706-C359361897,FraudTransaction
tx-664-C1557521706-C359361897,ZeroedOriginBalance
tx-664-C1750763630-C2000520198,FraudTransaction
tx-664-C1750763630-C2000520198,ZeroedOriginBalance
tx-665-C2071265703-C1234810608,FraudTransaction
tx-665-C2071265703-C1234810608,ZeroedOriginBalance
tx-665-C929434570-C564977674,FraudTransaction
tx-665-C929434570-C564977674,ZeroedOriginBalance
tx-665-C956916023-C1172004131,FraudTransaction
tx-665-C956916023-C1172004131,ZeroedOriginBalance
tx-665-C2048358665-C1850194854,FraudTransaction
tx-665-C2048358665-C1850194854,ZeroedOriginBalance
tx-665-C691812309-C469925272,FraudTransaction
tx-665-C691812309-C469925272,HighAmountTransfer
tx-665-C691812309-C469925272,ZeroedOriginBalance
tx-665-C780357987-C953537068,FraudTransaction
tx-665-C780357987-C953537068,HighAmountTransfer
tx-665-C780357987-C953537068,ZeroedOriginBalance
tx-665-C1550949725-C1977996948,FraudTransaction
tx-665-C1550949725-C1977996948,ZeroedOriginBalance
tx-665-C493844715-C195565327,FraudTransaction
tx-665-C493844715-C195565327,ZeroedOriginBalance
tx-665-C1428518412-C875460350,FraudTransaction
tx-665-C1428518412-C875460350,ZeroedOriginBalance
tx-665-C1637432706-C1333107954,FraudTransaction
tx-665-C1637432706-C1333107954,ZeroedOriginBalance
tx-666-C69590839-C835899289,FraudTransaction
tx-666-C69590839-C835899289,ZeroedOriginBalance
tx-666-C1366476838-C248211897,FraudTransaction
tx-666-C1366476838-C248211897,ZeroedOriginBalance
tx-666-C1846239303-C19567872,FraudTransaction
tx-666-C1846239303-C19567872,ZeroedOriginBalance
tx-666-C1885602462-C1876362324,FraudTransaction
tx-666-C1885602462-C1876362324,ZeroedOriginBalance
tx-666-C1184786020-C1519560642,FraudTransaction
tx-666-C1184786020-C1519560642,ZeroedOriginBalance
tx-666-C403276933-C506139179,FraudTransaction
tx-666-C403276933-C506139179,ZeroedOriginBalance
tx-667-C1715615477-C418678558,FraudTransaction
tx-667-C1715615477-C418678558,ZeroedOriginBalance
tx-667-C1916979174-C857162108,FraudTransaction
tx-667-C1916979174-C857162108,ZeroedOriginBalance
tx-667-C118393699-C1077131612,FraudTransaction
tx-667-C118393699-C1077131612,ZeroedOriginBalance
tx-667-C1625817062-C1560648238,FraudTransaction
tx-667-C1625817062-C1560648238,ZeroedOriginBalance
tx-667-C684872435-C227709254,FraudTransaction
tx-667-C684872435-C227709254,ZeroedOriginBalance
tx-667-C1101793112-C254695066,FraudTransaction
tx-667-C1101793112-C254695066,ZeroedOriginBalance
tx-668-C103081762-C132241183,FraudTransaction
tx-668-C103081762-C132241183,ZeroedOriginBalance
tx-668-C1857166284-C1314885852,FraudTransaction
tx-668-C1857166284-C1314885852,ZeroedOriginBalance
tx-668-C64015154-C1744865437,FraudTransaction
tx-668-C64015154-C1744865437,HighAmountTransfer
tx-668-C64015154-C1744865437,ZeroedOriginBalance
tx-668-C937983122-C2117385631,FraudTransaction
tx-668-C937983122-C2117385631,HighAmountTransfer
tx-668-C937983122-C2117385631,ZeroedOriginBalance
tx-668-C1382437370-C1002538556,FraudTransaction
tx-668-C1382437370-C1002538556,HighAmountTransfer
tx-668-C1382437370-C1002538556,ZeroedOriginBalance
tx-668-C2000069930-C1345448010,FraudTransaction
tx-668-C2000069930-C1345448010,HighAmountTransfer
tx-668-C2000069930-C1345448010,ZeroedOriginBalance
tx-668-C1924819365-C295800358,FraudTransaction
tx-668-C1924819365-C295800358,HighAmountTransfer
tx-668-C1924819365-C295800358,ZeroedOriginBalance
tx-668-C105027468-C303839764,FraudTransaction
tx-668-C105027468-C303839764,HighAmountTransfer
tx-668-C105027468-C303839764,ZeroedOriginBalance
tx-669-C485976806-C399785222,FraudTransaction
tx-669-C485976806-C399785222,ZeroedOriginBalance
tx-669-C855053423-C1354741031,FraudTransaction
tx-669-C855053423-C1354741031,ZeroedOriginBalance
tx-669-C2045535389-C1440223571,FraudTransaction
tx-669-C2045535389-C1440223571,HighAmountTransfer
tx-669-C2045535389-C1440223571,ZeroedOriginBalance
tx-669-C1888149669-C1774338708,FraudTransaction
tx-669-C1888149669-C1774338708,HighAmountTransfer
tx-669-C1888149669-C1774338708,ZeroedOriginBalance
tx-669-C1767695983-C742240687,FraudTransaction
tx-669-C1767695983-C742240687,ZeroedOriginBalance
tx-669-C1300397389-C775257177,FraudTransaction
tx-669-C1300397389-C775257177,ZeroedOriginBalance
tx-669-C873843844-C1541089599,FraudTransaction
tx-669-C873843844-C1541089599,ZeroedOriginBalance
tx-669-C628538240-C1203444656,FraudTransaction
tx-669-C628538240-C1203444656,ZeroedOriginBalance
tx-670-C574846060-C1073035418,FraudTransaction
tx-670-C574846060-C1073035418,HighAmountTransfer
tx-670-C574846060-C1073035418,ZeroedOriginBalance
tx-670-C106058139-C1218665261,FraudTransaction
tx-670-C106058139-C1218665261,HighAmountTransfer
tx-670-C106058139-C1218665261,ZeroedOriginBalance
tx-670-C316288377-C2134101004,FraudTransaction
tx-670-C316288377-C2134101004,HighAmountTransfer
tx-670-C316288377-C2134101004,ZeroedOriginBalance
tx-670-C1436982406-C2024942087,FraudTransaction
tx-670-C1436982406-C2024942087,HighAmountTransfer
tx-670-C1436982406-C2024942087,ZeroedOriginBalance
tx-670-C1689585176-C57612044,FraudTransaction
tx-670-C1689585176-C57612044,ZeroedOriginBalance
tx-670-C1484947776-C1894579246,FraudTransaction
tx-670-C1484947776-C1894579246,ZeroedOriginBalance
tx-670-C2085303535-C1010370571,FraudTransaction
tx-670-C2085303535-C1010370571,HighAmountTransfer
tx-670-C1795726585-C912767355,FraudTransaction
tx-670-C1795726585-C912767355,HighAmountTransfer
tx-670-C1795726585-C912767355,ZeroedOriginBalance
tx-670-C843436467-C645604137,FraudTransaction
tx-670-C843436467-C645604137,HighAmountTransfer
tx-670-C843436467-C645604137,ZeroedOriginBalance
tx-670-C1131491121-C1812574697,FraudTransaction
tx-670-C1131491121-C1812574697,HighAmountTransfer
tx-670-C1131491121-C1812574697,ZeroedOriginBalance
tx-670-C1562259675-C1017072686,FraudTransaction
tx-670-C1562259675-C1017072686,HighAmountTransfer
tx-670-C1562259675-C1017072686,ZeroedOriginBalance
tx-670-C1868561547-C597212846,FraudTransaction
tx-670-C1868561547-C597212846,HighAmountTransfer
tx-670-C1868561547-C597212846,ZeroedOriginBalance
tx-671-C722684356-C1017361151,FraudTransaction
tx-671-C722684356-C1017361151,ZeroedOriginBalance
tx-671-C1600071460-C866057114,FraudTransaction
tx-671-C1600071460-C866057114,ZeroedOriginBalance
tx-671-C1388119731-C1365710126,FraudTransaction
tx-671-C1388119731-C1365710126,ZeroedOriginBalance
tx-671-C1456949196-C1275666742,FraudTransaction
tx-671-C1456949196-C1275666742,ZeroedOriginBalance
tx-671-C958794947-C1433224655,FraudTransaction
tx-671-C958794947-C1433224655,ZeroedOriginBalance
tx-671-C1768139815-C1475840276,FraudTransaction
tx-671-C1768139815-C1475840276,ZeroedOriginBalance
tx-671-C1406252838-C1821499919,FraudTransaction
tx-671-C1406252838-C1821499919,ZeroedOriginBalance
tx-671-C1062499255-C455705565,FraudTransaction
tx-671-C1062499255-C455705565,ZeroedOriginBalance
tx-671-C916267146-C1505960727,FraudTransaction
tx-671-C916267146-C1505960727,HighAmountTransfer
tx-671-C1122738410-C875530566,FraudTransaction
tx-671-C1122738410-C875530566,HighAmountTransfer
tx-671-C1122738410-C875530566,ZeroedOriginBalance
tx-671-C475879190-C1395082788,FraudTransaction
tx-671-C475879190-C1395082788,HighAmountTransfer
tx-671-C546529-C1056895901,FraudTransaction
tx-671-C546529-C1056895901,HighAmountTransfer
tx-671-C546529-C1056895901,ZeroedOriginBalance
tx-671-C1607380762-C1683234279,FraudTransaction
tx-671-C1607380762-C1683234279,HighAmountTransfer
tx-671-C1086171385-C1542053333,FraudTransaction
tx-671-C1086171385-C1542053333,HighAmountTransfer
tx-671-C1086171385-C1542053333,ZeroedOriginBalance
tx-671-C917414431-C1082139865,FraudTransaction
tx-671-C917414431-C1082139865,HighAmountTransfer
tx-671-C1960007029-C459118517,FraudTransaction
tx-671-C1590661770-C1045739215,FraudTransaction
tx-671-C1590661770-C1045739215,ZeroedOriginBalance
tx-671-C1939346378-C551669162,FraudTransaction
tx-671-C1939346378-C551669162,ZeroedOriginBalance
tx-672-C426878281-C1596412871,FraudTransaction
tx-672-C426878281-C1596412871,HighAmountTransfer
tx-672-C426878281-C1596412871,ZeroedOriginBalance
tx-672-C578564110-C903355474,FraudTransaction
tx-672-C578564110-C903355474,HighAmountTransfer
tx-672-C578564110-C903355474,ZeroedOriginBalance
tx-672-C899485739-C1469356710,FraudTransaction
tx-672-C899485739-C1469356710,ZeroedOriginBalance
tx-672-C770584215-C1804557004,FraudTransaction
tx-672-C770584215-C1804557004,ZeroedOriginBalance
tx-672-C2036720607-C2048695496,FraudTransaction
tx-672-C2036720607-C2048695496,ZeroedOriginBalance
tx-672-C550919269-C2020707965,FraudTransaction
tx-672-C550919269-C2020707965,ZeroedOriginBalance
tx-672-C1526831204-C801426364,FraudTransaction
tx-672-C1526831204-C801426364,ZeroedOriginBalance
tx-672-C1169480265-C971747448,FraudTransaction
tx-672-C1169480265-C971747448,ZeroedOriginBalance
tx-673-C1113510889-C1359285806,FraudTransaction
tx-673-C1113510889-C1359285806,ZeroedOriginBalance
tx-673-C950160827-C1254045006,FraudTransaction
tx-673-C950160827-C1254045006,ZeroedOriginBalance
tx-673-C7692150-C402300594,FraudTransaction
tx-673-C7692150-C402300594,ZeroedOriginBalance
tx-673-C1479974036-C1078117334,FraudTransaction
tx-673-C1479974036-C1078117334,ZeroedOriginBalance
tx-673-C1091119024-C538971825,FraudTransaction
tx-673-C1091119024-C538971825,ZeroedOriginBalance
tx-673-C2044227018-C355168842,FraudTransaction
tx-673-C2044227018-C355168842,ZeroedOriginBalance
tx-673-C986606051-C175407589,FraudTransaction
tx-673-C986606051-C175407589,ZeroedOriginBalance
tx-673-C649790605-C351734754,FraudTransaction
tx-673-C649790605-C351734754,ZeroedOriginBalance
tx-673-C779070878-C286939302,FraudTransaction
tx-673-C779070878-C286939302,ZeroedOriginBalance
tx-673-C980295084-C1347498132,FraudTransaction
tx-673-C980295084-C1347498132,ZeroedOriginBalance
tx-673-C130753302-C1877166581,FraudTransaction
tx-673-C130753302-C1877166581,ZeroedOriginBalance
tx-673-C1419832653-C471935282,FraudTransaction
tx-673-C1419832653-C471935282,ZeroedOriginBalance
tx-674-C612277580-C1507701948,FraudTransaction
tx-674-C612277580-C1507701948,ZeroedOriginBalance
tx-674-C1600632872-C229575855,FraudTransaction
tx-674-C1600632872-C229575855,ZeroedOriginBalance
tx-674-C582884877-C2136467775,FraudTransaction
tx-674-C582884877-C2136467775,ZeroedOriginBalance
tx-674-C1811092030-C1174681739,FraudTransaction
tx-674-C1811092030-C1174681739,ZeroedOriginBalance
tx-674-C1001875185-C690110733,FraudTransaction
tx-674-C1001875185-C690110733,HighAmountTransfer
tx-674-C1001875185-C690110733,ZeroedOriginBalance
tx-674-C1509113687-C579531437,FraudTransaction
tx-674-C1509113687-C579531437,HighAmountTransfer
tx-674-C1509113687-C579531437,ZeroedOriginBalance
tx-674-C200219666-C2086144828,FraudTransaction
tx-674-C200219666-C2086144828,HighAmountTransfer
tx-674-C2029948339-C120055626,FraudTransaction
tx-674-C2029948339-C120055626,HighAmountTransfer
tx-674-C2029948339-C120055626,ZeroedOriginBalance
tx-674-C2029976755-C693212579,FraudTransaction
tx-674-C2029976755-C693212579,HighAmountTransfer
tx-674-C2029976755-C693212579,ZeroedOriginBalance
tx-674-C951549308-C1717545219,FraudTransaction
tx-674-C951549308-C1717545219,HighAmountTransfer
tx-674-C951549308-C1717545219,ZeroedOriginBalance
tx-674-C1263270388-C1682837387,FraudTransaction
tx-674-C1263270388-C1682837387,ZeroedOriginBalance
tx-674-C1205102139-C125162058,FraudTransaction
tx-674-C1205102139-C125162058,ZeroedOriginBalance
tx-674-C1212154134-C426812212,FraudTransaction
tx-674-C1212154134-C426812212,ZeroedOriginBalance
tx-674-C1268763135-C1346372466,FraudTransaction
tx-674-C1268763135-C1346372466,ZeroedOriginBalance
tx-675-C587426597-C1630185413,FraudTransaction
tx-675-C587426597-C1630185413,ZeroedOriginBalance
tx-675-C761772957-C2009987911,FraudTransaction
tx-675-C761772957-C2009987911,ZeroedOriginBalance
tx-675-C1291955358-C285979005,FraudTransaction
tx-675-C1291955358-C285979005,HighAmountTransfer
tx-675-C392319907-C852706972,FraudTransaction
tx-675-C392319907-C852706972,HighAmountTransfer
tx-675-C392319907-C852706972,ZeroedOriginBalance
tx-675-C48717380-C230089691,FraudTransaction
tx-675-C48717380-C230089691,HighAmountTransfer
tx-675-C48717380-C230089691,ZeroedOriginBalance
tx-675-C1162550194-C27397338,FraudTransaction
tx-675-C1162550194-C27397338,HighAmountTransfer
tx-675-C1162550194-C27397338,ZeroedOriginBalance
tx-675-C99498713-C1363621822,FraudTransaction
tx-675-C99498713-C1363621822,HighAmountTransfer
tx-675-C99498713-C1363621822,ZeroedOriginBalance
tx-675-C9735820-C158741308,FraudTransaction
tx-675-C9735820-C158741308,HighAmountTransfer
tx-675-C9735820-C158741308,ZeroedOriginBalance
tx-675-C1599964062-C1375613207,FraudTransaction
tx-675-C1599964062-C1375613207,ZeroedOriginBalance
tx-675-C1344002266-C837820627,FraudTransaction
tx-675-C1344002266-C837820627,ZeroedOriginBalance
tx-676-C505663484-C667256614,FraudTransaction
tx-676-C505663484-C667256614,ZeroedOriginBalance
tx-676-C1561550785-C1078506798,FraudTransaction
tx-676-C1561550785-C1078506798,ZeroedOriginBalance
tx-676-C60690342-C1327214337,FraudTransaction
tx-676-C60690342-C1327214337,HighAmountTransfer
tx-676-C60690342-C1327214337,ZeroedOriginBalance
tx-676-C1525254623-C1911342883,FraudTransaction
tx-676-C1525254623-C1911342883,HighAmountTransfer
tx-676-C1525254623-C1911342883,ZeroedOriginBalance
tx-676-C1521869137-C377406581,FraudTransaction
tx-676-C1521869137-C377406581,HighAmountTransfer
tx-676-C1521869137-C377406581,ZeroedOriginBalance
tx-676-C488587409-C1867928839,FraudTransaction
tx-676-C488587409-C1867928839,HighAmountTransfer
tx-676-C488587409-C1867928839,ZeroedOriginBalance
tx-676-C1854902187-C920320326,FraudTransaction
tx-676-C1854902187-C920320326,ZeroedOriginBalance
tx-676-C2025735380-C1904581587,FraudTransaction
tx-676-C2025735380-C1904581587,ZeroedOriginBalance
tx-677-C1709472240-C225746427,FraudTransaction
tx-677-C1709472240-C225746427,HighAmountTransfer
tx-677-C1896858408-C952858643,FraudTransaction
tx-677-C1896858408-C952858643,HighAmountTransfer
tx-677-C1896858408-C952858643,ZeroedOriginBalance
tx-677-C1216463302-C1920599052,FraudTransaction
tx-677-C1216463302-C1920599052,HighAmountTransfer
tx-677-C1216463302-C1920599052,ZeroedOriginBalance
tx-677-C918631268-C1985219083,FraudTransaction
tx-677-C918631268-C1985219083,HighAmountTransfer
tx-677-C918631268-C1985219083,ZeroedOriginBalance
tx-677-C1890383797-C1224355851,FraudTransaction
tx-677-C1890383797-C1224355851,HighAmountTransfer
tx-677-C1890383797-C1224355851,ZeroedOriginBalance
tx-677-C2142600203-C1363796559,FraudTransaction
tx-677-C2142600203-C1363796559,HighAmountTransfer
tx-677-C2142600203-C1363796559,ZeroedOriginBalance
tx-677-C964435402-C9599628,FraudTransaction
tx-677-C964435402-C9599628,HighAmountTransfer
tx-677-C964435402-C9599628,ZeroedOriginBalance
tx-677-C110707602-C348031801,FraudTransaction
tx-677-C110707602-C348031801,HighAmountTransfer
tx-677-C110707602-C348031801,ZeroedOriginBalance
tx-678-C287247787-C310163426,FraudTransaction
tx-678-C287247787-C310163426,HighAmountTransfer
tx-678-C287247787-C310163426,ZeroedOriginBalance
tx-678-C1159622311-C175494293,FraudTransaction
tx-678-C1159622311-C175494293,HighAmountTransfer
tx-678-C1159622311-C175494293,ZeroedOriginBalance
tx-678-C483764611-C1709387951,FraudTransaction
tx-678-C483764611-C1709387951,ZeroedOriginBalance
tx-678-C1352461400-C1257290689,FraudTransaction
tx-678-C1352461400-C1257290689,ZeroedOriginBalance
tx-678-C965198261-C636887341,FraudTransaction
tx-678-C965198261-C636887341,ZeroedOriginBalance
tx-678-C266009460-C979680839,FraudTransaction
tx-678-C266009460-C979680839,ZeroedOriginBalance
tx-679-C1168831022-C266215740,FraudTransaction
tx-679-C1168831022-C266215740,ZeroedOriginBalance
tx-679-C1311838083-C13335239,FraudTransaction
tx-679-C1311838083-C13335239,ZeroedOriginBalance
tx-679-C604057194-C1016011422,FraudTransaction
tx-679-C604057194-C1016011422,ZeroedOriginBalance
tx-679-C799430524-C1073905576,FraudTransaction
tx-679-C799430524-C1073905576,ZeroedOriginBalance
tx-679-C1921052827-C117597233,FraudTransaction
tx-679-C1921052827-C117597233,HighAmountTransfer
tx-679-C1921052827-C117597233,ZeroedOriginBalance
tx-679-C1100799459-C314198067,FraudTransaction
tx-679-C1100799459-C314198067,HighAmountTransfer
tx-679-C1100799459-C314198067,ZeroedOriginBalance
tx-680-C1158825212-C643125420,FraudTransaction
tx-680-C1158825212-C643125420,ZeroedOriginBalance
tx-680-C528702862-C1833040956,FraudTransaction
tx-680-C528702862-C1833040956,ZeroedOriginBalance
tx-680-C916162513-C1708739,FraudTransaction
tx-680-C916162513-C1708739,ZeroedOriginBalance
tx-680-C1669123566-C1364689982,FraudTransaction
tx-680-C1669123566-C1364689982,ZeroedOriginBalance
tx-680-C874397913-C528730854,FraudTransaction
tx-680-C874397913-C528730854,ZeroedOriginBalance
tx-680-C838079737-C971866524,FraudTransaction
tx-680-C838079737-C971866524,ZeroedOriginBalance
tx-680-C1539029017-C546068796,FraudTransaction
tx-680-C1539029017-C546068796,ZeroedOriginBalance
tx-680-C1588399421-C664179089,FraudTransaction
tx-680-C1588399421-C664179089,ZeroedOriginBalance
tx-680-C418612921-C1678643281,FraudTransaction
tx-680-C418612921-C1678643281,ZeroedOriginBalance
tx-680-C154212994-C674401902,FraudTransaction
tx-680-C154212994-C674401902,ZeroedOriginBalance
tx-680-C256643277-C865759561,FraudTransaction
tx-680-C256643277-C865759561,HighAmountTransfer
tx-680-C256643277-C865759561,ZeroedOriginBalance
tx-680-C960377084-C524632299,FraudTransaction
tx-680-C960377084-C524632299,HighAmountTransfer
tx-680-C960377084-C524632299,ZeroedOriginBalance
tx-680-C1039970092-C476797859,FraudTransaction
tx-680-C1039970092-C476797859,HighAmountTransfer
tx-680-C1039970092-C476797859,ZeroedOriginBalance
tx-680-C1016616731-C1739928353,FraudTransaction
tx-680-C1016616731-C1739928353,HighAmountTransfer
tx-680-C1016616731-C1739928353,ZeroedOriginBalance
tx-680-C1396564541-C129828249,FraudTransaction
tx-680-C1396564541-C129828249,HighAmountTransfer
tx-680-C466387318-C1396306912,FraudTransaction
tx-680-C466387318-C1396306912,HighAmountTransfer
tx-680-C466387318-C1396306912,ZeroedOriginBalance
tx-680-C1125239020-C986951874,FraudTransaction
tx-680-C1125239020-C986951874,HighAmountTransfer
tx-680-C1125239020-C986951874,ZeroedOriginBalance
tx-680-C1037004570-C2017288249,FraudTransaction
tx-680-C1037004570-C2017288249,HighAmountTransfer
tx-680-C1037004570-C2017288249,ZeroedOriginBalance
tx-680-C23027348-C1188014046,FraudTransaction
tx-680-C23027348-C1188014046,HighAmountTransfer
tx-680-C2129111288-C503344531,FraudTransaction
tx-680-C2129111288-C503344531,HighAmountTransfer
tx-680-C2129111288-C503344531,ZeroedOriginBalance
tx-680-C863787360-C1968421916,FraudTransaction
tx-680-C863787360-C1968421916,HighAmountTransfer
tx-680-C863787360-C1968421916,ZeroedOriginBalance
tx-680-C1963804586-C621396903,FraudTransaction
tx-680-C1963804586-C621396903,HighAmountTransfer
tx-680-C1963804586-C621396903,ZeroedOriginBalance
tx-681-C1365547819-C1383531200,FraudTransaction
tx-681-C1365547819-C1383531200,ZeroedOriginBalance
tx-681-C344825727-C997289329,FraudTransaction
tx-681-C344825727-C997289329,ZeroedOriginBalance
tx-681-C2106211047-C1629558772,FraudTransaction
tx-681-C2106211047-C1629558772,HighAmountTransfer
tx-681-C2106211047-C1629558772,ZeroedOriginBalance
tx-681-C397420710-C1434531714,FraudTransaction
tx-681-C397420710-C1434531714,HighAmountTransfer
tx-681-C397420710-C1434531714,ZeroedOriginBalance
tx-682-C1613048807-C1093117113,FraudTransaction
tx-682-C1613048807-C1093117113,ZeroedOriginBalance
tx-682-C2106880723-C626396465,FraudTransaction
tx-682-C2106880723-C626396465,ZeroedOriginBalance
tx-682-C1799298799-C825667044,FraudTransaction
tx-682-C1799298799-C825667044,ZeroedOriginBalance
tx-682-C1642527163-C1423205265,FraudTransaction
tx-682-C1642527163-C1423205265,ZeroedOriginBalance
tx-682-C832155685-C92914584,FraudTransaction
tx-682-C832155685-C92914584,ZeroedOriginBalance
tx-682-C1662040818-C906325227,FraudTransaction
tx-682-C1662040818-C906325227,ZeroedOriginBalance
tx-683-C2078436803-C653053938,FraudTransaction
tx-683-C2078436803-C653053938,HighAmountTransfer
tx-683-C2078436803-C653053938,ZeroedOriginBalance
tx-683-C1540810051-C123543768,FraudTransaction
tx-683-C1540810051-C123543768,HighAmountTransfer
tx-683-C1540810051-C123543768,ZeroedOriginBalance
tx-683-C2045698445-C117267228,FraudTransaction
tx-683-C2045698445-C117267228,ZeroedOriginBalance
tx-683-C1979899014-C15770449,FraudTransaction
tx-683-C1979899014-C15770449,ZeroedOriginBalance
tx-683-C730317157-C343919931,FraudTransaction
tx-683-C730317157-C343919931,ZeroedOriginBalance
tx-683-C652139882-C641860418,FraudTransaction
tx-683-C652139882-C641860418,ZeroedOriginBalance
tx-683-C1834440439-C678733325,FraudTransaction
tx-683-C1834440439-C678733325,ZeroedOriginBalance
tx-683-C1773649560-C2085820540,FraudTransaction
tx-683-C1773649560-C2085820540,ZeroedOriginBalance
tx-684-C1085553126-C440988194,FraudTransaction
tx-684-C1085553126-C440988194,ZeroedOriginBalance
tx-684-C1470072286-C1698955763,FraudTransaction
tx-684-C1470072286-C1698955763,ZeroedOriginBalance
tx-684-C590147812-C490830466,FraudTransaction
tx-684-C590147812-C490830466,HighAmountTransfer
tx-684-C590147812-C490830466,ZeroedOriginBalance
tx-684-C874660018-C1640923473,FraudTransaction
tx-684-C874660018-C1640923473,HighAmountTransfer
tx-684-C874660018-C1640923473,ZeroedOriginBalance
tx-684-C295421144-C2125715094,FraudTransaction
tx-684-C295421144-C2125715094,ZeroedOriginBalance
tx-684-C24326875-C1071787427,FraudTransaction
tx-684-C24326875-C1071787427,ZeroedOriginBalance
tx-684-C1744276151-C38221870,FraudTransaction
tx-684-C1744276151-C38221870,ZeroedOriginBalance
tx-684-C1996857872-C1192227259,FraudTransaction
tx-684-C1996857872-C1192227259,ZeroedOriginBalance
tx-685-C1135563168-C743232088,FraudTransaction
tx-685-C1135563168-C743232088,ZeroedOriginBalance
tx-685-C229919589-C1914366882,FraudTransaction
tx-685-C229919589-C1914366882,ZeroedOriginBalance
tx-685-C964153442-C1853850752,FraudTransaction
tx-685-C964153442-C1853850752,ZeroedOriginBalance
tx-685-C1390208933-C72626966,FraudTransaction
tx-685-C1390208933-C72626966,ZeroedOriginBalance
tx-685-C1808244239-C1237294806,FraudTransaction
tx-685-C1808244239-C1237294806,ZeroedOriginBalance
tx-685-C1141317489-C301882275,FraudTransaction
tx-685-C1141317489-C301882275,ZeroedOriginBalance
tx-685-C1131684691-C1143448210,FraudTransaction
tx-685-C1131684691-C1143448210,HighAmountTransfer
tx-685-C1981814103-C1037865562,FraudTransaction
tx-685-C1981814103-C1037865562,HighAmountTransfer
tx-685-C1981814103-C1037865562,ZeroedOriginBalance
tx-685-C557894266-C1725513942,FraudTransaction
tx-685-C557894266-C1725513942,HighAmountTransfer
tx-685-C557894266-C1725513942,ZeroedOriginBalance
tx-685-C1572906420-C288685482,FraudTransaction
tx-685-C1572906420-C288685482,HighAmountTransfer
tx-685-C1572906420-C288685482,ZeroedOriginBalance
tx-685-C1070365668-C874365535,FraudTransaction
tx-685-C1070365668-C874365535,HighAmountTransfer
tx-685-C1070365668-C874365535,ZeroedOriginBalance
tx-685-C1227906023-C1846430620,FraudTransaction
tx-685-C1227906023-C1846430620,HighAmountTransfer
tx-685-C1227906023-C1846430620,ZeroedOriginBalance
tx-685-C1845779361-C1809033078,FraudTransaction
tx-685-C1845779361-C1809033078,HighAmountTransfer
tx-685-C1845779361-C1809033078,ZeroedOriginBalance
tx-685-C917618384-C235519584,FraudTransaction
tx-685-C917618384-C235519584,HighAmountTransfer
tx-685-C917618384-C235519584,ZeroedOriginBalance
tx-686-C1652871533-C624254500,FraudTransaction
tx-686-C1652871533-C624254500,HighAmountTransfer
tx-686-C1652871533-C624254500,ZeroedOriginBalance
tx-686-C1616830000-C682431891,FraudTransaction
tx-686-C1616830000-C682431891,HighAmountTransfer
tx-686-C1616830000-C682431891,ZeroedOriginBalance
tx-686-C1506243031-C1384352082,FraudTransaction
tx-686-C1506243031-C1384352082,HighAmountTransfer
tx-686-C1506243031-C1384352082,ZeroedOriginBalance
tx-686-C1032013375-C293921513,FraudTransaction
tx-686-C1032013375-C293921513,HighAmountTransfer
tx-686-C1032013375-C293921513,ZeroedOriginBalance
tx-686-C1013220847-C1135493559,FraudTransaction
tx-686-C1013220847-C1135493559,ZeroedOriginBalance
tx-686-C814528974-C1989640257,FraudTransaction
tx-686-C814528974-C1989640257,ZeroedOriginBalance
tx-686-C1044598698-C1435437474,FraudTransaction
tx-686-C1044598698-C1435437474,ZeroedOriginBalance
tx-686-C682621695-C1761064421,FraudTransaction
tx-686-C682621695-C1761064421,ZeroedOriginBalance
tx-686-C1426773355-C285961012,FraudTransaction
tx-686-C1426773355-C285961012,HighAmountTransfer
tx-686-C1426773355-C285961012,ZeroedOriginBalance
tx-686-C326865678-C445084724,FraudTransaction
tx-686-C326865678-C445084724,HighAmountTransfer
tx-686-C326865678-C445084724,ZeroedOriginBalance
tx-686-C2141973134-C753192820,FraudTransaction
tx-686-C2141973134-C753192820,ZeroedOriginBalance
tx-686-C1582832873-C1178877830,FraudTransaction
tx-686-C1582832873-C1178877830,ZeroedOriginBalance
tx-686-C1782019043-C237935260,FraudTransaction
tx-686-C1782019043-C237935260,ZeroedOriginBalance
tx-686-C110351076-C1517484697,FraudTransaction
tx-686-C110351076-C1517484697,ZeroedOriginBalance
tx-686-C489042260-C1106727089,FraudTransaction
tx-686-C489042260-C1106727089,ZeroedOriginBalance
tx-686-C590262415-C668046170,FraudTransaction
tx-686-C590262415-C668046170,ZeroedOriginBalance
tx-686-C590262415-C668046170,RepeatedFraudDestination
tx-687-C1038719684-C452022612,FraudTransaction
tx-687-C1038719684-C452022612,ZeroedOriginBalance
tx-687-C2065762826-C549201409,FraudTransaction
tx-687-C2065762826-C549201409,ZeroedOriginBalance
tx-687-C1108630642-C1010618202,FraudTransaction
tx-687-C1108630642-C1010618202,HighAmountTransfer
tx-687-C1108630642-C1010618202,ZeroedOriginBalance
tx-687-C1336183748-C1701261765,FraudTransaction
tx-687-C1336183748-C1701261765,HighAmountTransfer
tx-687-C1336183748-C1701261765,ZeroedOriginBalance
tx-687-C2069569209-C1003619052,FraudTransaction
tx-687-C2069569209-C1003619052,ZeroedOriginBalance
tx-687-C2075375102-C2132856872,FraudTransaction
tx-687-C2075375102-C2132856872,ZeroedOriginBalance
tx-687-C1122751474-C1073661703,FraudTransaction
tx-687-C1122751474-C1073661703,ZeroedOriginBalance
tx-687-C1880789333-C1819185781,FraudTransaction
tx-687-C1880789333-C1819185781,ZeroedOriginBalance
tx-688-C1517198206-C1743049474,FraudTransaction
tx-688-C1517198206-C1743049474,HighAmountTransfer
tx-688-C1517198206-C1743049474,ZeroedOriginBalance
tx-688-C507311282-C381971403,FraudTransaction
tx-688-C507311282-C381971403,HighAmountTransfer
tx-688-C507311282-C381971403,ZeroedOriginBalance
tx-688-C1687942952-C2049734595,FraudTransaction
tx-688-C1687942952-C2049734595,ZeroedOriginBalance
tx-688-C1681616324-C624338694,FraudTransaction
tx-688-C1681616324-C624338694,ZeroedOriginBalance
tx-688-C1327882647-C1358165818,FraudTransaction
tx-688-C1327882647-C1358165818,ZeroedOriginBalance
tx-688-C2010603777-C375961798,FraudTransaction
tx-688-C2010603777-C375961798,ZeroedOriginBalance
tx-688-C601676623-C1032131378,FraudTransaction
tx-688-C601676623-C1032131378,ZeroedOriginBalance
tx-688-C184826905-C1167936377,FraudTransaction
tx-688-C184826905-C1167936377,ZeroedOriginBalance
tx-689-C1025625307-C1773172922,FraudTransaction
tx-689-C1025625307-C1773172922,HighAmountTransfer
tx-689-C1025625307-C1773172922,ZeroedOriginBalance
tx-689-C1092840661-C672136064,FraudTransaction
tx-689-C1092840661-C672136064,HighAmountTransfer
tx-689-C1092840661-C672136064,ZeroedOriginBalance
tx-689-C1540529421-C1828289501,FraudTransaction
tx-689-C1540529421-C1828289501,ZeroedOriginBalance
tx-689-C921347828-C291010044,FraudTransaction
tx-689-C921347828-C291010044,ZeroedOriginBalance
tx-689-C94303206-C1258619985,FraudTransaction
tx-689-C94303206-C1258619985,HighAmountTransfer
tx-689-C94303206-C1258619985,ZeroedOriginBalance
tx-689-C1593930308-C1515597867,FraudTransaction
tx-689-C1593930308-C1515597867,HighAmountTransfer
tx-689-C1593930308-C1515597867,ZeroedOriginBalance
tx-689-C342207020-C276080220,FraudTransaction
tx-689-C342207020-C276080220,ZeroedOriginBalance
tx-689-C1188824015-C1048740617,FraudTransaction
tx-689-C1188824015-C1048740617,ZeroedOriginBalance
tx-689-C448881117-C1434350285,FraudTransaction
tx-689-C448881117-C1434350285,ZeroedOriginBalance
tx-689-C1034067842-C64488744,FraudTransaction
tx-689-C1034067842-C64488744,ZeroedOriginBalance
tx-689-C78608080-C208687386,FraudTransaction
tx-689-C78608080-C208687386,ZeroedOriginBalance
tx-689-C583786481-C140205588,FraudTransaction
tx-689-C583786481-C140205588,ZeroedOriginBalance
tx-689-C865443324-C881927745,FraudTransaction
tx-689-C865443324-C881927745,ZeroedOriginBalance
tx-689-C442653315-C1646646349,FraudTransaction
tx-689-C442653315-C1646646349,ZeroedOriginBalance
tx-690-C2093347986-C900883802,FraudTransaction
tx-690-C2093347986-C900883802,ZeroedOriginBalance
tx-690-C1080371544-C2138077738,FraudTransaction
tx-690-C1080371544-C2138077738,ZeroedOriginBalance
tx-690-C804681656-C753327300,FraudTransaction
tx-690-C804681656-C753327300,HighAmountTransfer
tx-690-C804681656-C753327300,ZeroedOriginBalance
tx-690-C594531860-C1303439903,FraudTransaction
tx-690-C594531860-C1303439903,HighAmountTransfer
tx-690-C594531860-C1303439903,ZeroedOriginBalance
tx-690-C1370421735-C1314506376,FraudTransaction
tx-690-C1370421735-C1314506376,HighAmountTransfer
tx-690-C1370421735-C1314506376,ZeroedOriginBalance
tx-690-C438537495-C2102646541,FraudTransaction
tx-690-C438537495-C2102646541,HighAmountTransfer
tx-690-C438537495-C2102646541,ZeroedOriginBalance
tx-690-C1502782512-C41452857,FraudTransaction
tx-690-C1502782512-C41452857,ZeroedOriginBalance
tx-690-C1532111392-C1540253595,FraudTransaction
tx-690-C1532111392-C1540253595,ZeroedOriginBalance
tx-690-C830197617-C1728373339,FraudTransaction
tx-690-C830197617-C1728373339,ZeroedOriginBalance
tx-690-C182496580-C736357191,FraudTransaction
tx-690-C182496580-C736357191,ZeroedOriginBalance
tx-690-C818983201-C890343735,FraudTransaction
tx-690-C818983201-C890343735,ZeroedOriginBalance
tx-690-C2015128737-C1083108858,FraudTransaction
tx-690-C2015128737-C1083108858,ZeroedOriginBalance
tx-691-C1621962604-C2071195320,FraudTransaction
tx-691-C1621962604-C2071195320,ZeroedOriginBalance
tx-691-C258022206-C1286966923,FraudTransaction
tx-691-C258022206-C1286966923,ZeroedOriginBalance
tx-691-C1766174104-C2119229294,FraudTransaction
tx-691-C1766174104-C2119229294,ZeroedOriginBalance
tx-691-C503145512-C893760523,FraudTransaction
tx-691-C503145512-C893760523,ZeroedOriginBalance
tx-691-C1953138233-C519794603,FraudTransaction
tx-691-C1953138233-C519794603,ZeroedOriginBalance
tx-691-C2017409191-C1772041191,FraudTransaction
tx-691-C2017409191-C1772041191,ZeroedOriginBalance
tx-691-C487363153-C1908047930,FraudTransaction
tx-691-C487363153-C1908047930,ZeroedOriginBalance
tx-691-C1536790025-C1430191148,FraudTransaction
tx-691-C1536790025-C1430191148,ZeroedOriginBalance
tx-691-C127795331-C81849981,FraudTransaction
tx-691-C127795331-C81849981,ZeroedOriginBalance
tx-691-C540703512-C1639525130,FraudTransaction
tx-691-C540703512-C1639525130,ZeroedOriginBalance
tx-691-C933837794-C1981005862,FraudTransaction
tx-691-C933837794-C1981005862,HighAmountTransfer
tx-691-C933837794-C1981005862,ZeroedOriginBalance
tx-691-C444193211-C2126573735,FraudTransaction
tx-691-C444193211-C2126573735,HighAmountTransfer
tx-691-C444193211-C2126573735,ZeroedOriginBalance
tx-692-C492047979-C2142316006,FraudTransaction
tx-692-C492047979-C2142316006,ZeroedOriginBalance
tx-692-C2122166618-C1891359614,FraudTransaction
tx-692-C2122166618-C1891359614,ZeroedOriginBalance
tx-692-C498614286-C1509156757,FraudTransaction
tx-692-C498614286-C1509156757,ZeroedOriginBalance
tx-692-C925944949-C345169466,FraudTransaction
tx-692-C925944949-C345169466,ZeroedOriginBalance
tx-692-C666992826-C2120357897,FraudTransaction
tx-692-C666992826-C2120357897,ZeroedOriginBalance
tx-692-C630486346-C21818636,FraudTransaction
tx-692-C630486346-C21818636,ZeroedOriginBalance
tx-692-C919338594-C2020716565,FraudTransaction
tx-692-C919338594-C2020716565,ZeroedOriginBalance
tx-692-C1339851120-C959410257,FraudTransaction
tx-692-C1339851120-C959410257,ZeroedOriginBalance
tx-692-C1599191169-C1035155877,FraudTransaction
tx-692-C1599191169-C1035155877,ZeroedOriginBalance
tx-692-C1532133480-C1174357565,FraudTransaction
tx-692-C1532133480-C1174357565,ZeroedOriginBalance
tx-692-C949298943-C30912856,FraudTransaction
tx-692-C949298943-C30912856,ZeroedOriginBalance
tx-692-C1124257950-C1620887642,FraudTransaction
tx-692-C1124257950-C1620887642,ZeroedOriginBalance
tx-692-C723093483-C1437715288,FraudTransaction
tx-692-C723093483-C1437715288,ZeroedOriginBalance
tx-692-C545352261-C1292726952,FraudTransaction
tx-692-C545352261-C1292726952,ZeroedOriginBalance
tx-692-C528343888-C737162592,FraudTransaction
tx-692-C528343888-C737162592,HighAmountTransfer
tx-692-C528343888-C737162592,ZeroedOriginBalance
tx-692-C359146196-C948690681,FraudTransaction
tx-692-C359146196-C948690681,HighAmountTransfer
tx-692-C359146196-C948690681,ZeroedOriginBalance
tx-692-C2087654131-C476523986,FraudTransaction
tx-692-C2087654131-C476523986,HighAmountTransfer
tx-692-C819618584-C1552047052,FraudTransaction
tx-692-C819618584-C1552047052,HighAmountTransfer
tx-692-C819618584-C1552047052,ZeroedOriginBalance
tx-692-C928012348-C107234774,FraudTransaction
tx-692-C928012348-C107234774,HighAmountTransfer
tx-692-C928012348-C107234774,ZeroedOriginBalance
tx-692-C407268332-C1376298788,FraudTransaction
tx-692-C407268332-C1376298788,HighAmountTransfer
tx-692-C407268332-C1376298788,ZeroedOriginBalance
tx-693-C96489795-C385716875,FraudTransaction
tx-693-C96489795-C385716875,ZeroedOriginBalance
tx-693-C783919407-C882063580,FraudTransaction
tx-693-C783919407-C882063580,ZeroedOriginBalance
tx-693-C213913405-C72963168,FraudTransaction
tx-693-C213913405-C72963168,HighAmountTransfer
tx-693-C213913405-C72963168,ZeroedOriginBalance
tx-693-C798424604-C1341894721,FraudTransaction
tx-693-C798424604-C1341894721,HighAmountTransfer
tx-693-C798424604-C1341894721,ZeroedOriginBalance
tx-694-C185217434-C1355260176,FraudTransaction
tx-694-C185217434-C1355260176,ZeroedOriginBalance
tx-694-C1502070032-C2082391847,FraudTransaction
tx-694-C1502070032-C2082391847,ZeroedOriginBalance
tx-694-C1968269776-C1436545483,FraudTransaction
tx-694-C1968269776-C1436545483,ZeroedOriginBalance
tx-694-C569133281-C2004617547,FraudTransaction
tx-694-C569133281-C2004617547,ZeroedOriginBalance
tx-694-C1875051976-C50809455,FraudTransaction
tx-694-C1875051976-C50809455,ZeroedOriginBalance
tx-694-C245911074-C370902983,FraudTransaction
tx-694-C245911074-C370902983,ZeroedOriginBalance
tx-694-C4952914-C902467451,FraudTransaction
tx-694-C4952914-C902467451,ZeroedOriginBalance
tx-694-C1412325787-C1720512155,FraudTransaction
tx-694-C1412325787-C1720512155,ZeroedOriginBalance
tx-694-C146707584-C770227630,FraudTransaction
tx-694-C146707584-C770227630,ZeroedOriginBalance
tx-694-C1407773477-C1841686755,FraudTransaction
tx-694-C1407773477-C1841686755,ZeroedOriginBalance
tx-694-C1186192171-C2136471075,FraudTransaction
tx-694-C1186192171-C2136471075,HighAmountTransfer
tx-694-C611266537-C305170140,FraudTransaction
tx-694-C611266537-C305170140,HighAmountTransfer
tx-694-C611266537-C305170140,ZeroedOriginBalance
tx-694-C741504749-C1185320057,FraudTransaction
tx-694-C741504749-C1185320057,HighAmountTransfer
tx-694-C741504749-C1185320057,ZeroedOriginBalance
tx-694-C822799769-C2068912679,FraudTransaction
tx-694-C822799769-C2068912679,HighAmountTransfer
tx-694-C822799769-C2068912679,ZeroedOriginBalance
tx-694-C1167176851-C1633521068,FraudTransaction
tx-694-C1167176851-C1633521068,ZeroedOriginBalance
tx-694-C1305053025-C1164504489,FraudTransaction
tx-694-C1305053025-C1164504489,ZeroedOriginBalance
tx-694-C599212256-C480756474,FraudTransaction
tx-694-C599212256-C480756474,HighAmountTransfer
tx-694-C599212256-C480756474,ZeroedOriginBalance
tx-694-C731901376-C1761260133,FraudTransaction
tx-694-C731901376-C1761260133,HighAmountTransfer
tx-694-C731901376-C1761260133,ZeroedOriginBalance
tx-694-C2113148842-C1485457980,FraudTransaction
tx-694-C2113148842-C1485457980,ZeroedOriginBalance
tx-694-C22483962-C377452670,FraudTransaction
tx-694-C22483962-C377452670,ZeroedOriginBalance
tx-694-C1426319616-C2131209365,FraudTransaction
tx-694-C1426319616-C2131209365,ZeroedOriginBalance
tx-694-C1588297046-C870778014,FraudTransaction
tx-694-C1588297046-C870778014,ZeroedOriginBalance
tx-694-C1570281685-C1181841918,FraudTransaction
tx-694-C1570281685-C1181841918,ZeroedOriginBalance
tx-694-C2012265983-C1680177404,FraudTransaction
tx-694-C2012265983-C1680177404,ZeroedOriginBalance
tx-695-C1466030331-C1541661515,FraudTransaction
tx-695-C1466030331-C1541661515,HighAmountTransfer
tx-695-C1466030331-C1541661515,ZeroedOriginBalance
tx-695-C211065329-C1594525511,FraudTransaction
tx-695-C211065329-C1594525511,HighAmountTransfer
tx-695-C211065329-C1594525511,ZeroedOriginBalance
tx-695-C101371414-C1835954982,FraudTransaction
tx-695-C101371414-C1835954982,ZeroedOriginBalance
tx-695-C999561448-C1038753033,FraudTransaction
tx-695-C999561448-C1038753033,ZeroedOriginBalance
tx-695-C1993331914-C653164829,FraudTransaction
tx-695-C1993331914-C653164829,ZeroedOriginBalance
tx-695-C2076387037-C10969694,FraudTransaction
tx-695-C2076387037-C10969694,ZeroedOriginBalance
tx-695-C1383489618-C1527197718,FraudTransaction
tx-695-C1383489618-C1527197718,HighAmountTransfer
tx-695-C1383489618-C1527197718,ZeroedOriginBalance
tx-695-C288815046-C1715910544,FraudTransaction
tx-695-C288815046-C1715910544,HighAmountTransfer
tx-695-C288815046-C1715910544,ZeroedOriginBalance
tx-695-C53387577-C1328394120,FraudTransaction
tx-695-C53387577-C1328394120,ZeroedOriginBalance
tx-695-C70707388-C1606093829,FraudTransaction
tx-695-C70707388-C1606093829,ZeroedOriginBalance
tx-696-C265189494-C902415658,FraudTransaction
tx-696-C265189494-C902415658,ZeroedOriginBalance
tx-696-C318150552-C1956659443,FraudTransaction
tx-696-C318150552-C1956659443,ZeroedOriginBalance
tx-696-C840857519-C227745281,FraudTransaction
tx-696-C840857519-C227745281,ZeroedOriginBalance
tx-696-C616299190-C1906321498,FraudTransaction
tx-696-C616299190-C1906321498,ZeroedOriginBalance
tx-696-C1481259935-C749805705,FraudTransaction
tx-696-C1481259935-C749805705,ZeroedOriginBalance
tx-696-C2124823897-C1017913693,FraudTransaction
tx-696-C2124823897-C1017913693,ZeroedOriginBalance
tx-697-C1061461549-C1278604437,FraudTransaction
tx-697-C1061461549-C1278604437,ZeroedOriginBalance
tx-697-C1154596153-C332712449,FraudTransaction
tx-697-C1154596153-C332712449,ZeroedOriginBalance
tx-697-C1305407743-C910082449,FraudTransaction
tx-697-C1305407743-C910082449,ZeroedOriginBalance
tx-697-C47005930-C2048724307,FraudTransaction
tx-697-C47005930-C2048724307,ZeroedOriginBalance
tx-697-C425919336-C1954069781,FraudTransaction
tx-697-C425919336-C1954069781,HighAmountTransfer
tx-697-C425919336-C1954069781,ZeroedOriginBalance
tx-697-C1343376648-C1882250121,FraudTransaction
tx-697-C1343376648-C1882250121,HighAmountTransfer
tx-697-C1343376648-C1882250121,ZeroedOriginBalance
tx-697-C1784743677-C1686059852,FraudTransaction
tx-697-C1784743677-C1686059852,ZeroedOriginBalance
tx-697-C46387531-C621851577,FraudTransaction
tx-697-C46387531-C621851577,ZeroedOriginBalance
tx-697-C1584281400-C62581304,FraudTransaction
tx-697-C1584281400-C62581304,ZeroedOriginBalance
tx-697-C1316763794-C140649109,FraudTransaction
tx-697-C1316763794-C140649109,ZeroedOriginBalance
tx-697-C2082930314-C1063512541,FraudTransaction
tx-697-C2082930314-C1063512541,HighAmountTransfer
tx-697-C2082930314-C1063512541,ZeroedOriginBalance
tx-697-C1387290846-C2032479397,FraudTransaction
tx-697-C1387290846-C2032479397,HighAmountTransfer
tx-697-C1387290846-C2032479397,ZeroedOriginBalance
tx-698-C2110278215-C749611151,FraudTransaction
tx-698-C2110278215-C749611151,HighAmountTransfer
tx-698-C2110278215-C749611151,ZeroedOriginBalance
tx-698-C1381975492-C522493540,FraudTransaction
tx-698-C1381975492-C522493540,HighAmountTransfer
tx-698-C1381975492-C522493540,ZeroedOriginBalance
tx-698-C1729268548-C1519453344,FraudTransaction
tx-698-C1729268548-C1519453344,HighAmountTransfer
tx-698-C1460810398-C725953073,FraudTransaction
tx-698-C1460810398-C725953073,HighAmountTransfer
tx-698-C1460810398-C725953073,ZeroedOriginBalance
tx-698-C1385022604-C1641999884,FraudTransaction
tx-698-C1385022604-C1641999884,HighAmountTransfer
tx-698-C1385022604-C1641999884,ZeroedOriginBalance
tx-698-C679742636-C1476073685,FraudTransaction
tx-698-C679742636-C1476073685,HighAmountTransfer
tx-698-C679742636-C1476073685,ZeroedOriginBalance
tx-698-C1539304019-C1566175487,FraudTransaction
tx-698-C1539304019-C1566175487,ZeroedOriginBalance
tx-698-C494904696-C1742037913,FraudTransaction
tx-698-C494904696-C1742037913,ZeroedOriginBalance
tx-698-C598739398-C2062724919,FraudTransaction
tx-698-C598739398-C2062724919,ZeroedOriginBalance
tx-698-C714886527-C522001237,FraudTransaction
tx-698-C714886527-C522001237,ZeroedOriginBalance
tx-698-C500011939-C2100381776,FraudTransaction
tx-698-C500011939-C2100381776,HighAmountTransfer
tx-698-C500011939-C2100381776,ZeroedOriginBalance
tx-698-C87347257-C2045743358,FraudTransaction
tx-698-C87347257-C2045743358,HighAmountTransfer
tx-698-C87347257-C2045743358,ZeroedOriginBalance
tx-698-C652805984-C1997052415,FraudTransaction
tx-698-C652805984-C1997052415,HighAmountTransfer
tx-698-C652805984-C1997052415,ZeroedOriginBalance
tx-698-C1859539319-C599318565,FraudTransaction
tx-698-C1859539319-C599318565,HighAmountTransfer
tx-698-C1859539319-C599318565,ZeroedOriginBalance
tx-698-C413853456-C949247454,FraudTransaction
tx-698-C413853456-C949247454,HighAmountTransfer
tx-698-C413853456-C949247454,ZeroedOriginBalance
tx-698-C622303175-C1544056522,FraudTransaction
tx-698-C622303175-C1544056522,HighAmountTransfer
tx-698-C622303175-C1544056522,ZeroedOriginBalance
tx-699-C828287936-C1135968742,FraudTransaction
tx-699-C828287936-C1135968742,ZeroedOriginBalance
tx-699-C1305964333-C1072558316,FraudTransaction
tx-699-C1305964333-C1072558316,ZeroedOriginBalance
tx-699-C144024686-C241184394,FraudTransaction
tx-699-C144024686-C241184394,ZeroedOriginBalance
tx-699-C1511318638-C540530453,FraudTransaction
tx-699-C1511318638-C540530453,ZeroedOriginBalance
tx-699-C516969543-C2034859520,FraudTransaction
tx-699-C516969543-C2034859520,ZeroedOriginBalance
tx-699-C1745419959-C1737815990,FraudTransaction
tx-699-C1745419959-C1737815990,ZeroedOriginBalance
tx-699-C309297026-C2081259491,FraudTransaction
tx-699-C309297026-C2081259491,ZeroedOriginBalance
tx-699-C735929753-C48659119,FraudTransaction
tx-699-C735929753-C48659119,ZeroedOriginBalance
tx-699-C29153340-C1227830084,FraudTransaction
tx-699-C29153340-C1227830084,ZeroedOriginBalance
tx-699-C802509612-C1827355513,FraudTransaction
tx-699-C802509612-C1827355513,ZeroedOriginBalance
tx-699-C2003289304-C7749792,FraudTransaction
tx-699-C2003289304-C7749792,ZeroedOriginBalance
tx-699-C1915659563-C421781202,FraudTransaction
tx-699-C1915659563-C421781202,ZeroedOriginBalance
tx-699-C1557504343-C404511346,FraudTransaction
tx-699-C1557504343-C404511346,ZeroedOriginBalance
tx-699-C1532317723-C446134087,FraudTransaction
tx-699-C1532317723-C446134087,ZeroedOriginBalance
tx-699-C577803442-C619602282,FraudTransaction
tx-699-C577803442-C619602282,HighAmountTransfer
tx-699-C577803442-C619602282,ZeroedOriginBalance
tx-699-C1491503658-C454424230,FraudTransaction
tx-699-C1491503658-C454424230,HighAmountTransfer
tx-699-C1491503658-C454424230,ZeroedOriginBalance
tx-700-C1280889353-C1483476946,FraudTransaction
tx-700-C1280889353-C1483476946,ZeroedOriginBalance
tx-700-C1642338581-C2040491589,FraudTransaction
tx-700-C1642338581-C2040491589,ZeroedOriginBalance
tx-700-C818444263-C2044514813,FraudTransaction
tx-700-C818444263-C2044514813,ZeroedOriginBalance
tx-700-C1495290660-C1551587601,FraudTransaction
tx-700-C1495290660-C1551587601,ZeroedOriginBalance
tx-700-C1407322771-C1980457812,FraudTransaction
tx-700-C1407322771-C1980457812,ZeroedOriginBalance
tx-700-C311401803-C1675116144,FraudTransaction
tx-700-C311401803-C1675116144,ZeroedOriginBalance
tx-701-C841535427-C1628153778,FraudTransaction
tx-701-C841535427-C1628153778,ZeroedOriginBalance
tx-701-C609725895-C450042361,FraudTransaction
tx-701-C609725895-C450042361,ZeroedOriginBalance
tx-701-C1396855009-C387448117,FraudTransaction
tx-701-C1396855009-C387448117,ZeroedOriginBalance
tx-701-C1472339088-C1506042377,FraudTransaction
tx-701-C1472339088-C1506042377,ZeroedOriginBalance
tx-701-C601921404-C1092111599,FraudTransaction
tx-701-C601921404-C1092111599,HighAmountTransfer
tx-701-C601921404-C1092111599,ZeroedOriginBalance
tx-701-C985677650-C1454524635,FraudTransaction
tx-701-C985677650-C1454524635,HighAmountTransfer
tx-701-C985677650-C1454524635,ZeroedOriginBalance
tx-701-C2076485043-C696774092,FraudTransaction
tx-701-C2076485043-C696774092,ZeroedOriginBalance
tx-701-C1017446599-C1901879882,FraudTransaction
tx-701-C1017446599-C1901879882,ZeroedOriginBalance
tx-701-C1064966733-C467221336,FraudTransaction
tx-701-C1064966733-C467221336,ZeroedOriginBalance
tx-701-C1742581388-C1623138506,FraudTransaction
tx-701-C1742581388-C1623138506,ZeroedOriginBalance
tx-701-C1524224259-C1792600425,FraudTransaction
tx-701-C1524224259-C1792600425,ZeroedOriginBalance
tx-701-C1977168836-C1041919109,FraudTransaction
tx-701-C1977168836-C1041919109,ZeroedOriginBalance
tx-701-C438236992-C1490705350,FraudTransaction
tx-701-C438236992-C1490705350,ZeroedOriginBalance
tx-701-C272466753-C547672572,FraudTransaction
tx-701-C272466753-C547672572,ZeroedOriginBalance
tx-701-C83368332-C195897320,FraudTransaction
tx-701-C83368332-C195897320,HighAmountTransfer
tx-701-C83368332-C195897320,ZeroedOriginBalance
tx-701-C948133316-C1195105937,FraudTransaction
tx-701-C948133316-C1195105937,HighAmountTransfer
tx-701-C948133316-C1195105937,ZeroedOriginBalance
tx-701-C1430919523-C437800178,FraudTransaction
tx-701-C1430919523-C437800178,ZeroedOriginBalance
tx-701-C697413376-C1918590482,FraudTransaction
tx-701-C697413376-C1918590482,ZeroedOriginBalance
tx-702-C1106640250-C1843521479,FraudTransaction
tx-702-C1106640250-C1843521479,ZeroedOriginBalance
tx-702-C1802792293-C203516640,FraudTransaction
tx-702-C1802792293-C203516640,ZeroedOriginBalance
tx-702-C485022724-C1852255407,FraudTransaction
tx-702-C485022724-C1852255407,HighAmountTransfer
tx-702-C1666917384-C779798347,FraudTransaction
tx-702-C1666917384-C779798347,HighAmountTransfer
tx-702-C1666917384-C779798347,ZeroedOriginBalance
tx-702-C229313332-C766725973,FraudTransaction
tx-702-C229313332-C766725973,HighAmountTransfer
tx-702-C1174163617-C1917566425,FraudTransaction
tx-702-C1174163617-C1917566425,HighAmountTransfer
tx-702-C1174163617-C1917566425,ZeroedOriginBalance
tx-702-C523152614-C1115935121,FraudTransaction
tx-702-C523152614-C1115935121,HighAmountTransfer
tx-702-C628072559-C1677685761,FraudTransaction
tx-702-C628072559-C1677685761,HighAmountTransfer
tx-702-C628072559-C1677685761,ZeroedOriginBalance
tx-702-C1892216157-C1308068787,FraudTransaction
tx-702-C1892216157-C1308068787,HighAmountTransfer
tx-702-C1461113533-C1382150537,FraudTransaction
tx-702-C1035275557-C962802793,FraudTransaction
tx-702-C1035275557-C962802793,ZeroedOriginBalance
tx-702-C1694608932-C1283529992,FraudTransaction
tx-702-C1694608932-C1283529992,ZeroedOriginBalance
tx-702-C1377043932-C868639312,FraudTransaction
tx-702-C1377043932-C868639312,ZeroedOriginBalance
tx-702-C863413785-C1064040919,FraudTransaction
tx-702-C863413785-C1064040919,ZeroedOriginBalance
tx-703-C650074487-C255214104,FraudTransaction
tx-703-C650074487-C255214104,ZeroedOriginBalance
tx-703-C1319609098-C1745340789,FraudTransaction
tx-703-C1319609098-C1745340789,ZeroedOriginBalance
tx-703-C1022326247-C426683536,FraudTransaction
tx-703-C1022326247-C426683536,ZeroedOriginBalance
tx-703-C976181773-C497482843,FraudTransaction
tx-703-C976181773-C497482843,ZeroedOriginBalance
tx-703-C1720178910-C322380690,FraudTransaction
tx-703-C1720178910-C322380690,HighAmountTransfer
tx-703-C1720178910-C322380690,ZeroedOriginBalance
tx-703-C357275895-C185710964,FraudTransaction
tx-703-C357275895-C185710964,HighAmountTransfer
tx-703-C357275895-C185710964,ZeroedOriginBalance
tx-703-C641545226-C1380751348,FraudTransaction
tx-703-C641545226-C1380751348,ZeroedOriginBalance
tx-703-C1503196403-C448117484,FraudTransaction
tx-703-C1503196403-C448117484,ZeroedOriginBalance
tx-704-C1044721452-C61841056,FraudTransaction
tx-704-C1044721452-C61841056,HighAmountTransfer
tx-704-C1044721452-C61841056,ZeroedOriginBalance
tx-704-C748275134-C118248248,FraudTransaction
tx-704-C748275134-C118248248,HighAmountTransfer
tx-704-C748275134-C118248248,ZeroedOriginBalance
tx-704-C538400340-C1674262851,FraudTransaction
tx-704-C538400340-C1674262851,HighAmountTransfer
tx-704-C538400340-C1674262851,ZeroedOriginBalance
tx-704-C664688196-C14014864,FraudTransaction
tx-704-C664688196-C14014864,HighAmountTransfer
tx-704-C664688196-C14014864,ZeroedOriginBalance
tx-704-C354542931-C144148136,FraudTransaction
tx-704-C354542931-C144148136,ZeroedOriginBalance
tx-704-C1701872761-C1343819307,FraudTransaction
tx-704-C1701872761-C1343819307,ZeroedOriginBalance
tx-704-C2135939957-C2116903748,FraudTransaction
tx-704-C2135939957-C2116903748,HighAmountTransfer
tx-704-C2135939957-C2116903748,ZeroedOriginBalance
tx-704-C708222638-C106425191,FraudTransaction
tx-704-C708222638-C106425191,HighAmountTransfer
tx-704-C708222638-C106425191,ZeroedOriginBalance
tx-704-C816315846-C1817291086,FraudTransaction
tx-704-C816315846-C1817291086,ZeroedOriginBalance
tx-704-C1360389351-C1009791419,FraudTransaction
tx-704-C1360389351-C1009791419,ZeroedOriginBalance
tx-704-C1342183875-C86858954,FraudTransaction
tx-704-C1342183875-C86858954,ZeroedOriginBalance
tx-704-C1323122307-C171435126,FraudTransaction
tx-704-C1323122307-C171435126,ZeroedOriginBalance
tx-704-C1100723027-C37939872,FraudTransaction
tx-704-C1100723027-C37939872,HighAmountTransfer
tx-704-C1100723027-C37939872,ZeroedOriginBalance
tx-704-C1071076699-C1913721465,FraudTransaction
tx-704-C1071076699-C1913721465,HighAmountTransfer
tx-704-C1071076699-C1913721465,ZeroedOriginBalance
tx-704-C1867095395-C520753561,FraudTransaction
tx-704-C1867095395-C520753561,ZeroedOriginBalance
tx-704-C1221041967-C2055287072,FraudTransaction
tx-704-C1221041967-C2055287072,ZeroedOriginBalance
tx-705-C1948033294-C19292778,FraudTransaction
tx-705-C1948033294-C19292778,ZeroedOriginBalance
tx-705-C1910128336-C1345723287,FraudTransaction
tx-705-C1910128336-C1345723287,ZeroedOriginBalance
tx-705-C546490249-C615181247,FraudTransaction
tx-705-C546490249-C615181247,ZeroedOriginBalance
tx-705-C1908563566-C184438165,FraudTransaction
tx-705-C1908563566-C184438165,ZeroedOriginBalance
tx-705-C1206624869-C1470734212,FraudTransaction
tx-705-C1206624869-C1470734212,ZeroedOriginBalance
tx-705-C793449159-C985064489,FraudTransaction
tx-705-C793449159-C985064489,ZeroedOriginBalance
tx-705-C1958431275-C2103213802,FraudTransaction
tx-705-C1958431275-C2103213802,ZeroedOriginBalance
tx-705-C1544409722-C1880051906,FraudTransaction
tx-705-C1544409722-C1880051906,ZeroedOriginBalance
tx-705-C57037472-C149688378,FraudTransaction
tx-705-C57037472-C149688378,ZeroedOriginBalance
tx-705-C1213992157-C137185158,FraudTransaction
tx-705-C1213992157-C137185158,ZeroedOriginBalance
tx-706-C163014239-C1656492728,FraudTransaction
tx-706-C163014239-C1656492728,ZeroedOriginBalance
tx-706-C383644087-C628228012,FraudTransaction
tx-706-C383644087-C628228012,ZeroedOriginBalance
tx-706-C905502978-C493873264,FraudTransaction
tx-706-C905502978-C493873264,ZeroedOriginBalance
tx-706-C1978041486-C1543581230,FraudTransaction
tx-706-C1978041486-C1543581230,ZeroedOriginBalance
tx-707-C470081604-C365773860,FraudTransaction
tx-707-C470081604-C365773860,HighAmountTransfer
tx-707-C470081604-C365773860,ZeroedOriginBalance
tx-707-C91165547-C29787245,FraudTransaction
tx-707-C91165547-C29787245,HighAmountTransfer
tx-707-C91165547-C29787245,ZeroedOriginBalance
tx-707-C494837899-C1011506599,FraudTransaction
tx-707-C494837899-C1011506599,HighAmountTransfer
tx-707-C494837899-C1011506599,ZeroedOriginBalance
tx-707-C981538757-C1704168344,FraudTransaction
tx-707-C981538757-C1704168344,HighAmountTransfer
tx-707-C981538757-C1704168344,ZeroedOriginBalance
tx-707-C589262212-C1774278732,FraudTransaction
tx-707-C589262212-C1774278732,ZeroedOriginBalance
tx-707-C1267596180-C784278518,FraudTransaction
tx-707-C1267596180-C784278518,ZeroedOriginBalance
tx-707-C1043527721-C2017082627,FraudTransaction
tx-707-C1043527721-C2017082627,ZeroedOriginBalance
tx-707-C812117475-C765380392,FraudTransaction
tx-707-C812117475-C765380392,ZeroedOriginBalance
tx-707-C1176671535-C385619809,FraudTransaction
tx-707-C1176671535-C385619809,ZeroedOriginBalance
tx-707-C1750520522-C1625988105,FraudTransaction
tx-707-C1750520522-C1625988105,ZeroedOriginBalance
tx-708-C1328487364-C1043010515,FraudTransaction
tx-708-C1328487364-C1043010515,HighAmountTransfer
tx-708-C1328487364-C1043010515,ZeroedOriginBalance
tx-708-C171779643-C808534536,FraudTransaction
tx-708-C171779643-C808534536,HighAmountTransfer
tx-708-C171779643-C808534536,ZeroedOriginBalance
tx-708-C944432695-C1069174246,FraudTransaction
tx-708-C944432695-C1069174246,HighAmountTransfer
tx-708-C944432695-C1069174246,ZeroedOriginBalance
tx-708-C1181245591-C1457459211,FraudTransaction
tx-708-C1181245591-C1457459211,HighAmountTransfer
tx-708-C1181245591-C1457459211,ZeroedOriginBalance
tx-709-C862377395-C601150509,FraudTransaction
tx-709-C862377395-C601150509,ZeroedOriginBalance
tx-709-C491289068-C452558889,FraudTransaction
tx-709-C491289068-C452558889,ZeroedOriginBalance
tx-709-C535302480-C1442778560,FraudTransaction
tx-709-C535302480-C1442778560,ZeroedOriginBalance
tx-709-C657317205-C144113427,FraudTransaction
tx-709-C657317205-C144113427,ZeroedOriginBalance
tx-709-C277947802-C1729785616,FraudTransaction
tx-709-C277947802-C1729785616,ZeroedOriginBalance
tx-709-C682356990-C263674163,FraudTransaction
tx-709-C682356990-C263674163,ZeroedOriginBalance
tx-709-C90228184-C1066617916,FraudTransaction
tx-709-C90228184-C1066617916,ZeroedOriginBalance
tx-709-C1691969506-C1391033191,FraudTransaction
tx-709-C1691969506-C1391033191,ZeroedOriginBalance
tx-710-C1585270630-C462665302,FraudTransaction
tx-710-C1585270630-C462665302,ZeroedOriginBalance
tx-710-C2058293916-C584398732,FraudTransaction
tx-710-C2058293916-C584398732,ZeroedOriginBalance
tx-710-C378242927-C601312976,FraudTransaction
tx-710-C378242927-C601312976,HighAmountTransfer
tx-710-C378242927-C601312976,ZeroedOriginBalance
tx-710-C1853601480-C1980684210,FraudTransaction
tx-710-C1853601480-C1980684210,HighAmountTransfer
tx-710-C1853601480-C1980684210,ZeroedOriginBalance
tx-710-C671111468-C1728836940,FraudTransaction
tx-710-C671111468-C1728836940,HighAmountTransfer
tx-710-C415175436-C1774310379,FraudTransaction
tx-710-C415175436-C1774310379,HighAmountTransfer
tx-710-C415175436-C1774310379,ZeroedOriginBalance
tx-710-C1004068843-C2116384638,FraudTransaction
tx-710-C1004068843-C2116384638,HighAmountTransfer
tx-710-C1178177971-C1773776028,FraudTransaction
tx-710-C1178177971-C1773776028,HighAmountTransfer
tx-710-C1178177971-C1773776028,ZeroedOriginBalance
tx-710-C1817868641-C919151595,FraudTransaction
tx-710-C1817868641-C919151595,HighAmountTransfer
tx-710-C211624085-C242007270,FraudTransaction
tx-710-C211624085-C242007270,HighAmountTransfer
tx-710-C211624085-C242007270,ZeroedOriginBalance
tx-710-C1908904298-C646426738,FraudTransaction
tx-710-C1908904298-C646426738,HighAmountTransfer
tx-710-C1908904298-C646426738,ZeroedOriginBalance
tx-710-C2071540456-C1519402359,FraudTransaction
tx-710-C2071540456-C1519402359,HighAmountTransfer
tx-710-C2071540456-C1519402359,ZeroedOriginBalance
tx-710-C223934806-C2052072681,FraudTransaction
tx-710-C223934806-C2052072681,ZeroedOriginBalance
tx-710-C1874513050-C205426879,FraudTransaction
tx-710-C1874513050-C205426879,ZeroedOriginBalance
tx-711-C1941295125-C1885948994,FraudTransaction
tx-711-C1941295125-C1885948994,HighAmountTransfer
tx-711-C1941295125-C1885948994,ZeroedOriginBalance
tx-711-C1666144703-C1347394914,FraudTransaction
tx-711-C1666144703-C1347394914,HighAmountTransfer
tx-711-C1666144703-C1347394914,ZeroedOriginBalance
tx-711-C1623202308-C1603892651,FraudTransaction
tx-711-C1623202308-C1603892651,ZeroedOriginBalance
tx-711-C1586194508-C675616204,FraudTransaction
tx-711-C1586194508-C675616204,ZeroedOriginBalance
tx-711-C56835824-C648043949,FraudTransaction
tx-711-C56835824-C648043949,ZeroedOriginBalance
tx-711-C444079490-C2102767053,FraudTransaction
tx-711-C444079490-C2102767053,ZeroedOriginBalance
tx-711-C1844811503-C2047354099,FraudTransaction
tx-711-C1844811503-C2047354099,HighAmountTransfer
tx-711-C1844811503-C2047354099,ZeroedOriginBalance
tx-711-C1554550313-C848131266,FraudTransaction
tx-711-C1554550313-C848131266,HighAmountTransfer
tx-711-C1554550313-C848131266,ZeroedOriginBalance
tx-712-C784866685-C1057245798,FraudTransaction
tx-712-C784866685-C1057245798,ZeroedOriginBalance
tx-712-C1552242254-C1103234396,FraudTransaction
tx-712-C1552242254-C1103234396,ZeroedOriginBalance
tx-712-C96988544-C1886829961,FraudTransaction
tx-712-C96988544-C1886829961,ZeroedOriginBalance
tx-712-C1795832752-C2097301606,FraudTransaction
tx-712-C1795832752-C2097301606,ZeroedOriginBalance
tx-712-C1829047809-C152722273,FraudTransaction
tx-712-C1829047809-C152722273,ZeroedOriginBalance
tx-712-C1710479946-C940718761,FraudTransaction
tx-712-C1710479946-C940718761,ZeroedOriginBalance
tx-712-C333316191-C320679459,FraudTransaction
tx-712-C333316191-C320679459,ZeroedOriginBalance
tx-712-C278939913-C1448175879,FraudTransaction
tx-712-C278939913-C1448175879,ZeroedOriginBalance
tx-712-C1427122202-C420183005,FraudTransaction
tx-712-C1427122202-C420183005,ZeroedOriginBalance
tx-712-C776636792-C1609425156,FraudTransaction
tx-712-C776636792-C1609425156,ZeroedOriginBalance
tx-712-C1594841264-C388733782,FraudTransaction
tx-712-C1594841264-C388733782,ZeroedOriginBalance
tx-712-C193723315-C381883886,FraudTransaction
tx-712-C193723315-C381883886,ZeroedOriginBalance
tx-713-C1240168728-C807998987,FraudTransaction
tx-713-C1240168728-C807998987,HighAmountTransfer
tx-713-C1240168728-C807998987,ZeroedOriginBalance
tx-713-C1821420641-C1611647330,FraudTransaction
tx-713-C1821420641-C1611647330,HighAmountTransfer
tx-713-C1821420641-C1611647330,ZeroedOriginBalance
tx-713-C589050166-C2115142048,FraudTransaction
tx-713-C589050166-C2115142048,HighAmountTransfer
tx-713-C589050166-C2115142048,ZeroedOriginBalance
tx-713-C1678282233-C1429996969,FraudTransaction
tx-713-C1678282233-C1429996969,HighAmountTransfer
tx-713-C1678282233-C1429996969,ZeroedOriginBalance
tx-713-C1983454169-C188272738,FraudTransaction
tx-713-C1983454169-C188272738,ZeroedOriginBalance
tx-713-C522404571-C71110217,FraudTransaction
tx-713-C522404571-C71110217,ZeroedOriginBalance
tx-713-C1576289672-C239130588,FraudTransaction
tx-713-C1576289672-C239130588,ZeroedOriginBalance
tx-713-C2108914826-C136745771,FraudTransaction
tx-713-C2108914826-C136745771,ZeroedOriginBalance
tx-714-C1143281085-C391244346,FraudTransaction
tx-714-C1143281085-C391244346,HighAmountTransfer
tx-714-C1143281085-C391244346,ZeroedOriginBalance
tx-714-C2096285497-C2145717335,FraudTransaction
tx-714-C2096285497-C2145717335,HighAmountTransfer
tx-714-C2096285497-C2145717335,ZeroedOriginBalance
tx-714-C50671778-C670607251,FraudTransaction
tx-714-C50671778-C670607251,ZeroedOriginBalance
tx-714-C1102964425-C1605514838,FraudTransaction
tx-714-C1102964425-C1605514838,ZeroedOriginBalance
tx-714-C356480504-C1101816273,FraudTransaction
tx-714-C356480504-C1101816273,ZeroedOriginBalance
tx-714-C551927206-C1342608381,FraudTransaction
tx-714-C551927206-C1342608381,ZeroedOriginBalance
tx-714-C131412689-C1846567377,FraudTransaction
tx-714-C131412689-C1846567377,HighAmountTransfer
tx-714-C1440908860-C1590217660,FraudTransaction
tx-714-C1440908860-C1590217660,HighAmountTransfer
tx-714-C1440908860-C1590217660,ZeroedOriginBalance
tx-714-C1160185399-C1622291038,FraudTransaction
tx-714-C1160185399-C1622291038,ZeroedOriginBalance
tx-714-C1246584069-C592943127,FraudTransaction
tx-714-C1246584069-C592943127,ZeroedOriginBalance
tx-714-C1438677474-C1955533905,FraudTransaction
tx-714-C1438677474-C1955533905,ZeroedOriginBalance
tx-714-C1854432307-C861498730,FraudTransaction
tx-714-C1854432307-C861498730,ZeroedOriginBalance
tx-714-C1378313671-C1963510795,FraudTransaction
tx-714-C1378313671-C1963510795,ZeroedOriginBalance
tx-714-C75762686-C711384774,FraudTransaction
tx-714-C75762686-C711384774,ZeroedOriginBalance
tx-715-C1776089845-C870079370,FraudTransaction
tx-715-C1776089845-C870079370,HighAmountTransfer
tx-715-C1776089845-C870079370,ZeroedOriginBalance
tx-715-C1824693572-C1970401163,FraudTransaction
tx-715-C1824693572-C1970401163,HighAmountTransfer
tx-715-C1824693572-C1970401163,ZeroedOriginBalance
tx-715-C1223797124-C1631519993,FraudTransaction
tx-715-C1223797124-C1631519993,ZeroedOriginBalance
tx-715-C1663993817-C1938611735,FraudTransaction
tx-715-C1663993817-C1938611735,ZeroedOriginBalance
tx-715-C323981419-C21881841,FraudTransaction
tx-715-C323981419-C21881841,ZeroedOriginBalance
tx-715-C2063271893-C1989548157,FraudTransaction
tx-715-C2063271893-C1989548157,ZeroedOriginBalance
tx-715-C1903139702-C1780389653,FraudTransaction
tx-715-C1903139702-C1780389653,HighAmountTransfer
tx-715-C1903139702-C1780389653,ZeroedOriginBalance
tx-715-C1067753985-C1479628852,FraudTransaction
tx-715-C1067753985-C1479628852,HighAmountTransfer
tx-715-C1067753985-C1479628852,ZeroedOriginBalance
tx-715-C213896152-C1841831832,FraudTransaction
tx-715-C213896152-C1841831832,ZeroedOriginBalance
tx-715-C1792802617-C350073748,FraudTransaction
tx-715-C1792802617-C350073748,ZeroedOriginBalance
tx-716-C860413679-C1253519573,FraudTransaction
tx-716-C860413679-C1253519573,HighAmountTransfer
tx-716-C860413679-C1253519573,ZeroedOriginBalance
tx-716-C400680114-C613935961,FraudTransaction
tx-716-C400680114-C613935961,HighAmountTransfer
tx-716-C400680114-C613935961,ZeroedOriginBalance
tx-716-C1681613660-C1588106551,FraudTransaction
tx-716-C1681613660-C1588106551,HighAmountTransfer
tx-716-C1681613660-C1588106551,ZeroedOriginBalance
tx-716-C596249960-C1418025588,FraudTransaction
tx-716-C596249960-C1418025588,HighAmountTransfer
tx-716-C596249960-C1418025588,ZeroedOriginBalance
tx-716-C1237757319-C1987660225,FraudTransaction
tx-716-C1237757319-C1987660225,ZeroedOriginBalance
tx-716-C1878016085-C566136377,FraudTransaction
tx-716-C1878016085-C566136377,ZeroedOriginBalance
tx-716-C1878448827-C765829328,FraudTransaction
tx-716-C1878448827-C765829328,ZeroedOriginBalance
tx-716-C1266731860-C867271501,FraudTransaction
tx-716-C1266731860-C867271501,ZeroedOriginBalance
tx-717-C1489529077-C1297422929,FraudTransaction
tx-717-C1489529077-C1297422929,ZeroedOriginBalance
tx-717-C926836772-C32445032,FraudTransaction
tx-717-C926836772-C32445032,ZeroedOriginBalance
tx-717-C438492576-C1547774337,FraudTransaction
tx-717-C438492576-C1547774337,ZeroedOriginBalance
tx-717-C1391223821-C450487671,FraudTransaction
tx-717-C1391223821-C450487671,ZeroedOriginBalance
tx-717-C796312778-C1064867457,FraudTransaction
tx-717-C796312778-C1064867457,HighAmountTransfer
tx-717-C796312778-C1064867457,ZeroedOriginBalance
tx-717-C1850890702-C944966910,FraudTransaction
tx-717-C1850890702-C944966910,HighAmountTransfer
tx-717-C1850890702-C944966910,ZeroedOriginBalance
tx-717-C637096336-C1127132914,FraudTransaction
tx-717-C637096336-C1127132914,HighAmountTransfer
tx-717-C637096336-C1127132914,ZeroedOriginBalance
tx-717-C690196835-C2075566592,FraudTransaction
tx-717-C690196835-C2075566592,HighAmountTransfer
tx-717-C690196835-C2075566592,ZeroedOriginBalance
tx-717-C667718878-C1909363754,FraudTransaction
tx-717-C667718878-C1909363754,ZeroedOriginBalance
tx-717-C1047697317-C1932528872,FraudTransaction
tx-717-C1047697317-C1932528872,ZeroedOriginBalance
tx-717-C1968923761-C1287632280,FraudTransaction
tx-717-C1968923761-C1287632280,ZeroedOriginBalance
tx-717-C1129119075-C1592225219,FraudTransaction
tx-717-C1129119075-C1592225219,ZeroedOriginBalance
tx-718-C832223915-C1284075607,FraudTransaction
tx-718-C832223915-C1284075607,ZeroedOriginBalance
tx-718-C698551144-C930865273,FraudTransaction
tx-718-C698551144-C930865273,ZeroedOriginBalance
tx-718-C1736810162-C1450998839,FraudTransaction
tx-718-C1736810162-C1450998839,ZeroedOriginBalance
tx-718-C499563648-C1559231794,FraudTransaction
tx-718-C499563648-C1559231794,ZeroedOriginBalance
tx-718-C411007033-C1470544838,FraudTransaction
tx-718-C411007033-C1470544838,HighAmountTransfer
tx-718-C411007033-C1470544838,ZeroedOriginBalance
tx-718-C1545616572-C1503189539,FraudTransaction
tx-718-C1545616572-C1503189539,HighAmountTransfer
tx-718-C1545616572-C1503189539,ZeroedOriginBalance
tx-718-C48892155-C281499391,FraudTransaction
tx-718-C48892155-C281499391,HighAmountTransfer
tx-718-C1049094143-C1023840891,FraudTransaction
tx-718-C1049094143-C1023840891,HighAmountTransfer
tx-718-C1049094143-C1023840891,ZeroedOriginBalance
tx-718-C1040320190-C598263954,FraudTransaction
tx-718-C1040320190-C598263954,HighAmountTransfer
tx-718-C1040320190-C598263954,ZeroedOriginBalance
tx-718-C1139926828-C1698433621,FraudTransaction
tx-718-C1139926828-C1698433621,HighAmountTransfer
tx-718-C1139926828-C1698433621,ZeroedOriginBalance
tx-718-C1314499487-C588423293,FraudTransaction
tx-718-C1314499487-C588423293,ZeroedOriginBalance
tx-718-C735977-C1843653011,FraudTransaction
tx-718-C735977-C1843653011,ZeroedOriginBalance
tx-718-C1572583311-C336176580,FraudTransaction
tx-718-C1572583311-C336176580,ZeroedOriginBalance
tx-718-C743630497-C278676454,FraudTransaction
tx-718-C743630497-C278676454,ZeroedOriginBalance
tx-718-C1268545631-C1588541391,FraudTransaction
tx-718-C1268545631-C1588541391,ZeroedOriginBalance
tx-718-C1231251587-C1943166088,FraudTransaction
tx-718-C1231251587-C1943166088,ZeroedOriginBalance
tx-719-C1253782028-C2141598336,FraudTransaction
tx-719-C1253782028-C2141598336,ZeroedOriginBalance
tx-719-C2113748548-C2051326295,FraudTransaction
tx-719-C2113748548-C2051326295,ZeroedOriginBalance
tx-719-C645678075-C1753733624,FraudTransaction
tx-719-C645678075-C1753733624,ZeroedOriginBalance
tx-719-C163185950-C1545339694,FraudTransaction
tx-719-C163185950-C1545339694,ZeroedOriginBalance
tx-719-C444759415-C1253833239,FraudTransaction
tx-719-C444759415-C1253833239,ZeroedOriginBalance
tx-719-C236547965-C1382782385,FraudTransaction
tx-719-C236547965-C1382782385,ZeroedOriginBalance
tx-719-C1254000350-C432911682,FraudTransaction
tx-719-C1254000350-C432911682,HighAmountTransfer
tx-719-C1254000350-C432911682,ZeroedOriginBalance
tx-719-C334882914-C878792867,FraudTransaction
tx-719-C334882914-C878792867,HighAmountTransfer
tx-719-C334882914-C878792867,ZeroedOriginBalance
tx-719-C445994670-C2123813082,FraudTransaction
tx-719-C445994670-C2123813082,HighAmountTransfer
tx-719-C445994670-C2123813082,ZeroedOriginBalance
tx-719-C1605541894-C2135177124,FraudTransaction
tx-719-C1605541894-C2135177124,HighAmountTransfer
tx-719-C1605541894-C2135177124,ZeroedOriginBalance
tx-719-C1636058456-C937763226,FraudTransaction
tx-719-C1636058456-C937763226,ZeroedOriginBalance
tx-719-C1561200626-C999955448,FraudTransaction
tx-719-C1561200626-C999955448,ZeroedOriginBalance
tx-719-C1183843461-C1830685403,FraudTransaction
tx-719-C1183843461-C1830685403,ZeroedOriginBalance
tx-719-C1199258183-C136557058,FraudTransaction
tx-719-C1199258183-C136557058,ZeroedOriginBalance
tx-720-C1468845762-C1226285099,FraudTransaction
tx-720-C1468845762-C1226285099,ZeroedOriginBalance
tx-720-C838045354-C1980653895,FraudTransaction
tx-720-C838045354-C1980653895,ZeroedOriginBalance
tx-720-C838045354-C1980653895,RepeatedFraudDestination
tx-720-C1996558397-C2122089181,FraudTransaction
tx-720-C1996558397-C2122089181,ZeroedOriginBalance
tx-720-C1765193112-C153506501,FraudTransaction
tx-720-C1765193112-C153506501,ZeroedOriginBalance
tx-720-C1493011618-C1620712399,FraudTransaction
tx-720-C1493011618-C1620712399,ZeroedOriginBalance
tx-720-C1977012169-C2046543402,FraudTransaction
tx-720-C1977012169-C2046543402,ZeroedOriginBalance
tx-720-C170506678-C1141419100,FraudTransaction
tx-720-C170506678-C1141419100,ZeroedOriginBalance
tx-720-C1458525982-C1880748813,FraudTransaction
tx-720-C1458525982-C1880748813,ZeroedOriginBalance
tx-720-C1257271049-C1648581117,FraudTransaction
tx-720-C1257271049-C1648581117,ZeroedOriginBalance
tx-720-C839142171-C1341565577,FraudTransaction
tx-720-C839142171-C1341565577,ZeroedOriginBalance
tx-721-C594313973-C1343815682,FraudTransaction
tx-721-C594313973-C1343815682,ZeroedOriginBalance
tx-721-C427738422-C950599910,FraudTransaction
tx-721-C427738422-C950599910,ZeroedOriginBalance
tx-721-C2104908972-C859732085,FraudTransaction
tx-721-C2104908972-C859732085,ZeroedOriginBalance
tx-721-C1028741158-C1126685739,FraudTransaction
tx-721-C1028741158-C1126685739,ZeroedOriginBalance
tx-722-C2062360147-C1873402307,FraudTransaction
tx-722-C2062360147-C1873402307,HighAmountTransfer
tx-722-C2062360147-C1873402307,ZeroedOriginBalance
tx-722-C366293837-C2121955514,FraudTransaction
tx-722-C366293837-C2121955514,HighAmountTransfer
tx-722-C366293837-C2121955514,ZeroedOriginBalance
tx-722-C1510579815-C710501124,FraudTransaction
tx-722-C1510579815-C710501124,ZeroedOriginBalance
tx-722-C1840147816-C922576062,FraudTransaction
tx-722-C1840147816-C922576062,ZeroedOriginBalance
tx-722-C2141452552-C1620015007,FraudTransaction
tx-722-C2141452552-C1620015007,ZeroedOriginBalance
tx-722-C1129374442-C552296205,FraudTransaction
tx-722-C1129374442-C552296205,ZeroedOriginBalance
tx-722-C1438426689-C213308373,FraudTransaction
tx-722-C1438426689-C213308373,ZeroedOriginBalance
tx-722-C1265063091-C730907439,FraudTransaction
tx-722-C1265063091-C730907439,ZeroedOriginBalance
tx-722-C27765734-C728538990,FraudTransaction
tx-722-C27765734-C728538990,HighAmountTransfer
tx-722-C27765734-C728538990,ZeroedOriginBalance
tx-722-C1272560847-C116742531,FraudTransaction
tx-722-C1272560847-C116742531,HighAmountTransfer
tx-722-C1272560847-C116742531,ZeroedOriginBalance
tx-723-C981935704-C786585564,FraudTransaction
tx-723-C981935704-C786585564,HighAmountTransfer
tx-723-C981935704-C786585564,ZeroedOriginBalance
tx-723-C230197841-C449117351,FraudTransaction
tx-723-C230197841-C449117351,HighAmountTransfer
tx-723-C230197841-C449117351,ZeroedOriginBalance
tx-723-C838658203-C539837230,FraudTransaction
tx-723-C838658203-C539837230,HighAmountTransfer
tx-723-C838658203-C539837230,ZeroedOriginBalance
tx-723-C935658927-C1938522935,FraudTransaction
tx-723-C935658927-C1938522935,HighAmountTransfer
tx-723-C935658927-C1938522935,ZeroedOriginBalance
tx-723-C690631136-C888357097,FraudTransaction
tx-723-C690631136-C888357097,ZeroedOriginBalance
tx-723-C1064690652-C810812783,FraudTransaction
tx-723-C1064690652-C810812783,ZeroedOriginBalance
tx-723-C546364616-C877246848,FraudTransaction
tx-723-C546364616-C877246848,HighAmountTransfer
tx-723-C546364616-C877246848,ZeroedOriginBalance
tx-723-C684925403-C855824878,FraudTransaction
tx-723-C684925403-C855824878,HighAmountTransfer
tx-723-C684925403-C855824878,ZeroedOriginBalance
tx-723-C1343135760-C946275837,FraudTransaction
tx-723-C1343135760-C946275837,ZeroedOriginBalance
tx-723-C1089852110-C1848640378,FraudTransaction
tx-723-C1089852110-C1848640378,ZeroedOriginBalance
tx-723-C1722101892-C1880386653,FraudTransaction
tx-723-C1722101892-C1880386653,ZeroedOriginBalance
tx-723-C1464408178-C262328593,FraudTransaction
tx-723-C1464408178-C262328593,ZeroedOriginBalance
tx-723-C1927429291-C269394270,FraudTransaction
tx-723-C1927429291-C269394270,ZeroedOriginBalance
tx-723-C477094811-C88386120,FraudTransaction
tx-723-C477094811-C88386120,ZeroedOriginBalance
tx-724-C1392628098-C1996959376,FraudTransaction
tx-724-C1392628098-C1996959376,ZeroedOriginBalance
tx-724-C1284823320-C1482507744,FraudTransaction
tx-724-C1284823320-C1482507744,ZeroedOriginBalance
tx-724-C795915077-C101606324,FraudTransaction
tx-724-C795915077-C101606324,ZeroedOriginBalance
tx-724-C1281420811-C1827800010,FraudTransaction
tx-724-C1281420811-C1827800010,ZeroedOriginBalance
tx-724-C1281420811-C1827800010,RepeatedFraudDestination
tx-724-C296795076-C658980177,FraudTransaction
tx-724-C296795076-C658980177,ZeroedOriginBalance
tx-724-C2064051443-C782792546,FraudTransaction
tx-724-C2064051443-C782792546,ZeroedOriginBalance
tx-724-C1371968077-C297875809,FraudTransaction
tx-724-C1371968077-C297875809,ZeroedOriginBalance
tx-724-C438124232-C1360951164,FraudTransaction
tx-724-C438124232-C1360951164,ZeroedOriginBalance
tx-724-C241686740-C2071832199,FraudTransaction
tx-724-C241686740-C2071832199,ZeroedOriginBalance
tx-724-C1112202399-C1546219364,FraudTransaction
tx-724-C1112202399-C1546219364,ZeroedOriginBalance
tx-724-C1083455984-C662399585,FraudTransaction
tx-724-C1083455984-C662399585,HighAmountTransfer
tx-724-C1083455984-C662399585,ZeroedOriginBalance
tx-724-C664281648-C1499411026,FraudTransaction
tx-724-C664281648-C1499411026,HighAmountTransfer
tx-724-C664281648-C1499411026,ZeroedOriginBalance
tx-724-C369360182-C1892199981,FraudTransaction
tx-724-C369360182-C1892199981,ZeroedOriginBalance
tx-724-C2090432901-C2044300505,FraudTransaction
tx-724-C2090432901-C2044300505,ZeroedOriginBalance
tx-725-C488866911-C850044970,FraudTransaction
tx-725-C488866911-C850044970,ZeroedOriginBalance
tx-725-C2077011049-C1352808930,FraudTransaction
tx-725-C2077011049-C1352808930,ZeroedOriginBalance
tx-725-C1518086244-C1924072555,FraudTransaction
tx-725-C1518086244-C1924072555,ZeroedOriginBalance
tx-725-C1350230812-C1392776813,FraudTransaction
tx-725-C1350230812-C1392776813,ZeroedOriginBalance
tx-726-C407411386-C2112724407,FraudTransaction
tx-726-C407411386-C2112724407,HighAmountTransfer
tx-726-C407411386-C2112724407,ZeroedOriginBalance
tx-726-C1860220594-C1149224320,FraudTransaction
tx-726-C1860220594-C1149224320,HighAmountTransfer
tx-726-C1860220594-C1149224320,ZeroedOriginBalance
tx-726-C181783158-C1857371794,FraudTransaction
tx-726-C181783158-C1857371794,ZeroedOriginBalance
tx-726-C361669345-C1226907316,FraudTransaction
tx-726-C361669345-C1226907316,ZeroedOriginBalance
tx-726-C1238333344-C1708390598,FraudTransaction
tx-726-C1238333344-C1708390598,ZeroedOriginBalance
tx-726-C586226957-C962253473,FraudTransaction
tx-726-C586226957-C962253473,ZeroedOriginBalance
tx-726-C106165599-C423074299,FraudTransaction
tx-726-C106165599-C423074299,ZeroedOriginBalance
tx-726-C1722472158-C2112033670,FraudTransaction
tx-726-C1722472158-C2112033670,ZeroedOriginBalance
tx-726-C1416286172-C1369860809,FraudTransaction
tx-726-C1416286172-C1369860809,ZeroedOriginBalance
tx-726-C2119805225-C1289962694,FraudTransaction
tx-726-C2119805225-C1289962694,ZeroedOriginBalance
tx-726-C1740198576-C1453130071,FraudTransaction
tx-726-C1740198576-C1453130071,ZeroedOriginBalance
tx-726-C1461019839-C685427542,FraudTransaction
tx-726-C1461019839-C685427542,ZeroedOriginBalance
tx-726-C1426277806-C753666064,FraudTransaction
tx-726-C1426277806-C753666064,ZeroedOriginBalance
tx-726-C1721806534-C878343259,FraudTransaction
tx-726-C1721806534-C878343259,ZeroedOriginBalance
tx-726-C1260477552-C1646231147,FraudTransaction
tx-726-C1260477552-C1646231147,HighAmountTransfer
tx-726-C1260477552-C1646231147,ZeroedOriginBalance
tx-726-C929950007-C1800726477,FraudTransaction
tx-726-C929950007-C1800726477,HighAmountTransfer
tx-726-C929950007-C1800726477,ZeroedOriginBalance
tx-726-C2022499393-C401908877,FraudTransaction
tx-726-C2022499393-C401908877,HighAmountTransfer
tx-726-C2022499393-C401908877,ZeroedOriginBalance
tx-726-C456762120-C1618899924,FraudTransaction
tx-726-C456762120-C1618899924,HighAmountTransfer
tx-726-C456762120-C1618899924,ZeroedOriginBalance
tx-726-C1513799363-C519065458,FraudTransaction
tx-726-C1513799363-C519065458,ZeroedOriginBalance
tx-726-C46584034-C889161181,FraudTransaction
tx-726-C46584034-C889161181,ZeroedOriginBalance
tx-726-C494375447-C205627082,FraudTransaction
tx-726-C494375447-C205627082,ZeroedOriginBalance
tx-726-C1266701138-C211860517,FraudTransaction
tx-726-C1266701138-C211860517,ZeroedOriginBalance
tx-727-C1145249863-C1054116323,FraudTransaction
tx-727-C1145249863-C1054116323,ZeroedOriginBalance
tx-727-C1882634733-C1883460887,FraudTransaction
tx-727-C1882634733-C1883460887,ZeroedOriginBalance
tx-727-C1366321878-C1565876576,FraudTransaction
tx-727-C1366321878-C1565876576,HighAmountTransfer
tx-727-C1366321878-C1565876576,ZeroedOriginBalance
tx-727-C413383017-C1128848871,FraudTransaction
tx-727-C413383017-C1128848871,HighAmountTransfer
tx-727-C413383017-C1128848871,ZeroedOriginBalance
tx-727-C651444933-C1161818914,FraudTransaction
tx-727-C651444933-C1161818914,ZeroedOriginBalance
tx-727-C1098290230-C1739564153,FraudTransaction
tx-727-C1098290230-C1739564153,ZeroedOriginBalance
tx-727-C806437930-C1469754483,FraudTransaction
tx-727-C806437930-C1469754483,ZeroedOriginBalance
tx-727-C850961884-C1203132980,FraudTransaction
tx-727-C850961884-C1203132980,ZeroedOriginBalance
tx-727-C922622756-C417851521,FraudTransaction
tx-727-C922622756-C417851521,ZeroedOriginBalance
tx-727-C1130163945-C1975233272,FraudTransaction
tx-727-C1130163945-C1975233272,ZeroedOriginBalance
tx-727-C2044117692-C71460104,FraudTransaction
tx-727-C2044117692-C71460104,ZeroedOriginBalance
tx-727-C238489119-C2127664545,FraudTransaction
tx-727-C238489119-C2127664545,ZeroedOriginBalance
tx-728-C1221985222-C1246651614,FraudTransaction
tx-728-C1221985222-C1246651614,ZeroedOriginBalance
tx-728-C1817806739-C84626312,FraudTransaction
tx-728-C1817806739-C84626312,ZeroedOriginBalance
tx-728-C601193350-C676682698,FraudTransaction
tx-728-C601193350-C676682698,ZeroedOriginBalance
tx-728-C363126293-C991624495,FraudTransaction
tx-728-C363126293-C991624495,ZeroedOriginBalance
tx-728-C1838430036-C432858723,FraudTransaction
tx-728-C1838430036-C432858723,HighAmountTransfer
tx-728-C1838430036-C432858723,ZeroedOriginBalance
tx-728-C1305559146-C2086292862,FraudTransaction
tx-728-C1305559146-C2086292862,HighAmountTransfer
tx-728-C1305559146-C2086292862,ZeroedOriginBalance
tx-728-C1171262237-C1229370593,FraudTransaction
tx-728-C1171262237-C1229370593,ZeroedOriginBalance
tx-728-C1983324612-C1263469506,FraudTransaction
tx-728-C1983324612-C1263469506,ZeroedOriginBalance
tx-728-C987072193-C611870654,FraudTransaction
tx-728-C987072193-C611870654,HighAmountTransfer
tx-728-C987072193-C611870654,ZeroedOriginBalance
tx-728-C2109752289-C154510923,FraudTransaction
tx-728-C2109752289-C154510923,HighAmountTransfer
tx-728-C2109752289-C154510923,ZeroedOriginBalance
tx-729-C871824170-C948778919,FraudTransaction
tx-729-C871824170-C948778919,HighAmountTransfer
tx-729-C871824170-C948778919,ZeroedOriginBalance
tx-729-C1678410175-C228891434,FraudTransaction
tx-729-C1678410175-C228891434,HighAmountTransfer
tx-729-C1678410175-C228891434,ZeroedOriginBalance
tx-729-C2144761776-C514777944,FraudTransaction
tx-729-C2144761776-C514777944,ZeroedOriginBalance
tx-729-C157425928-C1303144727,FraudTransaction
tx-729-C157425928-C1303144727,ZeroedOriginBalance
tx-730-C231322789-C1922711956,FraudTransaction
tx-730-C231322789-C1922711956,HighAmountTransfer
tx-730-C231322789-C1922711956,ZeroedOriginBalance
tx-730-C1040108506-C1101565058,FraudTransaction
tx-730-C1040108506-C1101565058,HighAmountTransfer
tx-730-C1040108506-C1101565058,ZeroedOriginBalance
tx-730-C1901678626-C223228023,FraudTransaction
tx-730-C1901678626-C223228023,HighAmountTransfer
tx-730-C1901678626-C223228023,ZeroedOriginBalance
tx-730-C1772832096-C703136937,FraudTransaction
tx-730-C1772832096-C703136937,HighAmountTransfer
tx-730-C1772832096-C703136937,ZeroedOriginBalance
tx-730-C696760428-C577061559,FraudTransaction
tx-730-C696760428-C577061559,ZeroedOriginBalance
tx-730-C1659635357-C876852627,FraudTransaction
tx-730-C1659635357-C876852627,ZeroedOriginBalance
tx-730-C1494188706-C1175598908,FraudTransaction
tx-730-C1494188706-C1175598908,ZeroedOriginBalance
tx-730-C1790729382-C1460854172,FraudTransaction
tx-730-C1790729382-C1460854172,ZeroedOriginBalance
tx-730-C1790729382-C1460854172,RepeatedFraudDestination
tx-730-C507292245-C2129452357,FraudTransaction
tx-730-C507292245-C2129452357,HighAmountTransfer
tx-730-C507292245-C2129452357,ZeroedOriginBalance
tx-730-C1514500854-C1368085881,FraudTransaction
tx-730-C1514500854-C1368085881,HighAmountTransfer
tx-730-C1514500854-C1368085881,ZeroedOriginBalance
tx-730-C726730575-C1364745638,FraudTransaction
tx-730-C726730575-C1364745638,HighAmountTransfer
tx-730-C1700232450-C125311108,FraudTransaction
tx-730-C1700232450-C125311108,HighAmountTransfer
tx-730-C1700232450-C125311108,ZeroedOriginBalance
tx-730-C507645439-C270374999,FraudTransaction
tx-730-C507645439-C270374999,HighAmountTransfer
tx-730-C1868631555-C1100933050,FraudTransaction
tx-730-C1868631555-C1100933050,HighAmountTransfer
tx-730-C1868631555-C1100933050,ZeroedOriginBalance
tx-730-C1277761503-C500987951,FraudTransaction
tx-730-C1277761503-C500987951,HighAmountTransfer
tx-730-C315149365-C574552283,FraudTransaction
tx-730-C315149365-C574552283,HighAmountTransfer
tx-730-C315149365-C574552283,ZeroedOriginBalance
tx-730-C476780134-C1150932816,FraudTransaction
tx-730-C476780134-C1150932816,HighAmountTransfer
tx-730-C2065498878-C502437065,FraudTransaction
tx-730-C2065498878-C502437065,HighAmountTransfer
tx-730-C2065498878-C502437065,ZeroedOriginBalance
tx-730-C2140038573-C1395467927,FraudTransaction
tx-730-C2140038573-C1395467927,HighAmountTransfer
tx-730-C729003789-C1388096959,FraudTransaction
tx-730-C1869569059-C1861208726,FraudTransaction
tx-730-C1869569059-C1861208726,HighAmountTransfer
tx-730-C2088151490-C1156763710,FraudTransaction
tx-730-C1884883180-C906779007,FraudTransaction
tx-730-C1884883180-C906779007,HighAmountTransfer
tx-730-C1884883180-C906779007,ZeroedOriginBalance
tx-730-C1185153589-C978277137,FraudTransaction
tx-730-C1185153589-C978277137,HighAmountTransfer
tx-730-C1185153589-C978277137,ZeroedOriginBalance
tx-730-C1396691078-C476657096,FraudTransaction
tx-730-C1396691078-C476657096,ZeroedOriginBalance
tx-730-C449727386-C1527134062,FraudTransaction
tx-730-C449727386-C1527134062,ZeroedOriginBalance
tx-730-C585645639-C1050859310,FraudTransaction
tx-730-C585645639-C1050859310,ZeroedOriginBalance
tx-730-C1153115525-C1531209289,FraudTransaction
tx-730-C1153115525-C1531209289,ZeroedOriginBalance
tx-731-C1764583028-C252274322,FraudTransaction
tx-731-C1764583028-C252274322,ZeroedOriginBalance
tx-731-C30896720-C1159359491,FraudTransaction
tx-731-C30896720-C1159359491,ZeroedOriginBalance
tx-731-C1013069669-C1655602731,FraudTransaction
tx-731-C1013069669-C1655602731,ZeroedOriginBalance
tx-731-C1225675649-C1599626479,FraudTransaction
tx-731-C1225675649-C1599626479,ZeroedOriginBalance
tx-731-C648990331-C1204258741,FraudTransaction
tx-731-C648990331-C1204258741,ZeroedOriginBalance
tx-731-C1814350435-C51409599,FraudTransaction
tx-731-C1814350435-C51409599,ZeroedOriginBalance
tx-731-C1104155037-C852180070,FraudTransaction
tx-731-C1104155037-C852180070,ZeroedOriginBalance
tx-731-C2054799485-C997585991,FraudTransaction
tx-731-C2054799485-C997585991,ZeroedOriginBalance
tx-731-C712250463-C1291785655,FraudTransaction
tx-731-C712250463-C1291785655,ZeroedOriginBalance
tx-731-C1623831712-C538679361,FraudTransaction
tx-731-C1623831712-C538679361,ZeroedOriginBalance
tx-731-C567545309-C741413300,FraudTransaction
tx-731-C567545309-C741413300,ZeroedOriginBalance
tx-731-C362433458-C1092024343,FraudTransaction
tx-731-C362433458-C1092024343,ZeroedOriginBalance
tx-731-C533095346-C1301226150,FraudTransaction
tx-731-C533095346-C1301226150,ZeroedOriginBalance
tx-731-C839366750-C1367621087,FraudTransaction
tx-731-C839366750-C1367621087,ZeroedOriginBalance
tx-731-C868020518-C1828774978,FraudTransaction
tx-731-C868020518-C1828774978,ZeroedOriginBalance
tx-731-C1950153528-C1184845365,FraudTransaction
tx-731-C1950153528-C1184845365,ZeroedOriginBalance
tx-732-C1489751550-C934061897,FraudTransaction
tx-732-C1489751550-C934061897,ZeroedOriginBalance
tx-732-C1468095473-C615508627,FraudTransaction
tx-732-C1468095473-C615508627,ZeroedOriginBalance
tx-732-C65054182-C833307608,FraudTransaction
tx-732-C65054182-C833307608,ZeroedOriginBalance
tx-732-C269908889-C1665325568,FraudTransaction
tx-732-C269908889-C1665325568,ZeroedOriginBalance
tx-732-C372564056-C977922578,FraudTransaction
tx-732-C372564056-C977922578,ZeroedOriginBalance
tx-732-C1261928380-C1342636720,FraudTransaction
tx-732-C1261928380-C1342636720,ZeroedOriginBalance
tx-732-C661000203-C1308507305,FraudTransaction
tx-732-C661000203-C1308507305,ZeroedOriginBalance
tx-732-C1251324485-C1197787455,FraudTransaction
tx-732-C1251324485-C1197787455,ZeroedOriginBalance
tx-732-C644458914-C791288135,FraudTransaction
tx-732-C644458914-C791288135,HighAmountTransfer
tx-732-C644458914-C791288135,ZeroedOriginBalance
tx-732-C1123625591-C355172230,FraudTransaction
tx-732-C1123625591-C355172230,HighAmountTransfer
tx-732-C1123625591-C355172230,ZeroedOriginBalance
tx-733-C1435012203-C450820106,FraudTransaction
tx-733-C1435012203-C450820106,ZeroedOriginBalance
tx-733-C845679365-C232109757,FraudTransaction
tx-733-C845679365-C232109757,ZeroedOriginBalance
tx-733-C482285608-C1495765075,FraudTransaction
tx-733-C482285608-C1495765075,ZeroedOriginBalance
tx-733-C1632082016-C1877779310,FraudTransaction
tx-733-C1632082016-C1877779310,ZeroedOriginBalance
tx-733-C1119842359-C826187044,FraudTransaction
tx-733-C1119842359-C826187044,HighAmountTransfer
tx-733-C1119842359-C826187044,ZeroedOriginBalance
tx-733-C1168267667-C2079585143,FraudTransaction
tx-733-C1168267667-C2079585143,HighAmountTransfer
tx-733-C1168267667-C2079585143,ZeroedOriginBalance
tx-733-C565737303-C350986885,FraudTransaction
tx-733-C565737303-C350986885,ZeroedOriginBalance
tx-733-C2086760344-C1155351357,FraudTransaction
tx-733-C2086760344-C1155351357,ZeroedOriginBalance
tx-733-C1164351211-C1595140561,FraudTransaction
tx-733-C1164351211-C1595140561,ZeroedOriginBalance
tx-733-C308228373-C610717957,FraudTransaction
tx-733-C308228373-C610717957,ZeroedOriginBalance
tx-734-C1891630790-C2124431731,FraudTransaction
tx-734-C1891630790-C2124431731,HighAmountTransfer
tx-734-C131420902-C635621973,FraudTransaction
tx-734-C131420902-C635621973,HighAmountTransfer
tx-734-C131420902-C635621973,ZeroedOriginBalance
tx-734-C1987403065-C846200321,FraudTransaction
tx-734-C1987403065-C846200321,HighAmountTransfer
tx-734-C1987403065-C846200321,ZeroedOriginBalance
tx-734-C491326843-C1833702412,FraudTransaction
tx-734-C491326843-C1833702412,HighAmountTransfer
tx-734-C491326843-C1833702412,ZeroedOriginBalance
tx-734-C303008218-C1140317769,FraudTransaction
tx-734-C303008218-C1140317769,HighAmountTransfer
tx-734-C303008218-C1140317769,ZeroedOriginBalance
tx-734-C1063299871-C884992368,FraudTransaction
tx-734-C1063299871-C884992368,HighAmountTransfer
tx-734-C1063299871-C884992368,ZeroedOriginBalance
tx-734-C1790385148-C1671472479,FraudTransaction
tx-734-C1790385148-C1671472479,ZeroedOriginBalance
tx-734-C4748745-C1953200125,FraudTransaction
tx-734-C4748745-C1953200125,ZeroedOriginBalance
tx-735-C97010398-C1660559503,FraudTransaction
tx-735-C97010398-C1660559503,ZeroedOriginBalance
tx-735-C1148037845-C387251817,FraudTransaction
tx-735-C1148037845-C387251817,ZeroedOriginBalance
tx-735-C383197535-C316531144,FraudTransaction
tx-735-C383197535-C316531144,ZeroedOriginBalance
tx-735-C1441986673-C1500556384,FraudTransaction
tx-735-C1441986673-C1500556384,ZeroedOriginBalance
tx-735-C317427363-C1466075783,FraudTransaction
tx-735-C317427363-C1466075783,ZeroedOriginBalance
tx-735-C997831977-C709373324,FraudTransaction
tx-735-C997831977-C709373324,ZeroedOriginBalance
tx-735-C336307904-C1155915285,FraudTransaction
tx-735-C336307904-C1155915285,ZeroedOriginBalance
tx-735-C1450763584-C1377830519,FraudTransaction
tx-735-C1450763584-C1377830519,ZeroedOriginBalance
tx-735-C1351323617-C413722554,FraudTransaction
tx-735-C1351323617-C413722554,ZeroedOriginBalance
tx-735-C786761311-C570188819,FraudTransaction
tx-735-C786761311-C570188819,ZeroedOriginBalance
tx-735-C1625883009-C918154390,FraudTransaction
tx-735-C1625883009-C918154390,ZeroedOriginBalance
tx-735-C981071931-C64963279,FraudTransaction
tx-735-C981071931-C64963279,ZeroedOriginBalance
tx-736-C914459666-C73348302,FraudTransaction
tx-736-C914459666-C73348302,ZeroedOriginBalance
tx-736-C810591075-C1614619549,FraudTransaction
tx-736-C810591075-C1614619549,ZeroedOriginBalance
tx-736-C412961249-C253674970,FraudTransaction
tx-736-C412961249-C253674970,HighAmountTransfer
tx-736-C1842402025-C1291939349,FraudTransaction
tx-736-C1842402025-C1291939349,HighAmountTransfer
tx-736-C1842402025-C1291939349,ZeroedOriginBalance
tx-736-C1460351581-C898200380,FraudTransaction
tx-736-C1460351581-C898200380,HighAmountTransfer
tx-736-C1460351581-C898200380,ZeroedOriginBalance
tx-736-C1660278884-C464467238,FraudTransaction
tx-736-C1660278884-C464467238,HighAmountTransfer
tx-736-C1660278884-C464467238,ZeroedOriginBalance
tx-736-C2018539678-C282412954,FraudTransaction
tx-736-C2018539678-C282412954,ZeroedOriginBalance
tx-736-C1804356625-C1581411164,FraudTransaction
tx-736-C1804356625-C1581411164,ZeroedOriginBalance
tx-736-C1459244245-C957617194,FraudTransaction
tx-736-C1459244245-C957617194,ZeroedOriginBalance
tx-736-C1263652542-C1406817938,FraudTransaction
tx-736-C1263652542-C1406817938,ZeroedOriginBalance
tx-736-C809421762-C922949520,FraudTransaction
tx-736-C809421762-C922949520,ZeroedOriginBalance
tx-736-C962323728-C1193568854,FraudTransaction
tx-736-C962323728-C1193568854,ZeroedOriginBalance
tx-736-C962323728-C1193568854,RepeatedFraudDestination
tx-736-C1027836426-C1420360945,FraudTransaction
tx-736-C1027836426-C1420360945,HighAmountTransfer
tx-736-C1027836426-C1420360945,ZeroedOriginBalance
tx-736-C2015532834-C1094245797,FraudTransaction
tx-736-C2015532834-C1094245797,HighAmountTransfer
tx-736-C2015532834-C1094245797,ZeroedOriginBalance
tx-737-C369775274-C1048847167,FraudTransaction
tx-737-C369775274-C1048847167,ZeroedOriginBalance
tx-737-C2010561147-C493481866,FraudTransaction
tx-737-C2010561147-C493481866,ZeroedOriginBalance
tx-737-C1524194171-C357888969,FraudTransaction
tx-737-C1524194171-C357888969,ZeroedOriginBalance
tx-737-C2000156493-C466527004,FraudTransaction
tx-737-C2000156493-C466527004,ZeroedOriginBalance
tx-737-C871130115-C1027984317,FraudTransaction
tx-737-C871130115-C1027984317,HighAmountTransfer
tx-737-C871130115-C1027984317,ZeroedOriginBalance
tx-737-C1907033447-C1163998762,FraudTransaction
tx-737-C1907033447-C1163998762,HighAmountTransfer
tx-737-C1907033447-C1163998762,ZeroedOriginBalance
tx-737-C1631161002-C2099952089,FraudTransaction
tx-737-C1631161002-C2099952089,ZeroedOriginBalance
tx-737-C696026207-C1386785907,FraudTransaction
tx-737-C696026207-C1386785907,ZeroedOriginBalance
tx-737-C2044735759-C2118381511,FraudTransaction
tx-737-C2044735759-C2118381511,HighAmountTransfer
tx-737-C2044735759-C2118381511,ZeroedOriginBalance
tx-737-C1346995049-C1049862186,FraudTransaction
tx-737-C1346995049-C1049862186,HighAmountTransfer
tx-737-C1346995049-C1049862186,ZeroedOriginBalance
tx-738-C1417837233-C2097692432,FraudTransaction
tx-738-C1417837233-C2097692432,ZeroedOriginBalance
tx-738-C466016751-C1533222283,FraudTransaction
tx-738-C466016751-C1533222283,ZeroedOriginBalance
tx-738-C776297547-C1422239092,FraudTransaction
tx-738-C776297547-C1422239092,ZeroedOriginBalance
tx-738-C384242072-C175252004,FraudTransaction
tx-738-C384242072-C175252004,ZeroedOriginBalance
tx-738-C1375184391-C291162245,FraudTransaction
tx-738-C1375184391-C291162245,ZeroedOriginBalance
tx-738-C2085819511-C2000713595,FraudTransaction
tx-738-C2085819511-C2000713595,ZeroedOriginBalance
tx-738-C2029041842-C1023330867,FraudTransaction
tx-738-C2029041842-C1023330867,ZeroedOriginBalance
tx-738-C1446317541-C253690179,FraudTransaction
tx-738-C1446317541-C253690179,ZeroedOriginBalance
tx-738-C983453370-C1060799549,FraudTransaction
tx-738-C983453370-C1060799549,ZeroedOriginBalance
tx-738-C1586103602-C1196711051,FraudTransaction
tx-738-C1586103602-C1196711051,ZeroedOriginBalance
tx-739-C591532921-C1612941843,FraudTransaction
tx-739-C591532921-C1612941843,ZeroedOriginBalance
tx-739-C1566996689-C886844880,FraudTransaction
tx-739-C1566996689-C886844880,ZeroedOriginBalance
tx-739-C365237849-C332427023,FraudTransaction
tx-739-C365237849-C332427023,HighAmountTransfer
tx-739-C365237849-C332427023,ZeroedOriginBalance
tx-739-C459813446-C294714363,FraudTransaction
tx-739-C459813446-C294714363,HighAmountTransfer
tx-739-C459813446-C294714363,ZeroedOriginBalance
tx-739-C671228809-C1102996671,FraudTransaction
tx-739-C671228809-C1102996671,ZeroedOriginBalance
tx-739-C1179416232-C738050575,FraudTransaction
tx-739-C1179416232-C738050575,ZeroedOriginBalance
tx-739-C2072430566-C765215468,FraudTransaction
tx-739-C2072430566-C765215468,ZeroedOriginBalance
tx-739-C564539602-C1935865739,FraudTransaction
tx-739-C564539602-C1935865739,ZeroedOriginBalance
tx-739-C1696012302-C411128068,FraudTransaction
tx-739-C1696012302-C411128068,ZeroedOriginBalance
tx-739-C1558118886-C987019949,FraudTransaction
tx-739-C1558118886-C987019949,ZeroedOriginBalance
tx-740-C1183186026-C1620658775,FraudTransaction
tx-740-C1183186026-C1620658775,ZeroedOriginBalance
tx-740-C959562247-C1768725891,FraudTransaction
tx-740-C959562247-C1768725891,ZeroedOriginBalance
tx-740-C1681615431-C492082350,FraudTransaction
tx-740-C1681615431-C492082350,HighAmountTransfer
tx-740-C1681615431-C492082350,ZeroedOriginBalance
tx-740-C1078953751-C1920187579,FraudTransaction
tx-740-C1078953751-C1920187579,HighAmountTransfer
tx-740-C1078953751-C1920187579,ZeroedOriginBalance
tx-740-C507031767-C692082136,FraudTransaction
tx-740-C507031767-C692082136,HighAmountTransfer
tx-740-C507031767-C692082136,ZeroedOriginBalance
tx-740-C1724432558-C22170584,FraudTransaction
tx-740-C1724432558-C22170584,HighAmountTransfer
tx-740-C1724432558-C22170584,ZeroedOriginBalance
tx-741-C780743034-C491519946,FraudTransaction
tx-741-C780743034-C491519946,HighAmountTransfer
tx-741-C421958672-C2034016962,FraudTransaction
tx-741-C421958672-C2034016962,HighAmountTransfer
tx-741-C421958672-C2034016962,ZeroedOriginBalance
tx-741-C1111699947-C949015157,FraudTransaction
tx-741-C1111699947-C949015157,HighAmountTransfer
tx-741-C1647199421-C2077145577,FraudTransaction
tx-741-C1647199421-C2077145577,HighAmountTransfer
tx-741-C1647199421-C2077145577,ZeroedOriginBalance
tx-741-C88849251-C1939028448,FraudTransaction
tx-741-C88849251-C1939028448,HighAmountTransfer
tx-741-C677394894-C1866259073,FraudTransaction
tx-741-C677394894-C1866259073,HighAmountTransfer
tx-741-C677394894-C1866259073,ZeroedOriginBalance
tx-741-C1945606464-C625944676,FraudTransaction
tx-741-C1945606464-C625944676,HighAmountTransfer
tx-741-C1668034607-C1250722530,FraudTransaction
tx-741-C1668034607-C1250722530,HighAmountTransfer
tx-741-C1668034607-C1250722530,ZeroedOriginBalance
tx-741-C992223106-C1366804249,FraudTransaction
tx-741-C992223106-C1366804249,HighAmountTransfer
tx-741-C312737633-C1400061387,FraudTransaction
tx-741-C1565612524-C435734396,FraudTransaction
tx-741-C1565612524-C435734396,ZeroedOriginBalance
tx-741-C1597957921-C734451013,FraudTransaction
tx-741-C1597957921-C734451013,ZeroedOriginBalance
tx-741-C1157446475-C1367473638,FraudTransaction
tx-741-C1157446475-C1367473638,ZeroedOriginBalance
tx-741-C1235786818-C1738374799,FraudTransaction
tx-741-C1235786818-C1738374799,ZeroedOriginBalance
tx-741-C509686434-C1310143791,FraudTransaction
tx-741-C509686434-C1310143791,ZeroedOriginBalance
tx-741-C919525792-C993635374,FraudTransaction
tx-741-C919525792-C993635374,ZeroedOriginBalance
tx-741-C457476945-C1688658215,FraudTransaction
tx-741-C457476945-C1688658215,ZeroedOriginBalance
tx-741-C369315575-C2069429837,FraudTransaction
tx-741-C369315575-C2069429837,ZeroedOriginBalance
tx-741-C31496887-C1251365829,FraudTransaction
tx-741-C31496887-C1251365829,ZeroedOriginBalance
tx-741-C1092829426-C716019997,FraudTransaction
tx-741-C1092829426-C716019997,ZeroedOriginBalance
tx-741-C1112979339-C2114078084,FraudTransaction
tx-741-C1112979339-C2114078084,ZeroedOriginBalance
tx-741-C1706094385-C2109905271,FraudTransaction
tx-741-C1706094385-C2109905271,ZeroedOriginBalance
tx-742-C1044665079-C750074708,FraudTransaction
tx-742-C1044665079-C750074708,HighAmountTransfer
tx-742-C1044665079-C750074708,ZeroedOriginBalance
tx-742-C1970706589-C637394241,FraudTransaction
tx-742-C1970706589-C637394241,HighAmountTransfer
tx-742-C1970706589-C637394241,ZeroedOriginBalance
tx-742-C40604503-C1166857907,FraudTransaction
tx-742-C40604503-C1166857907,ZeroedOriginBalance
tx-742-C1614818636-C362803701,FraudTransaction
tx-742-C1614818636-C362803701,ZeroedOriginBalance
tx-742-C2089752665-C112833674,FraudTransaction
tx-742-C2089752665-C112833674,HighAmountTransfer
tx-742-C2089752665-C112833674,ZeroedOriginBalance
tx-742-C1039979813-C2078394828,FraudTransaction
tx-742-C1039979813-C2078394828,HighAmountTransfer
tx-742-C1039979813-C2078394828,ZeroedOriginBalance
tx-742-C1674778854-C1930074465,FraudTransaction
tx-742-C1674778854-C1930074465,ZeroedOriginBalance
tx-742-C43545501-C830041824,FraudTransaction
tx-742-C43545501-C830041824,ZeroedOriginBalance
tx-742-C959102961-C114421319,FraudTransaction
tx-742-C959102961-C114421319,ZeroedOriginBalance
tx-742-C1148860488-C846260566,FraudTransaction
tx-742-C1148860488-C846260566,ZeroedOriginBalance
tx-742-C1226129332-C1744173808,FraudTransaction
tx-742-C1226129332-C1744173808,ZeroedOriginBalance
tx-742-C1113162093-C797688696,FraudTransaction
tx-742-C1113162093-C797688696,ZeroedOriginBalance
tx-742-C778071008-C1812552860,FraudTransaction
tx-742-C778071008-C1812552860,ZeroedOriginBalance
tx-742-C994950684-C1662241365,FraudTransaction
tx-742-C994950684-C1662241365,ZeroedOriginBalance
tx-743-C1531301470-C1470998563,FraudTransaction
tx-743-C1531301470-C1470998563,HighAmountTransfer
tx-743-C1531301470-C1470998563,ZeroedOriginBalance
tx-743-C1436118706-C1240760502,FraudTransaction
tx-743-C1436118706-C1240760502,HighAmountTransfer
tx-743-C1436118706-C1240760502,ZeroedOriginBalance
tx-743-C2013999242-C1850423904,FraudTransaction
tx-743-C2013999242-C1850423904,ZeroedOriginBalance
tx-743-C786484425-C776919290,FraudTransaction
tx-743-C786484425-C776919290,ZeroedOriginBalance
tx-743-C1529008245-C1881841831,FraudTransaction
tx-743-C1529008245-C1881841831,HighAmountTransfer
tx-743-C1529008245-C1881841831,ZeroedOriginBalance
tx-743-C1162922333-C1365125890,FraudTransaction
tx-743-C1162922333-C1365125890,HighAmountTransfer
tx-743-C1162922333-C1365125890,ZeroedOriginBalance
tx-743-C1685995037-C2080388513,FraudTransaction
tx-743-C1685995037-C2080388513,ZeroedOriginBalance
tx-743-C1280323807-C873221189,FraudTransaction
tx-743-C1280323807-C873221189,ZeroedOriginBalance
